date,destination_warehouse,grn_created_by,items_putaway
2026-09-26,ben_017_wh_hl_01,ca.4013413,23
2026-09-26,ben_043_wh_hl_01,madhankumarm.vc,37
2026-09-26,ben_060_wh_hl_01,ca.4109025,15
2026-09-26,ben_102_wh_hl_01,ca.4239921,9
2026-09-26,ben_216_wh_hl_01,ca.4250235,19
2026-09-26,ben_247_wh_hl_01,ca.4186573,3
2026-09-26,che_104_wh_hl_01,ca.3964612,4
2026-09-26,che_107_wh_hl_01,ca.4380552,6
2026-09-26,che_110_wh_hl_01,ca.3878424,3
2026-09-26,che_111_wh_hl_01,ca.3982366,4
2026-09-26,che_114_wh_hl_01,ca.4341271,3
2026-09-26,che_118_wh_hl_01,ca.3948908,7
2026-09-26,che_120_wh_hl_01,ca.4235559,5
2026-09-26,che_121_wh_hl_01,ca.4065244,8
2026-09-26,che_124_wh_hl_01,ca.4268047,6
2026-09-26,che_126_wh_hl_01,ca.4244481,8
2026-09-26,che_130_wh_hl_01,ca.4250365,4
2026-09-26,che_136_wh_hl_01,ca.4023271,3
2026-09-26,che_137_wh_hl_01,ca.4380116,4
2026-09-26,che_139_wh_hl_01,ca.4223929,1
2026-09-26,che_140_wh_hl_01,ca.3975924,5
2026-09-26,che_141_wh_hl_01,lma.100001555358,3
2026-09-26,che_142_wh_hl_01,ca.3891287,5
2026-09-26,che_145_wh_hl_01,ca.4223984,8
2026-09-26,che_146_wh_hl_01,ca.4218550,4
2026-09-26,che_150_wh_hl_01,ca.4294640,8
2026-09-26,che_158_wh_hl_01,ca.4110013,3
2026-09-26,che_159_wh_hl_01,ca.4178065,7
2026-09-26,che_160_wh_hl_01,ca.4265537,2
2026-09-26,che_160_wh_hl_01,ca.4271736,4
2026-09-26,che_162_wh_hl_01,ca.4187243,4
2026-09-26,che_167_wh_hl_01,ca.4146714,3
2026-09-26,che_168_wh_hl_01,ca.4368261,5
2026-09-26,che_171_wh_hl_01,ca.4200308,3
2026-09-26,che_172_wh_hl_01,ca.4236156,1
2026-09-26,che_175_wh_hl_01,ca.4080504,4
2026-09-26,che_181_wh_hl_01,ca.4140489,3
2026-09-26,che_183_wh_hl_01,ca.4235172,3
2026-09-26,che_185_wh_hl_01,ca.4224236,3
2026-09-26,che_186_wh_hl_01,ca.4225821,2
2026-09-26,che_189_wh_hl_01,ca.4232117,4
2026-09-26,che_190_wh_hl_01,ca.4187223,3
2026-09-26,che_195_wh_hl_01,ca.4344549,2
2026-09-26,coi_112_wh_hl_01,ca.4206121,8
2026-09-26,del_101_wh_hl_01,ca.3751655,2
2026-09-26,del_121_wh_hl_01,ca.4282943,1
2026-09-26,del_121_wh_hl_01,nijamudinn1.vc,41
2026-09-26,del_126_wh_hl_01,ca.3901028,5
2026-09-26,del_14_wh_hl_01,ca.3454000,44
2026-09-26,del_166_wh_hl_01,ca.3922860,2
2026-09-26,del_181_wh_hl_01,ca.4057430,2
2026-09-26,del_183_wh_hl_01,ca.4256143,1
2026-09-26,del_197_wh_hl_01,ca.4046238,1
2026-09-26,del_202_wh_hl_01,ca.4238782,1
2026-09-26,del_213_wh_hl_01,ca.4046849,1
2026-09-26,dnc_101_wh_hl_01,ca.4212833,1
2026-09-26,dnc_102_wh_hl_01,surajs20.vc,1
2026-09-26,far_101_wh_hl_01,ca.4232494,1
2026-09-26,gur_111_wh_hl_01,lma.100001592578,1
2026-09-26,gur_135_wh_hl_01,ca.4305827,1
2026-09-26,gur_901_wh_hl_01,ca.3833022,1
2026-09-26,hyd_103_wh_hl_01,ca.4225952,2
2026-09-26,hyd_115_wh_hl_01,ca.3877476,7
2026-09-26,hyd_156_wh_hl_01,ca.4380515,2
2026-09-26,hyd_160_wh_hl_02,ca.4274962,2
2026-09-26,hyd_161_wh_hl_01,ca.3939317,3
2026-09-26,hyd_170_wh_hl_01,mateenalikhan.vc,1
2026-09-26,hyd_179_wh_hl_01,ca.4246801,2
2026-09-26,hyd_181_wh_hl_01,ca.4221845,2
2026-09-26,hyd_192_wh_hl_01,ca.4255379,2
2026-09-26,jai_127_wh_hl_01,ca.4369478,13
2026-09-26,kol_112_wh_hl_01,ca.4192149,3
2026-09-26,kol_114_wh_hl_01,ca.4209853,60
2026-09-26,kol_197_wh_hl_01,ca.4221084,1
2026-09-26,luc_104_wh_hl_01,ca.3446454,4
2026-09-26,luc_105_wh_hl_01,ca.4108442,3
2026-09-26,luc_111_wh_hl_01,ca.4232623,3
2026-09-26,luc_115_wh_hl_01,ca.4036784,4
2026-09-26,luc_116_wh_hl_01,ca.4168532,43
2026-09-26,luc_116_wh_hl_01,ca.4284446,18
2026-09-26,luc_119_wh_hl_01,ca.4278098,3
2026-09-26,luc_120_wh_hl_01,ca.4095151,3
2026-09-26,luc_121_wh_hl_01,ca.3579929,3
2026-09-26,luc_122_wh_hl_01,ca.3974143,4
2026-09-26,luc_125_wh_hl_01,ca.4188087,10
2026-09-26,luc_125_wh_hl_01,ca.4272243,1
2026-09-26,luc_129_wh_hl_01,ca.4264276,1
2026-09-26,luc_130_wh_hl_01,ca.4261597,1
2026-09-26,luc_130_wh_hl_01,ca.4269182,1
2026-09-26,luc_130_wh_hl_01,ca.4282301,14
2026-09-26,luc_133_wh_hl_01,ca.4045067,1
2026-09-26,luc_134_wh_hl_01,ca.3579881,1
2026-09-26,luc_909_wh_hl_01,ca.3408515,1
2026-09-26,mum_005_wh_hl_01,shahrukhishtik.vc,6
2026-09-26,mum_101_wh_hl_01,ca.4273338,14
2026-09-26,mum_102_wh_hl_01,ca.4131878,10
2026-09-26,mum_110_wh_hl_01,ca.4048873,18
2026-09-26,mum_134_wh_hl_01,ca.4229004,7
2026-09-26,mum_161_wh_hl_01,ca.4282444,12
2026-09-26,mum_198_wh_hl_01,ca.4321045,9
2026-09-26,pat_102_wh_hl_01,ca.3632440,18
2026-09-26,pat_102_wh_hl_01,ca.3872460,26
2026-09-26,pat_114_wh_hl_01,ca.3823971,7
2026-09-26,pat_114_wh_hl_01,ca.3829070,80
2026-09-26,pat_116_wh_hl_01,ca.3796127,67
2026-09-26,pat_116_wh_hl_01,ca.4204800,8
2026-09-26,pat_116_wh_hl_01,ca.4233306,38
2026-09-26,pat_116_wh_hl_01,ca.4325347,18
2026-09-26,pat_118_wh_hl_01,ca.4151699,29
2026-09-26,pat_118_wh_hl_01,ca.4212944,8
2026-09-26,pat_118_wh_hl_01,ca.4247750,43
2026-09-26,pat_118_wh_hl_01,kumargaurav4.vc,2
2026-09-26,pat_123_wh_hl_01,ca.4030502,2
2026-09-26,pat_123_wh_hl_01,ca.4150830,3
2026-09-26,pun_101_wh_hl_01,ca.3371399,2
2026-09-26,pun_101_wh_hl_01,ca.4138883,4
2026-09-26,pun_102_wh_hl_01,ca.4066576,22
2026-09-26,pun_102_wh_hl_01,ca.4262761,9
2026-09-26,pun_103_wh_hl_01,ca.3554149,8
2026-09-26,pun_103_wh_hl_01,ca.3703368,33
2026-09-26,pun_104_wh_hl_01,ca.4273094,26
2026-09-26,pun_107_wh_hl_01,ca.4012947,28
2026-09-26,pun_128_wh_hl_01,ca.4190196,17
2026-09-26,pun_139_wh_hl_01,ca.4228299,17
2026-09-26,pun_140_wh_hl_01,lma.100001489455,17
2026-09-26,pun_141_wh_hl_01,ca.4253444,13
2026-09-26,pun_144_wh_hl_01,lma.100001601401,8
2026-09-26,pun_145_wh_hl_01,ca.4016512,26
2026-09-26,pun_156_wh_hl_01,ca.3901986,32
2026-09-26,pun_156_wh_hl_01,ca.4035556,19
2026-09-26,pun_159_wh_hl_01,lma.100001533448,11
2026-09-26,rbi_106_wh_hl_01,ca.4197438,2
2026-09-26,rbi_106_wh_hl_01,ca.4266534,73
2026-09-26,rbi_107_wh_hl_01,ca.4257823,3
2026-09-26,rbi_139_wh_hl_01,ca.4211342,60
2026-09-26,rbi_139_wh_hl_01,ca.4237507,43
2026-09-26,rta_104_wh_hl_01,ca.3902437,20
2026-09-26,rup_104_wh_hl_01,ca.4095416,1
2026-09-26,rup_116_wh_hl_01,ca.4297147,1
2026-09-26,var_105_wh_hl_01,ca.4262119,78
2026-09-27,ahm_103_wh_hl_01,ca.3556943,741
2026-09-27,ahm_103_wh_hl_01,ca.3570992,42
2026-09-27,ahm_103_wh_hl_01,ca.3595767,12
2026-09-27,ahm_103_wh_hl_01,ca.3859106,336
2026-09-27,ahm_103_wh_hl_01,ca.3912215,819
2026-09-27,ahm_103_wh_hl_01,ca.3926688,306
2026-09-27,ahm_103_wh_hl_01,ca.3938407,73
2026-09-27,ahm_103_wh_hl_01,ca.4038308,92
2026-09-27,ahm_103_wh_hl_01,prajaptiv.vc,94
2026-09-27,ahm_109_wh_hl_01,ca.4077433,5
2026-09-27,ahm_109_wh_hl_01,ca.4263110,159
2026-09-27,ahm_109_wh_hl_01,ca.4286512,83
2026-09-27,ahm_109_wh_hl_01,ca.4304015,55
2026-09-27,ahm_109_wh_hl_01,ca.4304017,156
2026-09-27,ahm_109_wh_hl_01,ca.4304021,88
2026-09-27,ahm_109_wh_hl_01,ca.4312197,181
2026-09-27,ahm_111_wh_hl_01,ca.3895795,519
2026-09-27,ahm_111_wh_hl_01,ca.3984148,176
2026-09-27,ahm_111_wh_hl_01,ca.4010313,302
2026-09-27,ahm_111_wh_hl_01,ca.4221397,30
2026-09-27,ahm_111_wh_hl_01,khatri.k,973
2026-09-27,ahm_111_wh_hl_01,shaikhmushirum.vc,248
2026-09-27,ahm_112_wh_hl_01,ca.3554297,9
2026-09-27,ahm_112_wh_hl_01,ca.3900750,284
2026-09-27,ahm_112_wh_hl_01,ca.4208686,397
2026-09-27,ahm_112_wh_hl_01,ca.4228698,109
2026-09-27,ahm_112_wh_hl_01,ca.4230655,89
2026-09-27,ahm_112_wh_hl_01,ca.4233319,27
2026-09-27,ahm_112_wh_hl_01,ca.4245985,67
2026-09-27,ahm_112_wh_hl_01,ca.4272882,111
2026-09-27,ahm_112_wh_hl_01,ca.4296176,470
2026-09-27,ahm_112_wh_hl_01,ca.4296905,60
2026-09-27,ahm_112_wh_hl_01,ca.4380287,187
2026-09-27,ahm_112_wh_hl_01,desaijayeshkut.vc,4
2026-09-27,ahm_113_wh_hl_01,ca.4292591,80
2026-09-27,ahm_114_wh_hl_01,ca.3734707,4
2026-09-27,ahm_114_wh_hl_01,ca.3977401,429
2026-09-27,ahm_114_wh_hl_01,ca.4035714,146
2026-09-27,ahm_114_wh_hl_01,ca.4159717,566
2026-09-27,ahm_114_wh_hl_01,ca.4160433,113
2026-09-27,ahm_114_wh_hl_01,ca.4285930,59
2026-09-27,ahm_114_wh_hl_01,ca.4383380,2
2026-09-27,ahm_114_wh_hl_01,ca.4387270,49
2026-09-27,ahm_116_wh_hl_01,bharwadujjval.vc,54
2026-09-27,ahm_116_wh_hl_01,ca.4176907,71
2026-09-27,ahm_119_wh_hl_01,ca.4079417,18
2026-09-27,ahm_120_wh_hl_01,ca.3530030,460
2026-09-27,ahm_120_wh_hl_01,ca.3537482,824
2026-09-27,ahm_120_wh_hl_01,ca.3563473,556
2026-09-27,ahm_120_wh_hl_01,ca.3745776,333
2026-09-27,ahm_120_wh_hl_01,ca.4077345,280
2026-09-27,ahm_120_wh_hl_01,ca.4299700,1
2026-09-27,ahm_120_wh_hl_01,ca.4299702,235
2026-09-27,ahm_120_wh_hl_01,ca.4328859,3
2026-09-27,ahm_120_wh_hl_01,desainirajkumm.vc,26
2026-09-27,ahm_122_wh_hl_01,ca.3959568,23
2026-09-27,ahm_122_wh_hl_01,ca.4260527,57
2026-09-27,ahm_124_wh_hl_01,ca.3536508,65
2026-09-27,ahm_124_wh_hl_01,ca.3542984,96
2026-09-27,ahm_124_wh_hl_01,ca.3550721,8
2026-09-27,ahm_124_wh_hl_01,ca.3989428,310
2026-09-27,ahm_124_wh_hl_01,ca.4004885,696
2026-09-27,ahm_124_wh_hl_01,ca.4139752,115
2026-09-27,ahm_124_wh_hl_01,ca.4248503,538
2026-09-27,ahm_124_wh_hl_01,ca.4380956,119
2026-09-27,ahm_124_wh_hl_01,ca.4381718,147
2026-09-27,ahm_124_wh_hl_01,ca.4382587,22
2026-09-27,ahm_124_wh_hl_01,ca.4382596,70
2026-09-27,ahm_127_wh_hl_01,ca.4120900,91
2026-09-27,ahm_127_wh_hl_01,ca.4192488,48
2026-09-27,ahm_127_wh_hl_01,ca.4207837,24
2026-09-27,ahm_127_wh_hl_01,ca.4229267,5
2026-09-27,ahm_127_wh_hl_01,ca.4240342,35
2026-09-27,ahm_127_wh_hl_01,ca.4265441,52
2026-09-27,ahm_129_wh_hl_01,ca.4102168,218
2026-09-27,ahm_129_wh_hl_01,ca.4115358,64
2026-09-27,ahm_129_wh_hl_01,ca.4154156,59
2026-09-27,ahm_129_wh_hl_01,ca.4272361,131
2026-09-27,ahm_129_wh_hl_01,malip.vc,3
2026-09-27,ahm_129_wh_hl_01,purohitv.vc,191
2026-09-27,ahm_129_wh_hl_01,swarnadeep.ghosh2,233
2026-09-27,ahm_130_wh_hl_01,ca.3864971,75
2026-09-27,ahm_130_wh_hl_01,ca.3877414,11
2026-09-27,ahm_130_wh_hl_01,ca.4124502,134
2026-09-27,ahm_130_wh_hl_01,ca.4141330,275
2026-09-27,ahm_130_wh_hl_01,ca.4252228,45
2026-09-27,ahm_130_wh_hl_01,ca.4257850,111
2026-09-27,ahm_130_wh_hl_01,ca.4311218,70
2026-09-27,ahm_133_wh_hl_01,ca.4000620,79
2026-09-27,ahm_133_wh_hl_01,ca.4055367,78
2026-09-27,ahm_134_wh_hl_01,agrawalchhayaj.vc,6
2026-09-27,ahm_134_wh_hl_01,ca.4144943,34
2026-09-27,ahm_134_wh_hl_01,ca.4151561,112
2026-09-27,ahm_134_wh_hl_01,ca.4152508,52
2026-09-27,ahm_134_wh_hl_01,ca.4153158,171
2026-09-27,ahm_134_wh_hl_01,ca.4175571,125
2026-09-27,ahm_135_wh_hl_01,ca.3997312,107
2026-09-27,ahm_135_wh_hl_01,ca.4015978,9
2026-09-27,ahm_135_wh_hl_01,ca.4033437,19
2026-09-27,ahm_135_wh_hl_01,ca.4042700,16
2026-09-27,ahm_135_wh_hl_01,ca.4137258,9
2026-09-27,ahm_135_wh_hl_01,ca.4271348,169
2026-09-27,ahm_136_wh_hl_01,ca.4277919,40
2026-09-27,ahm_139_wh_hl_01,ca.4273691,62
2026-09-27,ahm_141_wh_hl_01,ca.4076113,2
2026-09-27,ahm_142_wh_hl_01,ca.4017949,125
2026-09-27,ahm_142_wh_hl_01,ca.4018805,174
2026-09-27,ahm_142_wh_hl_01,ca.4020176,321
2026-09-27,ahm_142_wh_hl_01,ca.4021890,183
2026-09-27,ahm_142_wh_hl_01,ca.4022421,224
2026-09-27,ahm_142_wh_hl_01,ca.4041088,225
2026-09-27,ahm_142_wh_hl_01,ca.4057015,474
2026-09-27,ahm_142_wh_hl_01,ca.4073696,52
2026-09-27,ahm_142_wh_hl_01,ca.4180831,16
2026-09-27,ahm_142_wh_hl_01,ca.4314930,455
2026-09-27,ahm_142_wh_hl_01,thakkarom.vc,41
2026-09-27,ahm_917_wh_hl_01,ca.3852803,247
2026-09-27,ahm_917_wh_hl_01,ca.4022449,524
2026-09-27,ahm_917_wh_hl_01,ca.4174577,388
2026-09-27,ahm_917_wh_hl_01,ca.4221360,323
2026-09-27,ahm_917_wh_hl_01,desaihirenkumd.vc,11
2026-09-27,ben_007_wh_hl_01,ca.3840773,139
2026-09-27,ben_007_wh_hl_01,ca.4225212,27
2026-09-27,ben_007_wh_hl_01,ca.4229362,36
2026-09-27,ben_007_wh_hl_01,ca.4297432,198
2026-09-27,ben_007_wh_hl_01,ca.4360934,169
2026-09-27,ben_007_wh_hl_01,kattamanchik.vc,150
2026-09-27,ben_016_wh_hl_01,ca.3417448,164
2026-09-27,ben_016_wh_hl_01,ca.3844858,548
2026-09-27,ben_016_wh_hl_01,ca.3938459,263
2026-09-27,ben_016_wh_hl_01,ca.3958193,1267
2026-09-27,ben_016_wh_hl_01,ca.3961825,266
2026-09-27,ben_016_wh_hl_01,ca.3997658,528
2026-09-27,ben_016_wh_hl_01,ca.4092090,335
2026-09-27,ben_016_wh_hl_01,ca.4096122,353
2026-09-27,ben_016_wh_hl_01,ca.4130543,82
2026-09-27,ben_016_wh_hl_01,ca.4237086,650
2026-09-27,ben_016_wh_hl_01,ca.4373157,224
2026-09-27,ben_016_wh_hl_01,ca.4392279,422
2026-09-27,ben_016_wh_hl_01,srinivasbv.vc,3
2026-09-27,ben_017_wh_hl_01,ca.3982905,146
2026-09-27,ben_017_wh_hl_01,ca.4013413,204
2026-09-27,ben_017_wh_hl_01,ca.4263096,42
2026-09-27,ben_017_wh_hl_01,ca.4263785,378
2026-09-27,ben_017_wh_hl_01,ca.4267745,37
2026-09-27,ben_017_wh_hl_01,ca.4293845,118
2026-09-27,ben_018_wh_hl_01,ca.3565963,48
2026-09-27,ben_018_wh_hl_01,ca.3963570,100
2026-09-27,ben_018_wh_hl_01,ca.4034996,8
2026-09-27,ben_018_wh_hl_01,ca.4044012,81
2026-09-27,ben_018_wh_hl_01,ca.4053243,12
2026-09-27,ben_018_wh_hl_01,ca.4275630,6
2026-09-27,ben_024_wh_hl_01,ca.3626219,27
2026-09-27,ben_024_wh_hl_01,ca.3894124,10
2026-09-27,ben_024_wh_hl_01,ca.4053228,33
2026-09-27,ben_024_wh_hl_01,ca.4064785,14
2026-09-27,ben_024_wh_hl_01,ca.4204122,90
2026-09-27,ben_024_wh_hl_01,ca.4216203,5
2026-09-27,ben_024_wh_hl_01,ca.4235055,28
2026-09-27,ben_024_wh_hl_01,ca.4279541,100
2026-09-27,ben_026_wh_hl_01,anilkumars1.vc,4
2026-09-27,ben_026_wh_hl_01,ca.3459900,8
2026-09-27,ben_026_wh_hl_01,ca.3462377,25
2026-09-27,ben_026_wh_hl_01,ca.3483525,176
2026-09-27,ben_026_wh_hl_01,ca.3747012,150
2026-09-27,ben_026_wh_hl_01,ca.3843336,135
2026-09-27,ben_026_wh_hl_01,ca.4035490,218
2026-09-27,ben_026_wh_hl_01,ca.4048119,300
2026-09-27,ben_026_wh_hl_01,ca.4048123,108
2026-09-27,ben_026_wh_hl_01,ca.4231017,105
2026-09-27,ben_026_wh_hl_01,ca.4232860,359
2026-09-27,ben_026_wh_hl_01,ca.4245859,11
2026-09-27,ben_026_wh_hl_01,ca.4271352,285
2026-09-27,ben_026_wh_hl_01,ca.4273325,44
2026-09-27,ben_026_wh_hl_01,ca.4298718,109
2026-09-27,ben_026_wh_hl_01,ca.4340105,20
2026-09-27,ben_026_wh_hl_01,ca.4340618,282
2026-09-27,ben_026_wh_hl_01,ca.4345403,276
2026-09-27,ben_027_wh_hl_01,ca.3461822,6
2026-09-27,ben_027_wh_hl_01,ca.4339213,6
2026-09-27,ben_029_wh_hl_01,ca.3548989,359
2026-09-27,ben_029_wh_hl_01,ca.3856555,646
2026-09-27,ben_029_wh_hl_01,ca.3906622,317
2026-09-27,ben_029_wh_hl_01,ca.4045542,449
2026-09-27,ben_029_wh_hl_01,ca.4111954,66
2026-09-27,ben_029_wh_hl_01,ca.4134712,12
2026-09-27,ben_029_wh_hl_01,ca.4188720,323
2026-09-27,ben_029_wh_hl_01,ca.4188724,24
2026-09-27,ben_029_wh_hl_01,ca.4190416,447
2026-09-27,ben_029_wh_hl_01,ca.4229511,42
2026-09-27,ben_029_wh_hl_01,ca.4232632,120
2026-09-27,ben_029_wh_hl_01,ca.4233242,89
2026-09-27,ben_029_wh_hl_01,ca.4236962,413
2026-09-27,ben_029_wh_hl_01,ca.4264296,29
2026-09-27,ben_029_wh_hl_01,ca.4265358,449
2026-09-27,ben_029_wh_hl_01,ca.4285553,134
2026-09-27,ben_029_wh_hl_01,ca.4286062,196
2026-09-27,ben_029_wh_hl_01,ca.4292165,117
2026-09-27,ben_029_wh_hl_01,ca.4292404,53
2026-09-27,ben_029_wh_hl_01,ca.4292408,327
2026-09-27,ben_029_wh_hl_01,ca.4294686,64
2026-09-27,ben_029_wh_hl_01,rakshithad.vc,4
2026-09-27,ben_031_wh_hl_01,ca.3404697,203
2026-09-27,ben_031_wh_hl_01,ca.3602220,4
2026-09-27,ben_031_wh_hl_01,ca.3626385,567
2026-09-27,ben_031_wh_hl_01,ca.3890447,1187
2026-09-27,ben_031_wh_hl_01,ca.3908782,52
2026-09-27,ben_031_wh_hl_01,ca.4018436,154
2026-09-27,ben_031_wh_hl_01,ca.4164887,20
2026-09-27,ben_031_wh_hl_01,ca.4261714,200
2026-09-27,ben_031_wh_hl_01,ca.4262790,202
2026-09-27,ben_031_wh_hl_01,nikileshk.vc,5
2026-09-27,ben_031_wh_hl_01,sushruth.t,5
2026-09-27,ben_034_wh_hl_01,ca.3901818,18
2026-09-27,ben_034_wh_hl_01,ca.3908848,26
2026-09-27,ben_034_wh_hl_01,ca.4040675,82
2026-09-27,ben_034_wh_hl_01,ca.4276873,1458
2026-09-27,ben_034_wh_hl_01,ca.4276876,572
2026-09-27,ben_034_wh_hl_01,sandeepkumar60.vc,5
2026-09-27,ben_036_wh_hl_01,ca.4233886,1
2026-09-27,ben_039_wh_hl_01,ca.3879797,150
2026-09-27,ben_039_wh_hl_01,ca.4005351,111
2026-09-27,ben_039_wh_hl_01,ca.4014140,155
2026-09-27,ben_039_wh_hl_01,ca.4020363,177
2026-09-27,ben_039_wh_hl_01,ca.4035520,31
2026-09-27,ben_039_wh_hl_01,ca.4037500,895
2026-09-27,ben_039_wh_hl_01,ca.4106193,21
2026-09-27,ben_039_wh_hl_01,ca.4138742,1291
2026-09-27,ben_039_wh_hl_01,ca.4180265,9
2026-09-27,ben_039_wh_hl_01,ca.4196621,2
2026-09-27,ben_039_wh_hl_01,ca.4250832,1163
2026-09-27,ben_039_wh_hl_01,sathishs5.vc,165
2026-09-27,ben_040_wh_hl_01,ca.3848809,75
2026-09-27,ben_040_wh_hl_01,ca.3885446,244
2026-09-27,ben_040_wh_hl_01,ca.4134440,525
2026-09-27,ben_040_wh_hl_01,ca.4134952,288
2026-09-27,ben_040_wh_hl_01,ca.4208204,78
2026-09-27,ben_040_wh_hl_01,ca.4208674,333
2026-09-27,ben_040_wh_hl_01,ca.4291058,681
2026-09-27,ben_040_wh_hl_01,ca.4317185,328
2026-09-27,ben_040_wh_hl_01,ca.4341162,503
2026-09-27,ben_040_wh_hl_01,ca.4355207,185
2026-09-27,ben_040_wh_hl_01,ca.4359165,226
2026-09-27,ben_042_wh_hl_01,ca.3907712,42
2026-09-27,ben_042_wh_hl_01,ca.4013531,44
2026-09-27,ben_042_wh_hl_01,ca.4381150,1046
2026-09-27,ben_042_wh_hl_01,ca.4386661,11
2026-09-27,ben_042_wh_hl_01,syedsalman1.vc,37
2026-09-27,ben_043_wh_hl_01,ca.3642140,53
2026-09-27,ben_043_wh_hl_01,ca.3659561,59
2026-09-27,ben_043_wh_hl_01,ca.4027170,1045
2026-09-27,ben_043_wh_hl_01,ca.4031257,259
2026-09-27,ben_043_wh_hl_01,ca.4090382,848
2026-09-27,ben_043_wh_hl_01,ca.4145192,7
2026-09-27,ben_043_wh_hl_01,ca.4227497,85
2026-09-27,ben_043_wh_hl_01,ca.4230845,77
2026-09-27,ben_043_wh_hl_01,ca.4248964,35
2026-09-27,ben_043_wh_hl_01,ca.4249973,115
2026-09-27,ben_043_wh_hl_01,ca.4285115,85
2026-09-27,ben_043_wh_hl_01,ca.4304941,98
2026-09-27,ben_043_wh_hl_01,ca.4304948,87
2026-09-27,ben_043_wh_hl_01,madhankumarm.vc,281
2026-09-27,ben_043_wh_hl_01,santimireddin.vc,39
2026-09-27,ben_043_wh_hl_01,vijayakumar.p1,287
2026-09-27,ben_050_wh_hl_01,ca.3996501,15
2026-09-27,ben_050_wh_hl_01,ca.4007146,19
2026-09-27,ben_050_wh_hl_01,ca.4258790,44
2026-09-27,ben_050_wh_hl_01,ca.4271370,74
2026-09-27,ben_050_wh_hl_01,ca.4271372,26
2026-09-27,ben_050_wh_hl_01,ca.4371512,21
2026-09-27,ben_050_wh_hl_01,ca.4385065,135
2026-09-27,ben_050_wh_hl_01,ca.4385081,80
2026-09-27,ben_054_wh_hl_01,ca.3633237,65
2026-09-27,ben_054_wh_hl_01,ca.4076370,80
2026-09-27,ben_054_wh_hl_01,ca.4221189,140
2026-09-27,ben_054_wh_hl_01,ca.4236028,66
2026-09-27,ben_055_wh_hl_01,ca.3406590,162
2026-09-27,ben_055_wh_hl_01,ca.3546418,12
2026-09-27,ben_055_wh_hl_01,ca.3681178,22
2026-09-27,ben_055_wh_hl_01,ca.4301747,2
2026-09-27,ben_056_wh_hl_01,ca.3428950,141
2026-09-27,ben_056_wh_hl_01,ca.3544769,216
2026-09-27,ben_056_wh_hl_01,ca.3683950,120
2026-09-27,ben_056_wh_hl_01,ca.3900507,11
2026-09-27,ben_056_wh_hl_01,ca.4152040,22
2026-09-27,ben_056_wh_hl_01,ca.4236102,520
2026-09-27,ben_056_wh_hl_01,ca.4318201,177
2026-09-27,ben_056_wh_hl_01,ca.4362154,88
2026-09-27,ben_056_wh_hl_01,roopeshm.vc,36
2026-09-27,ben_057_wh_hl_01,ca.3591927,67
2026-09-27,ben_057_wh_hl_01,ca.3854600,32
2026-09-27,ben_057_wh_hl_01,ca.3920387,37
2026-09-27,ben_057_wh_hl_01,ca.4398897,12
2026-09-27,ben_058_wh_hl_01,balub.vc,122
2026-09-27,ben_058_wh_hl_01,ca.3531254,981
2026-09-27,ben_058_wh_hl_01,ca.3874428,206
2026-09-27,ben_058_wh_hl_01,ca.3890760,224
2026-09-27,ben_058_wh_hl_01,ca.3902887,1
2026-09-27,ben_058_wh_hl_01,ca.3934851,418
2026-09-27,ben_058_wh_hl_01,ca.3976907,561
2026-09-27,ben_058_wh_hl_01,ca.4046901,847
2026-09-27,ben_058_wh_hl_01,ca.4188955,43
2026-09-27,ben_058_wh_hl_01,ca.4189597,232
2026-09-27,ben_058_wh_hl_01,ca.4230904,106
2026-09-27,ben_058_wh_hl_01,ca.4261921,255
2026-09-27,ben_058_wh_hl_01,madesh.m,207
2026-09-27,ben_060_wh_hl_01,ca.3877875,34
2026-09-27,ben_060_wh_hl_01,ca.3951736,229
2026-09-27,ben_060_wh_hl_01,ca.4109025,146
2026-09-27,ben_060_wh_hl_01,ca.4167667,263
2026-09-27,ben_060_wh_hl_01,ca.4183945,311
2026-09-27,ben_060_wh_hl_01,ca.4279970,360
2026-09-27,ben_060_wh_hl_01,ca.4279977,556
2026-09-27,ben_060_wh_hl_01,ca.4283641,220
2026-09-27,ben_060_wh_hl_01,ca.4283770,213
2026-09-27,ben_060_wh_hl_01,gopinath.v2,1
2026-09-27,ben_061_wh_hl_01,altaf.a1,2
2026-09-27,ben_061_wh_hl_01,ca.3365501,209
2026-09-27,ben_061_wh_hl_01,ca.4041408,119
2026-09-27,ben_061_wh_hl_01,ca.4078561,6
2026-09-27,ben_061_wh_hl_01,ca.4113556,130
2026-09-27,ben_061_wh_hl_01,ca.4113565,587
2026-09-27,ben_061_wh_hl_01,ca.4119298,34
2026-09-27,ben_061_wh_hl_01,ca.4144811,5
2026-09-27,ben_061_wh_hl_01,ca.4145476,558
2026-09-27,ben_061_wh_hl_01,ca.4209271,793
2026-09-27,ben_061_wh_hl_01,ca.4255965,288
2026-09-27,ben_061_wh_hl_01,ca.4366150,391
2026-09-27,ben_061_wh_hl_01,suryakumarmn.vc,2
2026-09-27,ben_062_wh_hl_01,ca.3930863,342
2026-09-27,ben_062_wh_hl_01,ca.4190243,82
2026-09-27,ben_062_wh_hl_01,ca.4191531,2
2026-09-27,ben_062_wh_hl_01,ca.4357217,93
2026-09-27,ben_062_wh_hl_01,ca.4357224,206
2026-09-27,ben_063_wh_hl_01,ca.4242006,3
2026-09-27,ben_063_wh_hl_01,ca.4258838,136
2026-09-27,ben_063_wh_hl_01,ca.4260109,151
2026-09-27,ben_063_wh_hl_01,ca.4276844,115
2026-09-27,ben_063_wh_hl_01,ca.4379134,5
2026-09-27,ben_064_wh_hl_01,ca.3829661,30
2026-09-27,ben_102_wh_hl_01,ca.3483968,339
2026-09-27,ben_102_wh_hl_01,ca.4214203,68
2026-09-27,ben_102_wh_hl_01,ca.4235031,908
2026-09-27,ben_102_wh_hl_01,ramac.vc,2
2026-09-27,ben_103_wh_hl_01,akashg2.vc,190
2026-09-27,ben_103_wh_hl_01,ca.3831891,193
2026-09-27,ben_103_wh_hl_01,ca.3881179,202
2026-09-27,ben_103_wh_hl_01,ca.3892944,179
2026-09-27,ben_103_wh_hl_01,ca.3913255,162
2026-09-27,ben_103_wh_hl_01,ca.3920441,213
2026-09-27,ben_103_wh_hl_01,ca.3926840,409
2026-09-27,ben_103_wh_hl_01,ca.3959390,43
2026-09-27,ben_103_wh_hl_01,ca.4214951,68
2026-09-27,ben_103_wh_hl_01,ca.4232284,62
2026-09-27,ben_103_wh_hl_01,ca.4274549,416
2026-09-27,ben_103_wh_hl_01,ca.4290436,573
2026-09-27,ben_103_wh_hl_01,gururajcp.vc,425
2026-09-27,ben_104_wh_hl_01,ca.3718508,2
2026-09-27,ben_104_wh_hl_01,ca.3839355,11
2026-09-27,ben_104_wh_hl_01,ca.3914197,718
2026-09-27,ben_104_wh_hl_01,ca.4174929,58
2026-09-27,ben_104_wh_hl_01,ca.4179304,98
2026-09-27,ben_104_wh_hl_01,ca.4193645,23
2026-09-27,ben_104_wh_hl_01,ca.4214475,103
2026-09-27,ben_104_wh_hl_01,ca.4214480,117
2026-09-27,ben_104_wh_hl_01,ca.4227593,45
2026-09-27,ben_104_wh_hl_01,ca.4369914,381
2026-09-27,ben_104_wh_hl_01,deepakanchi.vc,35
2026-09-27,ben_108_wh_hl_01,ca.3471993,100
2026-09-27,ben_108_wh_hl_01,ca.3872130,187
2026-09-27,ben_108_wh_hl_01,ca.3899330,17
2026-09-27,ben_108_wh_hl_01,ca.4039200,183
2026-09-27,ben_108_wh_hl_01,ca.4173607,53
2026-09-27,ben_108_wh_hl_01,ca.4228441,54
2026-09-27,ben_108_wh_hl_01,ca.4237360,63
2026-09-27,ben_108_wh_hl_01,ca.4256374,59
2026-09-27,ben_108_wh_hl_01,ca.4256920,31
2026-09-27,ben_108_wh_hl_01,ca.4256922,416
2026-09-27,ben_109_wh_hl_01,ca.3915691,48
2026-09-27,ben_109_wh_hl_01,ca.4175615,129
2026-09-27,ben_109_wh_hl_01,ca.4175623,388
2026-09-27,ben_109_wh_hl_01,ca.4180914,438
2026-09-27,ben_109_wh_hl_01,ca.4193555,64
2026-09-27,ben_109_wh_hl_01,ca.4208747,224
2026-09-27,ben_109_wh_hl_01,ca.4228931,12
2026-09-27,ben_109_wh_hl_01,vinays2.vc,5
2026-09-27,ben_110_wh_hl_01,ca.4011293,101
2026-09-27,ben_112_wh_hl_01,ca.3608330,65
2026-09-27,ben_112_wh_hl_01,ca.3881044,525
2026-09-27,ben_112_wh_hl_01,ca.3988350,154
2026-09-27,ben_112_wh_hl_01,ca.4009279,180
2026-09-27,ben_112_wh_hl_01,ca.4210117,18
2026-09-27,ben_112_wh_hl_01,ca.4283813,176
2026-09-27,ben_112_wh_hl_01,ca.4300374,6
2026-09-27,ben_112_wh_hl_01,ca.4300645,835
2026-09-27,ben_113_wh_hl_01,ca.4135302,538
2026-09-27,ben_113_wh_hl_01,ca.4289660,19
2026-09-27,ben_113_wh_hl_01,ca.4295570,55
2026-09-27,ben_113_wh_hl_01,ca.4295577,304
2026-09-27,ben_113_wh_hl_01,ca.4305303,18
2026-09-27,ben_113_wh_hl_01,ca.4305304,345
2026-09-27,ben_113_wh_hl_01,ca.4320411,50
2026-09-27,ben_113_wh_hl_01,ca.4343608,43
2026-09-27,ben_114_wh_hl_01,ca.4110787,6
2026-09-27,ben_114_wh_hl_01,ca.4131135,44
2026-09-27,ben_114_wh_hl_01,ca.4166346,8
2026-09-27,ben_114_wh_hl_01,ca.4166349,34
2026-09-27,ben_114_wh_hl_01,ca.4217618,42
2026-09-27,ben_114_wh_hl_01,ca.4294535,142
2026-09-27,ben_114_wh_hl_01,chethanc2.vc,3
2026-09-27,ben_114_wh_hl_01,ngireeshn.vc,1
2026-09-27,ben_115_wh_hl_01,bharathk.vc,4
2026-09-27,ben_115_wh_hl_01,ca.3633427,117
2026-09-27,ben_115_wh_hl_01,ca.3638968,98
2026-09-27,ben_115_wh_hl_01,ca.4010076,14
2026-09-27,ben_115_wh_hl_01,ca.4018705,221
2026-09-27,ben_115_wh_hl_01,ca.4036344,281
2026-09-27,ben_115_wh_hl_01,ca.4053538,94
2026-09-27,ben_115_wh_hl_01,ca.4146321,71
2026-09-27,ben_115_wh_hl_01,ca.4265805,164
2026-09-27,ben_115_wh_hl_01,ca.4286159,27
2026-09-27,ben_115_wh_hl_01,ca.4306796,4
2026-09-27,ben_115_wh_hl_01,ca.4307187,38
2026-09-27,ben_115_wh_hl_01,ca.4307198,47
2026-09-27,ben_115_wh_hl_01,ca.4307535,465
2026-09-27,ben_115_wh_hl_01,ca.4318144,169
2026-09-27,ben_115_wh_hl_01,ca.4371852,135
2026-09-27,ben_116_wh_hl_01,ca.3984530,453
2026-09-27,ben_116_wh_hl_01,ca.4119103,11
2026-09-27,ben_116_wh_hl_01,ca.4167820,3
2026-09-27,ben_116_wh_hl_01,ca.4181635,16
2026-09-27,ben_116_wh_hl_01,ca.4196850,17
2026-09-27,ben_116_wh_hl_01,ca.4277883,36
2026-09-27,ben_116_wh_hl_01,ca.4283838,31
2026-09-27,ben_116_wh_hl_01,ca.4311574,539
2026-09-27,ben_116_wh_hl_01,ca.4374019,6
2026-09-27,ben_116_wh_hl_01,ca.4379012,28
2026-09-27,ben_116_wh_hl_01,ca.4385694,612
2026-09-27,ben_116_wh_hl_01,ca.4392361,434
2026-09-27,ben_116_wh_hl_01,rumanullahr.vc,50
2026-09-27,ben_117_wh_hl_01,ca.4285333,72
2026-09-27,ben_118_wh_hl_01,ca.3909660,142
2026-09-27,ben_118_wh_hl_01,ca.4040072,148
2026-09-27,ben_118_wh_hl_01,ca.4113693,92
2026-09-27,ben_118_wh_hl_01,ca.4165168,363
2026-09-27,ben_118_wh_hl_01,ca.4203597,138
2026-09-27,ben_118_wh_hl_01,ca.4227276,405
2026-09-27,ben_118_wh_hl_01,ca.4345198,250
2026-09-27,ben_118_wh_hl_01,ca.4350675,136
2026-09-27,ben_119_wh_hl_01,ca.3914807,28
2026-09-27,ben_119_wh_hl_01,ca.3963560,60
2026-09-27,ben_119_wh_hl_01,ca.4140739,29
2026-09-27,ben_119_wh_hl_01,ca.4140751,49
2026-09-27,ben_119_wh_hl_01,ca.4140765,180
2026-09-27,ben_119_wh_hl_01,ca.4140771,195
2026-09-27,ben_119_wh_hl_01,ca.4167469,240
2026-09-27,ben_119_wh_hl_01,ca.4171321,608
2026-09-27,ben_119_wh_hl_01,ca.4193450,462
2026-09-27,ben_119_wh_hl_01,ca.4205713,609
2026-09-27,ben_119_wh_hl_01,ca.4217203,333
2026-09-27,ben_119_wh_hl_01,ca.4220759,63
2026-09-27,ben_119_wh_hl_01,ca.4238511,33
2026-09-27,ben_119_wh_hl_01,ca.4275078,43
2026-09-27,ben_119_wh_hl_01,ca.4275091,1304
2026-09-27,ben_119_wh_hl_01,ca.4279511,465
2026-09-27,ben_119_wh_hl_01,ca.4280302,77
2026-09-27,ben_119_wh_hl_01,jiaurrahman.vc,17
2026-09-27,ben_120_wh_hl_01,ca.4026170,3
2026-09-27,ben_120_wh_hl_01,ca.4188297,52
2026-09-27,ben_123_wh_hl_01,ca.4047160,15
2026-09-27,ben_123_wh_hl_01,ca.4066375,176
2026-09-27,ben_123_wh_hl_01,ca.4177791,88
2026-09-27,ben_123_wh_hl_01,ca.4233203,4
2026-09-27,ben_123_wh_hl_01,ca.4245756,486
2026-09-27,ben_123_wh_hl_01,ca.4257446,153
2026-09-27,ben_123_wh_hl_01,ca.4275311,318
2026-09-27,ben_123_wh_hl_01,ca.4371448,788
2026-09-27,ben_123_wh_hl_01,ca.4379170,1
2026-09-27,ben_125_wh_hl_01,ca.3474355,99
2026-09-27,ben_125_wh_hl_01,ca.3927409,34
2026-09-27,ben_125_wh_hl_01,naveena.vc,10
2026-09-27,ben_127_wh_hl_01,ca.4115185,13
2026-09-27,ben_127_wh_hl_01,ca.4115186,137
2026-09-27,ben_127_wh_hl_01,ca.4180271,1
2026-09-27,ben_127_wh_hl_01,ca.4238076,27
2026-09-27,ben_127_wh_hl_01,ca.4256255,157
2026-09-27,ben_127_wh_hl_01,ca.4268285,6
2026-09-27,ben_128_wh_hl_01,ca.4006893,131
2026-09-27,ben_128_wh_hl_01,ca.4065913,1
2026-09-27,ben_128_wh_hl_01,ca.4107502,55
2026-09-27,ben_128_wh_hl_01,ca.4136928,8
2026-09-27,ben_128_wh_hl_01,ca.4155189,784
2026-09-27,ben_128_wh_hl_01,ca.4192586,869
2026-09-27,ben_128_wh_hl_01,ca.4205889,9
2026-09-27,ben_128_wh_hl_01,ca.4211985,33
2026-09-27,ben_128_wh_hl_01,ca.4290546,35
2026-09-27,ben_128_wh_hl_01,ca.4306072,30
2026-09-27,ben_128_wh_hl_01,ca.4311307,86
2026-09-27,ben_128_wh_hl_01,ca.4324779,99
2026-09-27,ben_128_wh_hl_01,ca.4324784,47
2026-09-27,ben_128_wh_hl_01,ca.4355082,70
2026-09-27,ben_128_wh_hl_01,ca.4366231,175
2026-09-27,ben_128_wh_hl_01,ca.4366245,148
2026-09-27,ben_128_wh_hl_01,ca.4371558,12
2026-09-27,ben_128_wh_hl_01,ca.4377038,257
2026-09-27,ben_128_wh_hl_01,ca.4378430,61
2026-09-27,ben_128_wh_hl_01,ca.4386483,125
2026-09-27,ben_128_wh_hl_01,ullikantireddy.vc,544
2026-09-27,ben_135_wh_hl_01,ca.4063454,73
2026-09-27,ben_135_wh_hl_01,ca.4106890,5
2026-09-27,ben_135_wh_hl_01,ca.4243505,11
2026-09-27,ben_135_wh_hl_01,praveenkumary.vc,81
2026-09-27,ben_136_wh_hl_01,ca.3588571,16
2026-09-27,ben_136_wh_hl_01,ca.4182462,60
2026-09-27,ben_136_wh_hl_01,ca.4233424,123
2026-09-27,ben_136_wh_hl_01,ca.4251642,9
2026-09-27,ben_136_wh_hl_01,ca.4290451,72
2026-09-27,ben_136_wh_hl_01,ca.4349448,96
2026-09-27,ben_136_wh_hl_01,ca.4376457,96
2026-09-27,ben_136_wh_hl_01,racherlas.vc,4
2026-09-27,ben_137_wh_hl_01,ca.3935968,23
2026-09-27,ben_137_wh_hl_01,ca.4142191,347
2026-09-27,ben_137_wh_hl_01,ca.4295579,221
2026-09-27,ben_137_wh_hl_01,ca.4305017,370
2026-09-27,ben_137_wh_hl_01,ca.4305019,116
2026-09-27,ben_137_wh_hl_01,ca.4338459,135
2026-09-27,ben_137_wh_hl_01,ca.4359135,106
2026-09-27,ben_137_wh_hl_01,mdehsanansari.vc,1
2026-09-27,ben_138_wh_hl_01,ca.3527187,67
2026-09-27,ben_138_wh_hl_01,ca.4265365,238
2026-09-27,ben_141_wh_hl_01,ca.4269569,24
2026-09-27,ben_143_wh_hl_01,bonalat.vc,31
2026-09-27,ben_143_wh_hl_01,ca.4029935,4
2026-09-27,ben_143_wh_hl_01,ca.4039226,174
2026-09-27,ben_143_wh_hl_01,ca.4067728,244
2026-09-27,ben_143_wh_hl_01,ca.4067744,107
2026-09-27,ben_143_wh_hl_01,ca.4067746,892
2026-09-27,ben_143_wh_hl_01,ca.4228523,7
2026-09-27,ben_143_wh_hl_01,ca.4281574,86
2026-09-27,ben_143_wh_hl_01,ca.4294575,120
2026-09-27,ben_143_wh_hl_01,ca.4311864,13
2026-09-27,ben_143_wh_hl_01,ca.4317500,35
2026-09-27,ben_143_wh_hl_01,ca.4317557,929
2026-09-27,ben_143_wh_hl_01,tupakulasai.vc,21
2026-09-27,ben_144_wh_hl_01,ca.3479738,43
2026-09-27,ben_144_wh_hl_01,ca.3969515,79
2026-09-27,ben_144_wh_hl_01,ca.4158244,88
2026-09-27,ben_145_wh_hl_01,ca.3874370,94
2026-09-27,ben_145_wh_hl_01,ca.4037584,105
2026-09-27,ben_145_wh_hl_01,ca.4189600,1
2026-09-27,ben_145_wh_hl_01,ca.4217903,26
2026-09-27,ben_145_wh_hl_01,ca.4259773,1
2026-09-27,ben_145_wh_hl_01,ca.4259775,180
2026-09-27,ben_145_wh_hl_01,ca.4277328,7
2026-09-27,ben_145_wh_hl_01,ca.4304955,29
2026-09-27,ben_145_wh_hl_01,ca.4325645,435
2026-09-27,ben_145_wh_hl_01,ca.4364159,484
2026-09-27,ben_145_wh_hl_01,ca.4373151,295
2026-09-27,ben_145_wh_hl_01,ca.4373832,492
2026-09-27,ben_145_wh_hl_01,ca.4383068,66
2026-09-27,ben_145_wh_hl_01,harshac.vc,8
2026-09-27,ben_147_wh_hl_01,ca.4181085,5
2026-09-27,ben_147_wh_hl_01,ca.4189712,452
2026-09-27,ben_147_wh_hl_01,ca.4201582,57
2026-09-27,ben_147_wh_hl_01,ca.4216163,557
2026-09-27,ben_147_wh_hl_01,ca.4278308,363
2026-09-27,ben_150_wh_hl_01,ca.4062490,74
2026-09-27,ben_150_wh_hl_01,ca.4091178,133
2026-09-27,ben_150_wh_hl_01,ca.4246375,145
2026-09-27,ben_150_wh_hl_01,ca.4359882,170
2026-09-27,ben_150_wh_hl_01,ca.4360983,103
2026-09-27,ben_152_wh_hl_01,ca.4095726,90
2026-09-27,ben_152_wh_hl_01,ca.4137798,329
2026-09-27,ben_152_wh_hl_01,ca.4138022,43
2026-09-27,ben_152_wh_hl_01,ca.4288671,274
2026-09-27,ben_153_wh_hl_01,ca.3854372,10
2026-09-27,ben_153_wh_hl_01,ca.4201726,269
2026-09-27,ben_153_wh_hl_01,ca.4264128,86
2026-09-27,ben_153_wh_hl_01,ca.4313124,108
2026-09-27,ben_153_wh_hl_01,sandeepg.vc,136
2026-09-27,ben_155_wh_hl_01,ca.4117894,279
2026-09-27,ben_155_wh_hl_01,ca.4160917,215
2026-09-27,ben_155_wh_hl_01,ca.4226325,252
2026-09-27,ben_155_wh_hl_01,ca.4263536,287
2026-09-27,ben_155_wh_hl_01,surykantpatel.vc,377
2026-09-27,ben_160_wh_hl_01,ca.3896979,131
2026-09-27,ben_160_wh_hl_01,ca.4227992,210
2026-09-27,ben_160_wh_hl_01,ca.4232511,195
2026-09-27,ben_160_wh_hl_01,ca.4241124,7
2026-09-27,ben_160_wh_hl_01,ca.4269992,647
2026-09-27,ben_160_wh_hl_01,ca.4299185,165
2026-09-27,ben_162_wh_hl_01,ca.3941206,91
2026-09-27,ben_162_wh_hl_01,ca.3995553,3
2026-09-27,ben_162_wh_hl_01,ca.4236998,167
2026-09-27,ben_162_wh_hl_01,ca.4343613,144
2026-09-27,ben_166_wh_hl_01,ca.4007226,87
2026-09-27,ben_166_wh_hl_01,ca.4165242,83
2026-09-27,ben_166_wh_hl_01,ca.4171113,67
2026-09-27,ben_166_wh_hl_01,ca.4197518,146
2026-09-27,ben_166_wh_hl_01,ca.4200036,88
2026-09-27,ben_166_wh_hl_01,ca.4223260,126
2026-09-27,ben_166_wh_hl_01,ca.4257280,167
2026-09-27,ben_166_wh_hl_01,ca.4257291,26
2026-09-27,ben_166_wh_hl_01,ca.4281637,11
2026-09-27,ben_166_wh_hl_01,ca.4281642,87
2026-09-27,ben_167_wh_hl_01,ca.4002591,38
2026-09-27,ben_167_wh_hl_01,ca.4288204,45
2026-09-27,ben_167_wh_hl_01,manjeshg.vc,45
2026-09-27,ben_172_wh_hl_01,ca.4283720,12
2026-09-27,ben_174_wh_hl_01,ca.3893728,50
2026-09-27,ben_174_wh_hl_01,ca.4001462,208
2026-09-27,ben_174_wh_hl_01,ca.4003400,53
2026-09-27,ben_174_wh_hl_01,ca.4041788,77
2026-09-27,ben_174_wh_hl_01,ca.4072796,67
2026-09-27,ben_174_wh_hl_01,ca.4146052,20
2026-09-27,ben_174_wh_hl_01,ca.4146072,42
2026-09-27,ben_174_wh_hl_01,ca.4184142,36
2026-09-27,ben_174_wh_hl_01,ca.4284004,49
2026-09-27,ben_174_wh_hl_01,ca.4284951,48
2026-09-27,ben_174_wh_hl_01,ca.4344603,53
2026-09-27,ben_174_wh_hl_01,ca.4357334,24
2026-09-27,ben_176_wh_hl_01,ca.3845091,243
2026-09-27,ben_176_wh_hl_01,ca.3991200,260
2026-09-27,ben_176_wh_hl_01,ca.4049344,64
2026-09-27,ben_176_wh_hl_01,ca.4140027,50
2026-09-27,ben_176_wh_hl_01,ca.4222273,357
2026-09-27,ben_176_wh_hl_01,ca.4236279,232
2026-09-27,ben_176_wh_hl_01,ca.4243151,59
2026-09-27,ben_176_wh_hl_01,ca.4296618,125
2026-09-27,ben_176_wh_hl_01,ca.4296625,19
2026-09-27,ben_176_wh_hl_01,ca.4310142,112
2026-09-27,ben_178_wh_hl_01,ca.3679508,15
2026-09-27,ben_178_wh_hl_01,ca.3722017,70
2026-09-27,ben_178_wh_hl_01,ca.3786936,4
2026-09-27,ben_178_wh_hl_01,ca.3859879,212
2026-09-27,ben_178_wh_hl_01,ca.3948462,84
2026-09-27,ben_178_wh_hl_01,ca.4044912,280
2026-09-27,ben_178_wh_hl_01,ca.4149744,34
2026-09-27,ben_178_wh_hl_01,ca.4241088,83
2026-09-27,ben_178_wh_hl_01,ca.4268277,66
2026-09-27,ben_178_wh_hl_01,ca.4308816,9
2026-09-27,ben_178_wh_hl_01,ca.4322330,166
2026-09-27,ben_178_wh_hl_01,ca.4324181,130
2026-09-27,ben_178_wh_hl_01,niranjans1.vc,186
2026-09-27,ben_179_wh_hl_01,ca.3832073,126
2026-09-27,ben_179_wh_hl_01,ca.4086082,29
2026-09-27,ben_179_wh_hl_01,ca.4158069,6
2026-09-27,ben_179_wh_hl_01,ca.4188386,1
2026-09-27,ben_179_wh_hl_01,ca.4195383,34
2026-09-27,ben_179_wh_hl_01,ca.4267237,77
2026-09-27,ben_179_wh_hl_01,ca.4271791,2
2026-09-27,ben_179_wh_hl_01,shashankng.vc,244
2026-09-27,ben_179_wh_hl_01,sumanthdd.vc,1
2026-09-27,ben_180_wh_hl_01,arellav.vc,6
2026-09-27,ben_180_wh_hl_01,ca.4000048,1111
2026-09-27,ben_180_wh_hl_01,ca.4052025,180
2026-09-27,ben_180_wh_hl_01,ca.4177945,263
2026-09-27,ben_180_wh_hl_01,ca.4199243,906
2026-09-27,ben_180_wh_hl_01,ca.4283345,30
2026-09-27,ben_180_wh_hl_01,ca.4354220,460
2026-09-27,ben_180_wh_hl_01,ca.4359074,353
2026-09-27,ben_180_wh_hl_01,mulakishore.vc,39
2026-09-27,ben_184_wh_hl_01,ca.4375646,5
2026-09-27,ben_185_wh_hl_01,ca.4232279,125
2026-09-27,ben_185_wh_hl_01,ca.4237800,140
2026-09-27,ben_185_wh_hl_01,ca.4281327,251
2026-09-27,ben_186_wh_hl_01,ca.3755751,144
2026-09-27,ben_186_wh_hl_01,ca.4044245,48
2026-09-27,ben_186_wh_hl_01,ca.4066572,48
2026-09-27,ben_186_wh_hl_01,ca.4083105,3
2026-09-27,ben_186_wh_hl_01,ca.4254081,6
2026-09-27,ben_186_wh_hl_01,ca.4263718,27
2026-09-27,ben_186_wh_hl_01,ca.4264055,56
2026-09-27,ben_186_wh_hl_01,ca.4274650,22
2026-09-27,ben_186_wh_hl_01,ca.4279343,33
2026-09-27,ben_191_wh_hl_01,ca.4230778,230
2026-09-27,ben_191_wh_hl_01,ca.4244773,18
2026-09-27,ben_191_wh_hl_01,ca.4288946,242
2026-09-27,ben_191_wh_hl_01,ca.4325096,37
2026-09-27,ben_193_wh_hl_01,ca.4000051,19
2026-09-27,ben_195_wh_hl_01,ca.3652747,220
2026-09-27,ben_195_wh_hl_01,ca.3855328,259
2026-09-27,ben_195_wh_hl_01,ca.3903341,233
2026-09-27,ben_195_wh_hl_01,ca.4215196,1
2026-09-27,ben_195_wh_hl_01,ca.4219695,517
2026-09-27,ben_195_wh_hl_01,yenugondas.vc,2
2026-09-27,ben_196_wh_hl_01,ca.4143298,7
2026-09-27,ben_196_wh_hl_01,ca.4256452,4
2026-09-27,ben_196_wh_hl_01,ca.4361662,114
2026-09-27,ben_198_wh_hl_01,ca.3441735,40
2026-09-27,ben_198_wh_hl_01,ca.4062283,184
2026-09-27,ben_198_wh_hl_01,ca.4107328,350
2026-09-27,ben_198_wh_hl_01,ca.4108169,183
2026-09-27,ben_198_wh_hl_01,ca.4127797,817
2026-09-27,ben_198_wh_hl_01,ca.4130092,272
2026-09-27,ben_198_wh_hl_01,ca.4163337,49
2026-09-27,ben_198_wh_hl_01,ca.4175324,175
2026-09-27,ben_198_wh_hl_01,ca.4210109,156
2026-09-27,ben_198_wh_hl_01,ca.4233599,85
2026-09-27,ben_198_wh_hl_01,ca.4272458,9
2026-09-27,ben_198_wh_hl_01,ca.4295199,590
2026-09-27,ben_198_wh_hl_01,hemanthag.vc,13
2026-09-27,ben_201_wh_hl_01,ca.4030417,729
2026-09-27,ben_201_wh_hl_01,ca.4264180,46
2026-09-27,ben_204_wh_hl_01,ca.4163803,125
2026-09-27,ben_204_wh_hl_01,ca.4183128,103
2026-09-27,ben_204_wh_hl_01,ca.4209430,170
2026-09-27,ben_204_wh_hl_01,ca.4234554,127
2026-09-27,ben_205_wh_hl_01,ca.3944038,432
2026-09-27,ben_205_wh_hl_01,ca.4001978,531
2026-09-27,ben_205_wh_hl_01,ca.4017261,590
2026-09-27,ben_205_wh_hl_01,ca.4055986,965
2026-09-27,ben_205_wh_hl_01,ca.4236569,39
2026-09-27,ben_205_wh_hl_01,rajashekarr2.vc,1
2026-09-27,ben_209_wh_hl_01,ca.3922684,50
2026-09-27,ben_209_wh_hl_01,ca.4143607,88
2026-09-27,ben_209_wh_hl_01,ca.4218274,41
2026-09-27,ben_209_wh_hl_01,ca.4349500,106
2026-09-27,ben_209_wh_hl_01,ca.4349505,11
2026-09-27,ben_210_wh_hl_01,ca.3875026,66
2026-09-27,ben_210_wh_hl_01,ca.3911584,93
2026-09-27,ben_210_wh_hl_01,ca.4213200,127
2026-09-27,ben_210_wh_hl_01,ca.4248648,25
2026-09-27,ben_210_wh_hl_01,ca.4286162,165
2026-09-27,ben_214_wh_hl_01,ca.4231462,120
2026-09-27,ben_214_wh_hl_01,ca.4251228,128
2026-09-27,ben_214_wh_hl_01,ca.4284706,6
2026-09-27,ben_214_wh_hl_01,raghavendrap.vc,33
2026-09-27,ben_215_wh_hl_01,ca.3748691,263
2026-09-27,ben_215_wh_hl_01,ca.3998511,804
2026-09-27,ben_215_wh_hl_01,keerthanraov.vc,319
2026-09-27,ben_216_wh_hl_01,abhijitsingh1.vc,5
2026-09-27,ben_216_wh_hl_01,ca.3581618,276
2026-09-27,ben_216_wh_hl_01,ca.3938700,173
2026-09-27,ben_216_wh_hl_01,ca.4113575,161
2026-09-27,ben_216_wh_hl_01,ca.4146285,212
2026-09-27,ben_216_wh_hl_01,ca.4149136,285
2026-09-27,ben_216_wh_hl_01,ca.4155068,418
2026-09-27,ben_216_wh_hl_01,ca.4155088,84
2026-09-27,ben_216_wh_hl_01,ca.4155807,16
2026-09-27,ben_216_wh_hl_01,ca.4169994,228
2026-09-27,ben_216_wh_hl_01,ca.4250235,128
2026-09-27,ben_216_wh_hl_01,ca.4258868,253
2026-09-27,ben_216_wh_hl_01,ca.4271360,34
2026-09-27,ben_216_wh_hl_01,ca.4352683,595
2026-09-27,ben_216_wh_hl_01,nithishkumarn.vc,664
2026-09-27,ben_217_wh_hl_01,lma.100001569519,15
2026-09-27,ben_218_wh_hl_01,ca.3844089,247
2026-09-27,ben_218_wh_hl_01,ca.3862012,54
2026-09-27,ben_218_wh_hl_01,ca.3873128,317
2026-09-27,ben_218_wh_hl_01,ca.3887073,1743
2026-09-27,ben_218_wh_hl_01,ca.3901715,16
2026-09-27,ben_218_wh_hl_01,ca.3946590,47
2026-09-27,ben_218_wh_hl_01,ca.4231123,710
2026-09-27,ben_218_wh_hl_01,ca.4257606,28
2026-09-27,ben_218_wh_hl_01,ca.4278489,10
2026-09-27,ben_218_wh_hl_01,ca.4288784,9
2026-09-27,ben_218_wh_hl_01,kishann.vc,9
2026-09-27,ben_218_wh_hl_01,sugumars.vc,2
2026-09-27,ben_219_wh_hl_01,ca.4116536,71
2026-09-27,ben_219_wh_hl_01,ca.4131377,159
2026-09-27,ben_219_wh_hl_01,ca.4222313,71
2026-09-27,ben_219_wh_hl_01,ca.4225201,314
2026-09-27,ben_219_wh_hl_01,ca.4294916,40
2026-09-27,ben_219_wh_hl_01,ca.4372184,80
2026-09-27,ben_223_wh_hl_01,ca.3856428,25
2026-09-27,ben_223_wh_hl_01,ca.3858162,26
2026-09-27,ben_223_wh_hl_01,ca.3988746,21
2026-09-27,ben_223_wh_hl_01,ca.4262834,14
2026-09-27,ben_223_wh_hl_01,ca.4262859,47
2026-09-27,ben_223_wh_hl_01,ca.4278105,108
2026-09-27,ben_224_wh_hl_01,ca.4031245,11
2026-09-27,ben_224_wh_hl_01,ca.4180177,41
2026-09-27,ben_224_wh_hl_01,ca.4276160,20
2026-09-27,ben_224_wh_hl_01,ca.4286052,83
2026-09-27,ben_224_wh_hl_01,ca.4304973,110
2026-09-27,ben_225_wh_hl_01,ca.3940435,128
2026-09-27,ben_225_wh_hl_01,ca.3986363,138
2026-09-27,ben_225_wh_hl_01,ca.4030691,61
2026-09-27,ben_225_wh_hl_01,ca.4091679,129
2026-09-27,ben_225_wh_hl_01,ca.4224117,32
2026-09-27,ben_226_wh_hl_01,ca.4074373,111
2026-09-27,ben_226_wh_hl_01,ca.4115014,232
2026-09-27,ben_226_wh_hl_01,ca.4147294,214
2026-09-27,ben_226_wh_hl_01,ca.4174899,392
2026-09-27,ben_226_wh_hl_01,rohitkumarr5.vc,3
2026-09-27,ben_228_wh_hl_01,ca.4021200,769
2026-09-27,ben_228_wh_hl_01,ca.4148696,604
2026-09-27,ben_228_wh_hl_01,ca.4159447,77
2026-09-27,ben_228_wh_hl_01,ca.4175587,93
2026-09-27,ben_228_wh_hl_01,ca.4254665,865
2026-09-27,ben_228_wh_hl_01,ca.4262715,428
2026-09-27,ben_228_wh_hl_01,ca.4271480,189
2026-09-27,ben_228_wh_hl_01,ca.4370220,314
2026-09-27,ben_228_wh_hl_01,navyaha.vc,21
2026-09-27,ben_229_wh_hl_01,lma.100001518122,233
2026-09-27,ben_229_wh_hl_01,lma.100001521222,168
2026-09-27,ben_229_wh_hl_01,lma.100001647484,29
2026-09-27,ben_231_wh_hl_01,ca.4069204,67
2026-09-27,ben_231_wh_hl_01,ca.4100666,10
2026-09-27,ben_231_wh_hl_01,ca.4125869,16
2026-09-27,ben_231_wh_hl_01,ca.4125978,5
2026-09-27,ben_231_wh_hl_01,ca.4126995,7
2026-09-27,ben_231_wh_hl_01,ca.4236656,123
2026-09-27,ben_231_wh_hl_01,ca.4361245,170
2026-09-27,ben_231_wh_hl_01,ca.4371729,73
2026-09-27,ben_232_wh_hl_01,ca.4100929,24
2026-09-27,ben_232_wh_hl_01,ca.4157031,136
2026-09-27,ben_232_wh_hl_01,ca.4170005,1155
2026-09-27,ben_232_wh_hl_01,ca.4361989,90
2026-09-27,ben_232_wh_hl_01,ca.4385962,757
2026-09-27,ben_232_wh_hl_01,ca.4399857,43
2026-09-27,ben_232_wh_hl_01,keerthirajs.vc,28
2026-09-27,ben_232_wh_hl_01,mithunk.vc,19
2026-09-27,ben_234_wh_hl_01,ca.4003916,359
2026-09-27,ben_234_wh_hl_01,ca.4072807,125
2026-09-27,ben_234_wh_hl_01,ca.4128219,418
2026-09-27,ben_234_wh_hl_01,ca.4191356,394
2026-09-27,ben_234_wh_hl_01,ca.4207404,839
2026-09-27,ben_234_wh_hl_01,ca.4213351,19
2026-09-27,ben_234_wh_hl_01,ca.4223279,57
2026-09-27,ben_234_wh_hl_01,ca.4235460,242
2026-09-27,ben_234_wh_hl_01,jabirh.vc,130
2026-09-27,ben_235_wh_hl_01,ca.3903171,111
2026-09-27,ben_235_wh_hl_01,ca.4230410,124
2026-09-27,ben_235_wh_hl_01,ca.4317144,10
2026-09-27,ben_235_wh_hl_01,ca.4387520,269
2026-09-27,ben_235_wh_hl_01,ca.4389967,71
2026-09-27,ben_235_wh_hl_01,ca.4396761,53
2026-09-27,ben_235_wh_hl_01,ca.4397798,485
2026-09-27,ben_238_wh_hl_01,ca.3879778,203
2026-09-27,ben_238_wh_hl_01,ca.3907184,120
2026-09-27,ben_238_wh_hl_01,ca.4029734,230
2026-09-27,ben_238_wh_hl_01,ca.4029737,499
2026-09-27,ben_238_wh_hl_01,ca.4107877,544
2026-09-27,ben_238_wh_hl_01,ca.4179501,666
2026-09-27,ben_238_wh_hl_01,ca.4280454,3
2026-09-27,ben_238_wh_hl_01,ca.4301355,110
2026-09-27,ben_238_wh_hl_01,ca.4301364,914
2026-09-27,ben_238_wh_hl_01,ca.4379557,785
2026-09-27,ben_238_wh_hl_01,lokeshb3.vc,96
2026-09-27,ben_238_wh_hl_01,manojs6.vc,130
2026-09-27,ben_240_wh_hl_01,lma.100001563491,285
2026-09-27,ben_240_wh_hl_01,lma.100001563501,21
2026-09-27,ben_240_wh_hl_01,lma.100001565110,269
2026-09-27,ben_240_wh_hl_01,lma.100001582128,26
2026-09-27,ben_240_wh_hl_01,lma.100001582134,44
2026-09-27,ben_240_wh_hl_01,lma.100001593555,421
2026-09-27,ben_240_wh_hl_01,lma.100001605136,34
2026-09-27,ben_240_wh_hl_01,lma.100001612606,69
2026-09-27,ben_240_wh_hl_01,lma.100001612656,343
2026-09-27,ben_240_wh_hl_01,lma.100001616377,668
2026-09-27,ben_241_wh_hl_01,abhishekk16.vc,81
2026-09-27,ben_241_wh_hl_01,ca.4152445,59
2026-09-27,ben_241_wh_hl_01,ca.4238295,51
2026-09-27,ben_241_wh_hl_01,ca.4331978,42
2026-09-27,ben_241_wh_hl_01,ca.4332003,130
2026-09-27,ben_242_wh_hl_01,ca.4024491,185
2026-09-27,ben_242_wh_hl_01,ca.4064832,507
2026-09-27,ben_242_wh_hl_01,ca.4222139,199
2026-09-27,ben_242_wh_hl_01,ca.4275200,212
2026-09-27,ben_242_wh_hl_01,ca.4332408,213
2026-09-27,ben_242_wh_hl_01,ca.4350291,380
2026-09-27,ben_242_wh_hl_01,ca.4379078,297
2026-09-27,ben_242_wh_hl_01,darlaprakash.vc,7
2026-09-27,ben_243_wh_hl_01,ca.3943992,5
2026-09-27,ben_243_wh_hl_01,ca.3945783,2
2026-09-27,ben_243_wh_hl_01,ca.3946529,126
2026-09-27,ben_243_wh_hl_01,ca.4043166,13
2026-09-27,ben_243_wh_hl_01,ca.4173269,51
2026-09-27,ben_243_wh_hl_01,ca.4185866,89
2026-09-27,ben_243_wh_hl_01,ca.4233414,85
2026-09-27,ben_243_wh_hl_01,ca.4267375,4
2026-09-27,ben_247_wh_hl_01,ca.4163073,244
2026-09-27,ben_247_wh_hl_01,ca.4186573,58
2026-09-27,ben_247_wh_hl_01,ca.4206697,54
2026-09-27,ben_247_wh_hl_01,ca.4224094,25
2026-09-27,ben_247_wh_hl_01,ca.4243854,411
2026-09-27,ben_247_wh_hl_01,ca.4267946,676
2026-09-27,ben_247_wh_hl_01,ca.4281003,20
2026-09-27,ben_247_wh_hl_01,ca.4320297,89
2026-09-27,ben_247_wh_hl_01,darshans2.vc,2
2026-09-27,ben_247_wh_hl_01,vikasr4.vc,10
2026-09-27,ben_248_wh_hl_01,lma.100001615050,32
2026-09-27,ben_256_wh_hl_01,bhimisettyn.vc,259
2026-09-27,ben_256_wh_hl_01,ca.4063367,372
2026-09-27,ben_256_wh_hl_01,ca.4101980,397
2026-09-27,ben_256_wh_hl_01,ca.4103869,153
2026-09-27,ben_256_wh_hl_01,ca.4193638,96
2026-09-27,ben_256_wh_hl_01,ca.4215938,50
2026-09-27,ben_256_wh_hl_01,ca.4289731,51
2026-09-27,ben_256_wh_hl_01,ca.4296120,190
2026-09-27,ben_256_wh_hl_01,ca.4309783,71
2026-09-27,ben_256_wh_hl_01,ca.4309797,469
2026-09-27,ben_256_wh_hl_01,ca.4361583,16
2026-09-27,ben_257_wh_hl_01,ca.3950424,51
2026-09-27,ben_257_wh_hl_01,ca.4248845,192
2026-09-27,ben_257_wh_hl_01,ca.4260854,198
2026-09-27,ben_257_wh_hl_01,ca.4316354,133
2026-09-27,ben_257_wh_hl_01,ca.4320014,26
2026-09-27,ben_257_wh_hl_01,ca.4320015,10
2026-09-27,ben_257_wh_hl_01,ca.4320016,17
2026-09-27,ben_257_wh_hl_01,ca.4370073,35
2026-09-27,ben_265_wh_hl_01,lma.100001630120,23
2026-09-27,ben_265_wh_hl_01,lma.100001635482,344
2026-09-27,ben_265_wh_hl_01,lma.100001635561,272
2026-09-27,ben_286_wh_hl_01,lma.100001636570,149
2026-09-27,ben_286_wh_hl_01,lma.100001636601,270
2026-09-27,ben_286_wh_hl_01,lma.100001636617,270
2026-09-27,ben_286_wh_hl_01,lma.100001657732,497
2026-09-27,ben_286_wh_hl_01,lma.100001659705,360
2026-09-27,ben_901_wh_hl_01,lma.100001617813,7
2026-09-27,ben_901_wh_hl_01,lma.100001622180,18
2026-09-27,ben_903_wh_hl_01,lma.100001635634,9
2026-09-27,ben_903_wh_hl_01,lma.100001637784,184
2026-09-27,ben_903_wh_hl_01,lma.100001638302,341
2026-09-27,ben_903_wh_hl_01,lma.100001638304,171
2026-09-27,ben_903_wh_hl_01,lma.100001641671,452
2026-09-27,ben_903_wh_hl_01,lma.100001641717,44
2026-09-27,ben_903_wh_hl_01,lma.100001643035,84
2026-09-27,ben_917_wh_hl_01,ca.4172985,61
2026-09-27,ben_917_wh_hl_01,ca.4373269,12
2026-09-27,bhp_104_wh_hl_01,ca.4206957,2
2026-09-27,bhp_104_wh_hl_01,ca.4282283,67
2026-09-27,bhp_104_wh_hl_01,ca.4301316,28
2026-09-27,bhu_101_wh_hl_01,ca.3955319,139
2026-09-27,bhu_101_wh_hl_01,ca.3966386,151
2026-09-27,bhu_101_wh_hl_01,ca.4051052,155
2026-09-27,bhu_101_wh_hl_01,ca.4058694,40
2026-09-27,bhu_101_wh_hl_01,ca.4069488,450
2026-09-27,bhu_103_wh_hl_01,ca.3965243,218
2026-09-27,bhu_103_wh_hl_01,ca.3965423,304
2026-09-27,bhu_103_wh_hl_01,ca.3966247,663
2026-09-27,bhu_103_wh_hl_01,ca.4030607,364
2026-09-27,bhu_103_wh_hl_01,ca.4392655,198
2026-09-27,bhu_103_wh_hl_01,ca.4401108,328
2026-09-27,bhu_103_wh_hl_01,ca.4401110,144
2026-09-27,bhu_103_wh_hl_01,maheswarsahu.vc,32
2026-09-27,bhu_105_wh_hl_01,arpitasingh.vc,1
2026-09-27,bhu_105_wh_hl_01,ca.4043661,361
2026-09-27,bhu_105_wh_hl_01,ca.4043788,353
2026-09-27,bhu_105_wh_hl_01,ca.4224815,290
2026-09-27,bhu_106_wh_hl_01,ca.4134492,170
2026-09-27,bhu_106_wh_hl_01,ca.4134569,267
2026-09-27,bhu_106_wh_hl_01,ca.4140022,49
2026-09-27,bhu_106_wh_hl_01,ca.4216564,73
2026-09-27,bhu_106_wh_hl_01,ca.4329632,29
2026-09-27,bhu_106_wh_hl_01,ca.4336249,335
2026-09-27,bhu_106_wh_hl_01,ca.4338400,269
2026-09-27,bhu_107_wh_hl_01,ca.4160440,99
2026-09-27,bhu_107_wh_hl_01,ca.4160466,77
2026-09-27,bhu_107_wh_hl_01,ca.4241846,213
2026-09-27,bhu_107_wh_hl_01,ritusmitap.vc,47
2026-09-27,bhu_108_wh_hl_01,ca.4217934,144
2026-09-27,bhu_108_wh_hl_01,ca.4244066,198
2026-09-27,bhu_109_wh_hl_01,ca.4381564,97
2026-09-27,bhu_109_wh_hl_01,satyabratanayak.vc,47
2026-09-27,bhu_115_wh_hl_01,ca.4192431,129
2026-09-27,bhu_115_wh_hl_01,ca.4192845,90
2026-09-27,bhu_115_wh_hl_01,ca.4211273,47
2026-09-27,bhu_115_wh_hl_01,ca.4277674,50
2026-09-27,bom_045_wh_hl_01,amangupta.vc,49
2026-09-27,bom_045_wh_hl_01,ca.4064612,284
2026-09-27,bom_045_wh_hl_01,ca.4074661,105
2026-09-27,bom_045_wh_hl_01,ca.4150334,76
2026-09-27,bom_045_wh_hl_01,ca.4224313,2
2026-09-27,bom_045_wh_hl_01,ca.4224314,8
2026-09-27,bom_045_wh_hl_01,ca.4251664,219
2026-09-27,bom_045_wh_hl_01,ca.4261151,364
2026-09-27,bom_045_wh_hl_01,ca.4278557,199
2026-09-27,bom_045_wh_hl_01,ca.4291725,133
2026-09-27,cha_104_wh_hl_01,ca.3833202,134
2026-09-27,cha_104_wh_hl_01,ca.4273856,215
2026-09-27,che_101_wh_hl_02,ca.3698088,130
2026-09-27,che_101_wh_hl_02,ca.4176483,39
2026-09-27,che_101_wh_hl_02,ca.4263365,11
2026-09-27,che_101_wh_hl_02,ca.4271724,108
2026-09-27,che_101_wh_hl_02,ca.4294097,116
2026-09-27,che_102_wh_hl_01,ca.3512311,40
2026-09-27,che_102_wh_hl_01,ca.3895003,152
2026-09-27,che_102_wh_hl_01,ca.4049702,15
2026-09-27,che_102_wh_hl_01,ca.4051658,144
2026-09-27,che_102_wh_hl_01,ca.4071739,191
2026-09-27,che_102_wh_hl_01,ca.4125886,60
2026-09-27,che_102_wh_hl_01,ca.4160104,49
2026-09-27,che_102_wh_hl_01,ca.4186341,50
2026-09-27,che_102_wh_hl_01,ca.4202108,277
2026-09-27,che_102_wh_hl_01,ca.4265133,52
2026-09-27,che_102_wh_hl_01,ca.4272694,176
2026-09-27,che_102_wh_hl_01,ca.4279688,14
2026-09-27,che_102_wh_hl_01,ca.4302718,220
2026-09-27,che_102_wh_hl_01,gokulrajs.vc,2
2026-09-27,che_103_wh_hl_01,arshathahameds.vc,154
2026-09-27,che_103_wh_hl_01,ca.4267495,3
2026-09-27,che_104_wh_hl_01,ca.4306921,111
2026-09-27,che_104_wh_hl_01,ca.4367735,87
2026-09-27,che_105_wh_hl_01,ca.4265333,7
2026-09-27,che_107_wh_hl_01,ca.4168740,19
2026-09-27,che_107_wh_hl_01,ca.4269622,84
2026-09-27,che_107_wh_hl_01,ca.4271546,54
2026-09-27,che_110_wh_hl_01,ca.3878424,308
2026-09-27,che_110_wh_hl_01,ca.3883818,360
2026-09-27,che_110_wh_hl_01,ca.3901492,554
2026-09-27,che_110_wh_hl_01,ca.4236437,190
2026-09-27,che_110_wh_hl_01,ca.4274881,20
2026-09-27,che_110_wh_hl_01,ca.4352579,2
2026-09-27,che_111_wh_hl_01,ca.3982366,267
2026-09-27,che_114_wh_hl_01,ca.4021628,8
2026-09-27,che_114_wh_hl_01,ca.4341271,113
2026-09-27,che_115_wh_hl_01,ca.3538946,123
2026-09-27,che_115_wh_hl_01,ca.3541736,81
2026-09-27,che_115_wh_hl_01,ca.3693111,98
2026-09-27,che_115_wh_hl_01,ca.4051954,4
2026-09-27,che_115_wh_hl_01,ca.4171301,232
2026-09-27,che_115_wh_hl_01,ca.4256457,255
2026-09-27,che_115_wh_hl_01,ca.4401078,18
2026-09-27,che_115_wh_hl_01,shyamr.vc,289
2026-09-27,che_116_wh_hl_01,ca.4228284,9
2026-09-27,che_116_wh_hl_01,ca.4235343,69
2026-09-27,che_118_wh_hl_01,ca.4202304,402
2026-09-27,che_120_wh_hl_01,ca.4235559,63
2026-09-27,che_121_wh_hl_01,ca.4134891,37
2026-09-27,che_121_wh_hl_01,ca.4159469,83
2026-09-27,che_121_wh_hl_01,ca.4241170,23
2026-09-27,che_121_wh_hl_01,ca.4298041,58
2026-09-27,che_122_wh_hl_01,ca.4079955,108
2026-09-27,che_122_wh_hl_01,ca.4079956,25
2026-09-27,che_122_wh_hl_01,ca.4174778,51
2026-09-27,che_122_wh_hl_01,ca.4236817,15
2026-09-27,che_122_wh_hl_01,ca.4346181,162
2026-09-27,che_122_wh_hl_01,ca.4366898,431
2026-09-27,che_122_wh_hl_01,ca.4381969,432
2026-09-27,che_122_wh_hl_01,ca.4389660,421
2026-09-27,che_123_wh_hl_01,ca.3816517,82
2026-09-27,che_123_wh_hl_01,ca.4060080,428
2026-09-27,che_123_wh_hl_01,ca.4171885,185
2026-09-27,che_123_wh_hl_01,ca.4183671,106
2026-09-27,che_123_wh_hl_01,ca.4203780,133
2026-09-27,che_123_wh_hl_01,shakthisvaranm.vc,416
2026-09-27,che_124_wh_hl_01,ca.4268047,82
2026-09-27,che_124_wh_hl_01,ca.4359265,95
2026-09-27,che_124_wh_hl_01,musthaqeema.vc,112
2026-09-27,che_125_wh_hl_01,ca.3902063,5
2026-09-27,che_126_wh_hl_01,ca.4244481,296
2026-09-27,che_130_wh_hl_01,ca.3942085,148
2026-09-27,che_130_wh_hl_01,ca.4250365,380
2026-09-27,che_130_wh_hl_01,ca.4261965,195
2026-09-27,che_130_wh_hl_01,irudayaalens.vc,185
2026-09-27,che_132_wh_hl_01,ca.3629732,7
2026-09-27,che_132_wh_hl_01,ca.3974866,96
2026-09-27,che_132_wh_hl_01,ca.4225438,37
2026-09-27,che_134_wh_hl_01,ca.4122905,5
2026-09-27,che_134_wh_hl_01,ca.4299597,102
2026-09-27,che_135_wh_hl_01,ca.4003883,1
2026-09-27,che_136_wh_hl_01,ca.4023270,130
2026-09-27,che_136_wh_hl_01,ca.4372127,81
2026-09-27,che_136_wh_hl_01,kiranvigneshm.vc,23
2026-09-27,che_138_wh_hl_01,ca.3944658,5
2026-09-27,che_139_wh_hl_01,ca.4083742,203
2026-09-27,che_139_wh_hl_01,ca.4085353,184
2026-09-27,che_139_wh_hl_01,ca.4147652,157
2026-09-27,che_139_wh_hl_01,ca.4185635,144
2026-09-27,che_139_wh_hl_01,ca.4223929,47
2026-09-27,che_139_wh_hl_01,ca.4224459,271
2026-09-27,che_139_wh_hl_01,ca.4294542,268
2026-09-27,che_139_wh_hl_01,ca.4307908,7
2026-09-27,che_139_wh_hl_01,ca.4316835,271
2026-09-27,che_139_wh_hl_01,vannamuthus.vc,32
2026-09-27,che_140_wh_hl_01,ca.3941827,366
2026-09-27,che_140_wh_hl_01,ca.3975924,174
2026-09-27,che_140_wh_hl_01,ca.4084318,337
2026-09-27,che_140_wh_hl_01,ca.4193497,317
2026-09-27,che_140_wh_hl_01,ca.4233967,249
2026-09-27,che_140_wh_hl_01,ca.4283420,163
2026-09-27,che_140_wh_hl_01,ca.4316246,198
2026-09-27,che_140_wh_hl_01,madhanpallraj.vc,5
2026-09-27,che_140_wh_hl_01,renish.s,38
2026-09-27,che_141_wh_hl_01,lma.100001555358,17
2026-09-27,che_141_wh_hl_01,lma.100001555378,44
2026-09-27,che_143_wh_hl_01,ca.4150019,8
2026-09-27,che_145_wh_hl_01,ca.3815127,164
2026-09-27,che_145_wh_hl_01,ca.4006217,381
2026-09-27,che_145_wh_hl_01,ca.4123634,351
2026-09-27,che_145_wh_hl_01,ca.4124668,46
2026-09-27,che_145_wh_hl_01,ca.4223984,1007
2026-09-27,che_145_wh_hl_01,ca.4290702,102
2026-09-27,che_146_wh_hl_01,ca.3758491,257
2026-09-27,che_146_wh_hl_01,ca.4218550,62
2026-09-27,che_146_wh_hl_01,ca.4249959,14
2026-09-27,che_146_wh_hl_01,ca.4271838,57
2026-09-27,che_147_wh_hl_01,ca.4128262,711
2026-09-27,che_147_wh_hl_01,ca.4233362,100
2026-09-27,che_147_wh_hl_01,ca.4237098,456
2026-09-27,che_147_wh_hl_01,ca.4238339,798
2026-09-27,che_147_wh_hl_01,ca.4255287,487
2026-09-27,che_147_wh_hl_01,ca.4288656,7
2026-09-27,che_147_wh_hl_01,ca.4292330,169
2026-09-27,che_147_wh_hl_01,subashs.vc,10
2026-09-27,che_149_wh_hl_01,bharathpandiyan.vc,418
2026-09-27,che_149_wh_hl_01,ca.4276144,216
2026-09-27,che_149_wh_hl_01,ca.4283620,5
2026-09-27,che_149_wh_hl_01,ca.4290401,545
2026-09-27,che_155_wh_hl_01,ca.4328959,213
2026-09-27,che_155_wh_hl_01,ca.4339182,64
2026-09-27,che_155_wh_hl_01,ca.4339393,162
2026-09-27,che_155_wh_hl_01,ca.4339699,231
2026-09-27,che_155_wh_hl_01,ca.4339706,4
2026-09-27,che_155_wh_hl_01,ca.4343233,120
2026-09-27,che_155_wh_hl_01,ca.4343538,160
2026-09-27,che_155_wh_hl_01,ca.4353955,174
2026-09-27,che_157_wh_hl_01,ca.3910530,304
2026-09-27,che_157_wh_hl_01,ca.3916053,338
2026-09-27,che_157_wh_hl_01,ca.4033268,240
2026-09-27,che_157_wh_hl_01,ca.4228987,344
2026-09-27,che_157_wh_hl_01,ca.4238851,106
2026-09-27,che_158_wh_hl_01,ca.4270128,22
2026-09-27,che_158_wh_hl_01,ca.4299240,34
2026-09-27,che_159_wh_hl_01,ca.4041191,70
2026-09-27,che_159_wh_hl_01,ca.4178065,36
2026-09-27,che_159_wh_hl_01,ca.4300903,160
2026-09-27,che_159_wh_hl_01,ca.4361689,55
2026-09-27,che_160_wh_hl_01,ca.3980186,208
2026-09-27,che_160_wh_hl_01,ca.4170438,11
2026-09-27,che_160_wh_hl_01,ca.4191200,474
2026-09-27,che_160_wh_hl_01,ca.4262239,193
2026-09-27,che_160_wh_hl_01,ca.4265537,292
2026-09-27,che_160_wh_hl_01,ca.4295931,56
2026-09-27,che_160_wh_hl_01,suriyamoorthis.vc,221
2026-09-27,che_162_wh_hl_01,ca.4058099,131
2026-09-27,che_162_wh_hl_01,ca.4094500,210
2026-09-27,che_162_wh_hl_01,ca.4186294,268
2026-09-27,che_162_wh_hl_01,ca.4190813,156
2026-09-27,che_162_wh_hl_01,ca.4271789,172
2026-09-27,che_162_wh_hl_01,ca.4285173,177
2026-09-27,che_162_wh_hl_01,ca.4337777,500
2026-09-27,che_162_wh_hl_01,ca.4342722,219
2026-09-27,che_162_wh_hl_01,santhosha2.vc,2
2026-09-27,che_165_wh_hl_01,ca.4268233,5
2026-09-27,che_167_wh_hl_01,ca.4008921,46
2026-09-27,che_167_wh_hl_01,ca.4052457,60
2026-09-27,che_167_wh_hl_01,ca.4057623,19
2026-09-27,che_167_wh_hl_01,ca.4146714,579
2026-09-27,che_167_wh_hl_01,ca.4179850,120
2026-09-27,che_167_wh_hl_01,ca.4265330,136
2026-09-27,che_167_wh_hl_01,ca.4267209,425
2026-09-27,che_167_wh_hl_01,ca.4379443,99
2026-09-27,che_168_wh_hl_01,ca.4230396,168
2026-09-27,che_171_wh_hl_01,ca.4181739,118
2026-09-27,che_171_wh_hl_01,ca.4281853,42
2026-09-27,che_171_wh_hl_01,ca.4281893,16
2026-09-27,che_171_wh_hl_01,ca.4292643,469
2026-09-27,che_171_wh_hl_01,ca.4304461,64
2026-09-27,che_171_wh_hl_01,sabaris.vc,234
2026-09-27,che_172_wh_hl_01,ca.4119599,196
2026-09-27,che_172_wh_hl_01,ca.4190264,42
2026-09-27,che_172_wh_hl_01,ca.4236162,62
2026-09-27,che_172_wh_hl_01,ca.4252241,28
2026-09-27,che_172_wh_hl_01,ca.4266785,7
2026-09-27,che_172_wh_hl_01,ca.4269776,106
2026-09-27,che_172_wh_hl_01,ca.4281953,22
2026-09-27,che_172_wh_hl_01,ca.4370602,93
2026-09-27,che_174_wh_hl_01,ca.4020318,3
2026-09-27,che_174_wh_hl_01,ca.4024159,353
2026-09-27,che_174_wh_hl_01,ca.4178450,149
2026-09-27,che_174_wh_hl_01,ca.4178590,432
2026-09-27,che_174_wh_hl_01,ca.4279175,69
2026-09-27,che_174_wh_hl_01,ca.4279419,509
2026-09-27,che_175_wh_hl_01,ca.4080504,318
2026-09-27,che_175_wh_hl_01,ca.4080509,248
2026-09-27,che_175_wh_hl_01,ca.4132900,66
2026-09-27,che_175_wh_hl_01,ca.4159573,214
2026-09-27,che_175_wh_hl_01,ca.4159574,183
2026-09-27,che_175_wh_hl_01,ca.4198075,173
2026-09-27,che_175_wh_hl_01,ca.4205282,42
2026-09-27,che_175_wh_hl_01,ca.4245714,526
2026-09-27,che_175_wh_hl_01,ca.4245715,540
2026-09-27,che_175_wh_hl_01,ca.4284430,4
2026-09-27,che_175_wh_hl_01,naveenb2.vc,46
2026-09-27,che_176_wh_hl_01,ca.4150180,91
2026-09-27,che_176_wh_hl_01,ca.4156687,463
2026-09-27,che_176_wh_hl_01,ca.4179727,207
2026-09-27,che_176_wh_hl_01,ca.4269872,15
2026-09-27,che_176_wh_hl_01,ca.4274565,79
2026-09-27,che_177_wh_hl_01,ca.3969987,195
2026-09-27,che_177_wh_hl_01,ca.4044539,149
2026-09-27,che_177_wh_hl_01,ca.4044716,5
2026-09-27,che_177_wh_hl_01,ca.4065588,115
2026-09-27,che_177_wh_hl_01,ca.4273523,32
2026-09-27,che_177_wh_hl_01,ca.4290764,236
2026-09-27,che_177_wh_hl_01,ca.4393381,195
2026-09-27,che_177_wh_hl_01,chitrad.vc,125
2026-09-27,che_179_wh_hl_01,ca.3969614,5
2026-09-27,che_180_wh_hl_01,ca.4180762,4
2026-09-27,che_180_wh_hl_01,ca.4198116,244
2026-09-27,che_180_wh_hl_01,ca.4228625,105
2026-09-27,che_180_wh_hl_01,ca.4304644,130
2026-09-27,che_180_wh_hl_01,ca.4316263,126
2026-09-27,che_181_wh_hl_01,ca.4068335,309
2026-09-27,che_181_wh_hl_01,ca.4128361,235
2026-09-27,che_181_wh_hl_01,ca.4139033,184
2026-09-27,che_181_wh_hl_01,ca.4192419,335
2026-09-27,che_181_wh_hl_01,ca.4220185,12
2026-09-27,che_182_wh_hl_01,ca.4159305,112
2026-09-27,che_182_wh_hl_01,ca.4177943,211
2026-09-27,che_182_wh_hl_01,ca.4223779,52
2026-09-27,che_182_wh_hl_01,ca.4231398,4
2026-09-27,che_182_wh_hl_01,ca.4250351,141
2026-09-27,che_182_wh_hl_01,ca.4313385,48
2026-09-27,che_183_wh_hl_01,annaduraim1.vc,1
2026-09-27,che_183_wh_hl_01,ca.4234871,175
2026-09-27,che_183_wh_hl_01,ca.4235076,101
2026-09-27,che_183_wh_hl_01,ca.4361540,106
2026-09-27,che_184_wh_hl_01,ca.3867651,55
2026-09-27,che_184_wh_hl_01,ca.4175618,138
2026-09-27,che_184_wh_hl_01,ca.4176559,208
2026-09-27,che_184_wh_hl_01,ca.4176563,233
2026-09-27,che_184_wh_hl_01,ca.4182793,257
2026-09-27,che_184_wh_hl_01,ca.4209689,16
2026-09-27,che_184_wh_hl_01,ca.4249971,90
2026-09-27,che_184_wh_hl_01,ca.4256785,57
2026-09-27,che_184_wh_hl_01,ca.4271351,315
2026-09-27,che_184_wh_hl_01,ca.4393275,45
2026-09-27,che_184_wh_hl_01,karthickkumar.vc,19
2026-09-27,che_185_wh_hl_01,ca.4139513,87
2026-09-27,che_185_wh_hl_01,ca.4185620,154
2026-09-27,che_185_wh_hl_01,ca.4217291,482
2026-09-27,che_185_wh_hl_01,ca.4224236,898
2026-09-27,che_186_wh_hl_01,ca.4164933,38
2026-09-27,che_186_wh_hl_01,ca.4225821,438
2026-09-27,che_186_wh_hl_01,ca.4238172,50
2026-09-27,che_186_wh_hl_01,ca.4256072,43
2026-09-27,che_186_wh_hl_01,ca.4284378,12
2026-09-27,che_186_wh_hl_01,ca.4284422,339
2026-09-27,che_186_wh_hl_01,ca.4293058,621
2026-09-27,che_186_wh_hl_01,gjagadeeswaran.vc,2
2026-09-27,che_188_wh_hl_01,ca.4104030,459
2026-09-27,che_188_wh_hl_01,ca.4116124,58
2026-09-27,che_188_wh_hl_01,ca.4116132,657
2026-09-27,che_188_wh_hl_01,ca.4155678,24
2026-09-27,che_188_wh_hl_01,ca.4275389,106
2026-09-27,che_188_wh_hl_01,ca.4369822,76
2026-09-27,che_189_wh_hl_01,ca.4098747,131
2026-09-27,che_190_wh_hl_01,ca.4160342,66
2026-09-27,che_190_wh_hl_01,ca.4168745,226
2026-09-27,che_190_wh_hl_01,ca.4176444,21
2026-09-27,che_190_wh_hl_01,ca.4178790,1
2026-09-27,che_190_wh_hl_01,ca.4178882,45
2026-09-27,che_190_wh_hl_01,ca.4189419,10
2026-09-27,che_190_wh_hl_01,ca.4199166,25
2026-09-27,che_192_wh_hl_01,ca.4238006,77
2026-09-27,che_192_wh_hl_01,ca.4238870,158
2026-09-27,che_192_wh_hl_01,ca.4243801,60
2026-09-27,che_192_wh_hl_01,ca.4250652,26
2026-09-27,che_192_wh_hl_01,ca.4266319,5
2026-09-27,che_192_wh_hl_01,ca.4338463,48
2026-09-27,che_192_wh_hl_01,ca.4379879,24
2026-09-27,che_193_wh_hl_01,ca.4125462,3
2026-09-27,che_193_wh_hl_01,ca.4190411,56
2026-09-27,che_193_wh_hl_01,ca.4230458,82
2026-09-27,che_193_wh_hl_01,ca.4263563,143
2026-09-27,che_193_wh_hl_01,ca.4276153,234
2026-09-27,che_193_wh_hl_01,ca.4279174,104
2026-09-27,che_195_wh_hl_01,ca.4268917,69
2026-09-27,che_195_wh_hl_01,ca.4289325,46
2026-09-27,che_195_wh_hl_01,ca.4294522,63
2026-09-27,che_195_wh_hl_01,ca.4307702,73
2026-09-27,che_195_wh_hl_01,ca.4315877,128
2026-09-27,che_195_wh_hl_01,ca.4318874,63
2026-09-27,che_195_wh_hl_01,ca.4318928,64
2026-09-27,che_195_wh_hl_01,ca.4326136,425
2026-09-27,che_195_wh_hl_01,ca.4333653,173
2026-09-27,che_195_wh_hl_01,ca.4344549,35
2026-09-27,che_195_wh_hl_01,christopherc.vc,4
2026-09-27,che_197_wh_hl_01,ca.4250000,13
2026-09-27,che_197_wh_hl_01,ca.4378793,25
2026-09-27,che_199_wh_hl_01,ca.4065471,24
2026-09-27,che_199_wh_hl_01,ca.4151156,206
2026-09-27,che_199_wh_hl_01,ca.4240248,136
2026-09-27,che_199_wh_hl_01,ca.4252409,49
2026-09-27,che_199_wh_hl_01,ca.4257310,38
2026-09-27,che_199_wh_hl_01,ca.4276255,114
2026-09-27,che_199_wh_hl_01,ca.4292050,693
2026-09-27,che_199_wh_hl_01,ca.4292722,155
2026-09-27,che_199_wh_hl_01,ca.4308096,274
2026-09-27,che_199_wh_hl_01,ca.4337923,5
2026-09-27,che_199_wh_hl_01,ca.4369811,435
2026-09-27,coc_102_wh_hl_01,lma.100001630713,35
2026-09-27,coc_102_wh_hl_01,lma.100001630726,21
2026-09-27,coc_102_wh_hl_01,lma.100001631703,8
2026-09-27,coc_102_wh_hl_01,lma.100001632083,12
2026-09-27,coc_102_wh_hl_01,lma.100001635272,3
2026-09-27,coc_107_wh_hl_01,lma.100001615270,3
2026-09-27,coc_107_wh_hl_01,lma.100001626867,23
2026-09-27,coi_103_wh_hl_01,ca.3947657,4
2026-09-27,coi_103_wh_hl_01,ca.4121891,1
2026-09-27,coi_103_wh_hl_01,ca.4276615,1
2026-09-27,coi_104_wh_hl_01,arthib.vc,4
2026-09-27,coi_104_wh_hl_01,ca.4059155,10
2026-09-27,coi_104_wh_hl_01,ca.4306525,181
2026-09-27,coi_105_wh_hl_01,ca.3935223,4
2026-09-27,coi_105_wh_hl_01,ca.4283471,1
2026-09-27,coi_105_wh_hl_01,ca.4285819,1
2026-09-27,coi_106_wh_hl_01,ca.4148947,8
2026-09-27,coi_107_wh_hl_02,ca.4218599,1
2026-09-27,coi_108_wh_hl_01,ca.4380730,2
2026-09-27,coi_110_wh_hl_01,ca.4231708,4
2026-09-27,deh_101_wh_hl_01,ca.3942184,35
2026-09-27,deh_101_wh_hl_01,ca.3946540,13
2026-09-27,deh_101_wh_hl_01,ca.4269979,126
2026-09-27,deh_101_wh_hl_01,ca.4281268,6
2026-09-27,deh_101_wh_hl_01,ca.4289236,118
2026-09-27,deh_102_wh_hl_01,ca.4224914,1
2026-09-27,deh_102_wh_hl_01,ca.4225578,117
2026-09-27,deh_102_wh_hl_01,ca.4284052,34
2026-09-27,deh_102_wh_hl_01,madhuptyagi.vc,115
2026-09-27,deh_103_wh_hl_01,ca.4095729,1
2026-09-27,deh_103_wh_hl_01,ca.4185761,206
2026-09-27,deh_103_wh_hl_01,ca.4281538,111
2026-09-27,deh_104_wh_hl_01,shavejs.vc,7
2026-09-27,deh_105_wh_hl_01,ca.3981939,2
2026-09-27,deh_105_wh_hl_01,ca.4259792,56
2026-09-27,deh_105_wh_hl_01,ca.4286212,80
2026-09-27,deh_105_wh_hl_01,ca.4287750,118
2026-09-27,deh_105_wh_hl_01,ca.4290481,47
2026-09-27,deh_106_wh_hl_01,ca.4274178,172
2026-09-27,deh_106_wh_hl_01,ca.4288839,138
2026-09-27,del_001_wh_hl_01,ca.3363626,89
2026-09-27,del_001_wh_hl_01,ca.4156797,475
2026-09-27,del_001_wh_hl_01,ca.4225019,155
2026-09-27,del_001_wh_hl_01,ca.4276131,4
2026-09-27,del_004_wh_hl_01,ca.3219543,388
2026-09-27,del_004_wh_hl_01,ca.3459003,35
2026-09-27,del_004_wh_hl_01,ca.3879102,1094
2026-09-27,del_004_wh_hl_01,ca.4205340,398
2026-09-27,del_004_wh_hl_01,ca.4233370,77
2026-09-27,del_004_wh_hl_01,ca.4250598,619
2026-09-27,del_004_wh_hl_01,ca.4260853,26
2026-09-27,del_004_wh_hl_01,ca.4301799,435
2026-09-27,del_004_wh_hl_01,ca.4351632,49
2026-09-27,del_004_wh_hl_01,gajendrakumar1.vc,6
2026-09-27,del_004_wh_hl_01,rahulkumar70.vc,324
2026-09-27,del_007_wh_hl_01,ca.4023302,113
2026-09-27,del_007_wh_hl_01,ca.4036315,27
2026-09-27,del_007_wh_hl_01,ca.4102071,73
2026-09-27,del_007_wh_hl_01,ca.4159430,4
2026-09-27,del_007_wh_hl_01,ca.4183052,97
2026-09-27,del_007_wh_hl_01,ca.4184499,42
2026-09-27,del_010_wh_hl_01,ca.4115288,6
2026-09-27,del_010_wh_hl_01,ca.4158171,2
2026-09-27,del_013_wh_hl_01,ca.3460766,24
2026-09-27,del_013_wh_hl_01,ca.3893672,1
2026-09-27,del_013_wh_hl_01,ca.4288980,4
2026-09-27,del_015_wh_hl_01,ca.3831104,25
2026-09-27,del_015_wh_hl_01,ca.3906991,236
2026-09-27,del_015_wh_hl_01,ca.4118411,89
2026-09-27,del_015_wh_hl_01,ca.4206244,420
2026-09-27,del_015_wh_hl_01,ca.4230182,251
2026-09-27,del_015_wh_hl_01,ca.4271404,450
2026-09-27,del_015_wh_hl_01,ca.4274709,17
2026-09-27,del_015_wh_hl_01,ca.4285687,4
2026-09-27,del_015_wh_hl_01,ca.4290830,248
2026-09-27,del_015_wh_hl_01,ca.4295100,4
2026-09-27,del_015_wh_hl_01,rahulkumar44.vc,2
2026-09-27,del_017_wh_hl_01,ca.3944707,236
2026-09-27,del_017_wh_hl_01,ca.4010661,12
2026-09-27,del_017_wh_hl_01,ca.4015405,121
2026-09-27,del_017_wh_hl_01,ca.4028099,1177
2026-09-27,del_017_wh_hl_01,ca.4046246,57
2026-09-27,del_017_wh_hl_01,ca.4046568,22
2026-09-27,del_017_wh_hl_01,ca.4061579,695
2026-09-27,del_017_wh_hl_01,ca.4131973,14
2026-09-27,del_017_wh_hl_01,ca.4268283,165
2026-09-27,del_017_wh_hl_01,ca.4273623,927
2026-09-27,del_017_wh_hl_01,ca.4276988,256
2026-09-27,del_017_wh_hl_01,ca.4317712,60
2026-09-27,del_017_wh_hl_01,ca.4343510,628
2026-09-27,del_017_wh_hl_01,ca.4343521,551
2026-09-27,del_017_wh_hl_01,ca.4351668,192
2026-09-27,del_017_wh_hl_01,sachins22.vc,1
2026-09-27,del_018_wh_hl_01,ca.3420145,4
2026-09-27,del_018_wh_hl_01,ca.3629710,33
2026-09-27,del_018_wh_hl_01,ca.3914182,18
2026-09-27,del_018_wh_hl_01,ca.4014475,8
2026-09-27,del_018_wh_hl_01,ca.4260476,81
2026-09-27,del_018_wh_hl_01,ca.4262247,138
2026-09-27,del_018_wh_hl_01,ca.4274490,10
2026-09-27,del_021_wh_hl_01,ca.3570891,313
2026-09-27,del_021_wh_hl_01,ca.3850325,251
2026-09-27,del_021_wh_hl_01,ca.4020840,83
2026-09-27,del_021_wh_hl_01,ca.4120490,203
2026-09-27,del_021_wh_hl_01,ca.4141169,44
2026-09-27,del_021_wh_hl_01,ca.4274475,233
2026-09-27,del_021_wh_hl_01,ca.4274574,598
2026-09-27,del_021_wh_hl_01,ca.4285940,304
2026-09-27,del_021_wh_hl_01,vivekkumar28.vc,50
2026-09-27,del_023_wh_hl_01,ca.3865644,4
2026-09-27,del_023_wh_hl_01,ca.4017553,32
2026-09-27,del_023_wh_hl_01,ca.4336090,8
2026-09-27,del_025_wh_hl_01,ca.3329942,115
2026-09-27,del_025_wh_hl_01,ca.3464630,552
2026-09-27,del_025_wh_hl_01,ca.3593303,163
2026-09-27,del_025_wh_hl_01,ca.3724916,50
2026-09-27,del_025_wh_hl_01,ca.3819855,181
2026-09-27,del_025_wh_hl_01,ca.3839643,61
2026-09-27,del_025_wh_hl_01,ca.3846766,32
2026-09-27,del_025_wh_hl_01,ca.3890816,14
2026-09-27,del_025_wh_hl_01,ca.4174551,72
2026-09-27,del_025_wh_hl_01,ca.4192549,59
2026-09-27,del_025_wh_hl_01,ca.4273060,36
2026-09-27,del_025_wh_hl_01,ca.4288232,281
2026-09-27,del_025_wh_hl_01,ca.4353017,204
2026-09-27,del_025_wh_hl_01,vijaygoswami.vc,3
2026-09-27,del_026_wh_hl_01,ca.4204655,5
2026-09-27,del_039_wh_hl_01,ca.4088920,80
2026-09-27,del_039_wh_hl_01,pawan.p4,54
2026-09-27,del_039_wh_hl_01,vishalmandal.vc,2
2026-09-27,del_042_wh_hl_01,ca.3573180,1
2026-09-27,del_042_wh_hl_01,ca.3891329,181
2026-09-27,del_042_wh_hl_01,ca.3951693,77
2026-09-27,del_042_wh_hl_01,ca.4077057,6
2026-09-27,del_042_wh_hl_01,ca.4106926,151
2026-09-27,del_042_wh_hl_01,ca.4142969,362
2026-09-27,del_042_wh_hl_01,ca.4176796,133
2026-09-27,del_042_wh_hl_01,ca.4202321,1166
2026-09-27,del_042_wh_hl_01,ca.4210414,221
2026-09-27,del_042_wh_hl_01,ca.4212890,119
2026-09-27,del_042_wh_hl_01,ca.4224352,65
2026-09-27,del_042_wh_hl_01,ca.4289272,9
2026-09-27,del_042_wh_hl_01,ca.4289722,38
2026-09-27,del_042_wh_hl_01,ca.4301606,146
2026-09-27,del_044_wh_hl_01,ca.3553262,1
2026-09-27,del_044_wh_hl_01,ca.3771467,328
2026-09-27,del_044_wh_hl_01,ca.3966305,743
2026-09-27,del_044_wh_hl_01,ca.4112324,280
2026-09-27,del_044_wh_hl_01,ca.4113490,440
2026-09-27,del_044_wh_hl_01,ca.4149006,120
2026-09-27,del_044_wh_hl_01,ca.4187802,18
2026-09-27,del_044_wh_hl_01,ca.4244446,3
2026-09-27,del_044_wh_hl_01,ca.4256114,183
2026-09-27,del_044_wh_hl_01,ca.4256115,413
2026-09-27,del_044_wh_hl_01,ca.4280421,590
2026-09-27,del_044_wh_hl_01,ca.4292996,278
2026-09-27,del_044_wh_hl_01,ca.4345624,13
2026-09-27,del_044_wh_hl_01,mohammadmustaa.vc,2
2026-09-27,del_045_wh_hl_01,ca.4027474,10
2026-09-27,del_045_wh_hl_01,ca.4174601,87
2026-09-27,del_045_wh_hl_01,ca.4280383,25
2026-09-27,del_045_wh_hl_01,ca.4280389,99
2026-09-27,del_045_wh_hl_01,ca.4289467,76
2026-09-27,del_045_wh_hl_01,nitinn8.vc,1
2026-09-27,del_045_wh_hl_01,sumitkumar46.vc,25
2026-09-27,del_046_wh_hl_01,ca.3320727,231
2026-09-27,del_046_wh_hl_01,ca.4050766,323
2026-09-27,del_046_wh_hl_01,ca.4124214,179
2026-09-27,del_046_wh_hl_01,ca.4221628,38
2026-09-27,del_046_wh_hl_01,ca.4270946,199
2026-09-27,del_046_wh_hl_01,ca.4286476,250
2026-09-27,del_046_wh_hl_01,samihaider.vc,1
2026-09-27,del_046_wh_hl_01,vickyshakya1.vc,6
2026-09-27,del_047_wh_hl_01,ca.3447533,4
2026-09-27,del_047_wh_hl_01,ca.3764073,5
2026-09-27,del_047_wh_hl_01,ca.4074950,394
2026-09-27,del_047_wh_hl_01,ca.4203241,242
2026-09-27,del_047_wh_hl_01,ca.4206162,93
2026-09-27,del_047_wh_hl_01,ca.4206174,439
2026-09-27,del_048_wh_hl_01,ca.3859219,80
2026-09-27,del_048_wh_hl_01,ca.3995700,271
2026-09-27,del_048_wh_hl_01,ca.4126306,54
2026-09-27,del_048_wh_hl_01,ca.4144570,309
2026-09-27,del_048_wh_hl_01,ca.4204425,155
2026-09-27,del_049_wh_hl_01,ca.3975410,18
2026-09-27,del_055_wh_hl_01,ca.3761607,50
2026-09-27,del_055_wh_hl_01,ca.3885472,179
2026-09-27,del_055_wh_hl_01,ca.4133200,65
2026-09-27,del_055_wh_hl_01,ca.4195710,108
2026-09-27,del_055_wh_hl_01,ca.4307229,15
2026-09-27,del_059_wh_hl_01,ca.3362593,51
2026-09-27,del_059_wh_hl_01,ca.3523882,323
2026-09-27,del_059_wh_hl_01,ca.3855726,5
2026-09-27,del_059_wh_hl_01,ca.4079974,380
2026-09-27,del_059_wh_hl_01,ca.4122236,128
2026-09-27,del_059_wh_hl_01,ca.4144323,349
2026-09-27,del_059_wh_hl_01,ca.4257984,76
2026-09-27,del_059_wh_hl_01,ca.4343804,77
2026-09-27,del_059_wh_hl_01,ca.4344395,5
2026-09-27,del_059_wh_hl_01,kishanpal.vc,3
2026-09-27,del_061_wh_hl_01,ca.3467407,365
2026-09-27,del_061_wh_hl_01,ca.3628869,111
2026-09-27,del_061_wh_hl_01,ca.3818700,196
2026-09-27,del_061_wh_hl_01,ca.3831450,63
2026-09-27,del_061_wh_hl_01,ca.3831458,155
2026-09-27,del_061_wh_hl_01,ca.3845584,5
2026-09-27,del_061_wh_hl_01,ca.3848982,398
2026-09-27,del_061_wh_hl_01,ca.3853052,265
2026-09-27,del_061_wh_hl_01,ca.3858492,167
2026-09-27,del_061_wh_hl_01,ca.3993100,106
2026-09-27,del_061_wh_hl_01,ca.4020113,134
2026-09-27,del_061_wh_hl_01,ca.4129982,223
2026-09-27,del_061_wh_hl_01,ca.4140267,489
2026-09-27,del_061_wh_hl_01,ca.4354105,39
2026-09-27,del_061_wh_hl_01,faimf.vc,2
2026-09-27,del_063_wh_hl_01,ca.3337722,5
2026-09-27,del_064_wh_hl_01,ca.4240208,155
2026-09-27,del_069_wh_hl_01,ca.3526662,73
2026-09-27,del_069_wh_hl_01,ca.3852921,25
2026-09-27,del_069_wh_hl_01,ca.3891133,5
2026-09-27,del_069_wh_hl_01,ca.4001961,323
2026-09-27,del_069_wh_hl_01,ca.4001965,296
2026-09-27,del_069_wh_hl_01,ca.4083120,281
2026-09-27,del_069_wh_hl_01,ca.4101562,358
2026-09-27,del_069_wh_hl_01,ca.4115878,19
2026-09-27,del_069_wh_hl_01,ca.4173476,136
2026-09-27,del_069_wh_hl_01,ca.4176891,180
2026-09-27,del_069_wh_hl_01,ca.4215025,236
2026-09-27,del_069_wh_hl_01,ca.4268099,374
2026-09-27,del_069_wh_hl_01,ca.4282246,224
2026-09-27,del_069_wh_hl_01,ca.4298786,75
2026-09-27,del_069_wh_hl_01,ca.4302645,222
2026-09-27,del_069_wh_hl_01,ca.4366750,65
2026-09-27,del_069_wh_hl_01,deepakk6.vc,54
2026-09-27,del_069_wh_hl_01,shivamyadav8.vc,4
2026-09-27,del_071_wh_hl_01,ca.3745420,5
2026-09-27,del_071_wh_hl_01,ca.4033705,73
2026-09-27,del_071_wh_hl_01,ca.4154169,84
2026-09-27,del_071_wh_hl_01,ca.4154171,12
2026-09-27,del_071_wh_hl_01,ca.4197334,114
2026-09-27,del_071_wh_hl_01,ca.4277308,47
2026-09-27,del_071_wh_hl_01,gautam.jha,120
2026-09-27,del_072_wh_hl_01,bharatkumar3.vc,9
2026-09-27,del_072_wh_hl_01,ca.3915178,2
2026-09-27,del_072_wh_hl_01,ca.4085082,41
2026-09-27,del_072_wh_hl_01,ca.4231968,6
2026-09-27,del_072_wh_hl_01,ca.4271295,98
2026-09-27,del_072_wh_hl_01,ca.4289733,37
2026-09-27,del_074_wh_hl_01,ca.3602266,6
2026-09-27,del_074_wh_hl_01,ca.3882288,111
2026-09-27,del_074_wh_hl_01,ca.4080582,101
2026-09-27,del_074_wh_hl_01,ca.4177912,332
2026-09-27,del_074_wh_hl_01,ca.4183652,3
2026-09-27,del_074_wh_hl_01,ca.4198272,63
2026-09-27,del_074_wh_hl_01,ca.4280831,116
2026-09-27,del_074_wh_hl_01,ca.4287955,230
2026-09-27,del_074_wh_hl_01,ca.4296146,325
2026-09-27,del_074_wh_hl_01,ca.4318396,7
2026-09-27,del_074_wh_hl_01,rajatchauhan.vc,58
2026-09-27,del_075_wh_hl_01,ca.4184908,7
2026-09-27,del_078_wh_hl_01,ca.3972922,99
2026-09-27,del_078_wh_hl_01,ca.4088934,6
2026-09-27,del_078_wh_hl_01,ca.4262664,86
2026-09-27,del_080_wh_hl_01,ca.3420149,608
2026-09-27,del_080_wh_hl_01,ca.3453132,234
2026-09-27,del_080_wh_hl_01,ca.3548991,21
2026-09-27,del_080_wh_hl_01,ca.3980358,294
2026-09-27,del_080_wh_hl_01,ca.4018384,121
2026-09-27,del_080_wh_hl_01,ca.4129309,76
2026-09-27,del_080_wh_hl_01,ca.4154827,182
2026-09-27,del_080_wh_hl_01,ca.4177974,295
2026-09-27,del_080_wh_hl_01,ca.4223868,53
2026-09-27,del_080_wh_hl_01,ca.4237578,54
2026-09-27,del_080_wh_hl_01,ca.4243421,361
2026-09-27,del_080_wh_hl_01,ca.4256014,16
2026-09-27,del_080_wh_hl_01,ca.4264182,9
2026-09-27,del_080_wh_hl_01,ca.4266853,100
2026-09-27,del_080_wh_hl_01,ca.4287942,431
2026-09-27,del_080_wh_hl_01,ca.4291658,55
2026-09-27,del_080_wh_hl_01,ca.4317975,6
2026-09-27,del_080_wh_hl_01,ca.4354222,24
2026-09-27,del_082_wh_hl_01,beerub.vc,8
2026-09-27,del_082_wh_hl_01,ca.3806871,3
2026-09-27,del_082_wh_hl_01,ca.4014443,169
2026-09-27,del_082_wh_hl_01,ca.4155396,214
2026-09-27,del_082_wh_hl_01,ca.4168505,250
2026-09-27,del_082_wh_hl_01,ca.4245917,391
2026-09-27,del_082_wh_hl_01,ca.4248904,317
2026-09-27,del_082_wh_hl_01,ca.4251193,268
2026-09-27,del_082_wh_hl_01,ca.4274372,172
2026-09-27,del_082_wh_hl_01,ca.4294947,484
2026-09-27,del_082_wh_hl_01,ca.4296628,2
2026-09-27,del_082_wh_hl_01,ca.4302920,146
2026-09-27,del_082_wh_hl_01,ca.4325185,221
2026-09-27,del_084_wh_hl_01,ca.4107843,305
2026-09-27,del_084_wh_hl_01,ca.4272188,142
2026-09-27,del_088_wh_hl_01,ca.4231426,25
2026-09-27,del_093_wh_hl_01,ca.3464516,67
2026-09-27,del_093_wh_hl_01,ca.3886659,84
2026-09-27,del_093_wh_hl_01,ca.3893999,24
2026-09-27,del_093_wh_hl_01,ca.4025718,95
2026-09-27,del_093_wh_hl_01,ca.4080396,59
2026-09-27,del_101_wh_hl_01,ca.3751655,274
2026-09-27,del_101_wh_hl_01,ca.3888944,200
2026-09-27,del_101_wh_hl_01,ca.4006327,236
2026-09-27,del_101_wh_hl_01,ca.4009153,204
2026-09-27,del_101_wh_hl_01,ca.4115278,23
2026-09-27,del_101_wh_hl_01,ca.4161686,84
2026-09-27,del_101_wh_hl_01,ca.4164029,62
2026-09-27,del_101_wh_hl_01,ca.4202901,488
2026-09-27,del_101_wh_hl_01,ca.4213431,129
2026-09-27,del_101_wh_hl_01,ca.4238527,145
2026-09-27,del_101_wh_hl_01,vikas.kumarsaini,2
2026-09-27,del_102_wh_hl_01,ca.4224976,5
2026-09-27,del_103_wh_hl_01,ca.4175833,4
2026-09-27,del_104_wh_hl_01,ca.3599644,6
2026-09-27,del_105_wh_hl_01,ca.4332144,85
2026-09-27,del_106_wh_hl_01,ca.4048093,10
2026-09-27,del_106_wh_hl_01,ca.4288957,10
2026-09-27,del_107_wh_hl_01,ca.3591005,2
2026-09-27,del_107_wh_hl_01,ca.4006160,11
2026-09-27,del_108_wh_hl_01,ajaya35.vc,152
2026-09-27,del_108_wh_hl_01,brijeshkumar5.vc,2
2026-09-27,del_108_wh_hl_01,ca.3882330,146
2026-09-27,del_108_wh_hl_01,ca.3887534,551
2026-09-27,del_108_wh_hl_01,ca.4012979,44
2026-09-27,del_108_wh_hl_01,ca.4091225,84
2026-09-27,del_108_wh_hl_01,ca.4104130,158
2026-09-27,del_108_wh_hl_01,ca.4217454,174
2026-09-27,del_108_wh_hl_01,ca.4241031,39
2026-09-27,del_108_wh_hl_01,ca.4273898,314
2026-09-27,del_108_wh_hl_01,ca.4275306,267
2026-09-27,del_108_wh_hl_01,ca.4278687,146
2026-09-27,del_108_wh_hl_01,ca.4281716,180
2026-09-27,del_108_wh_hl_01,ca.4299266,249
2026-09-27,del_108_wh_hl_01,ca.4343775,191
2026-09-27,del_108_wh_hl_01,ca.4355564,254
2026-09-27,del_108_wh_hl_01,ca.4360274,325
2026-09-27,del_108_wh_hl_01,ca.4363750,191
2026-09-27,del_108_wh_hl_01,shahbazkhan1.vc,2
2026-09-27,del_109_wh_hl_01,ca.3853356,323
2026-09-27,del_109_wh_hl_01,ca.3889477,500
2026-09-27,del_109_wh_hl_01,ca.3968664,1
2026-09-27,del_109_wh_hl_01,ca.3991359,403
2026-09-27,del_109_wh_hl_01,ca.4023911,385
2026-09-27,del_109_wh_hl_01,ca.4040451,591
2026-09-27,del_109_wh_hl_01,ca.4238190,539
2026-09-27,del_109_wh_hl_01,ca.4241602,30
2026-09-27,del_110_wh_hl_01,ca.4037643,6
2026-09-27,del_111_wh_hl_01,ca.4124745,6
2026-09-27,del_112_wh_hl_01,adityaraj1.vc,161
2026-09-27,del_112_wh_hl_01,ca.3625187,392
2026-09-27,del_112_wh_hl_01,ca.3816741,39
2026-09-27,del_112_wh_hl_01,ca.3973149,183
2026-09-27,del_112_wh_hl_01,ca.3987704,136
2026-09-27,del_112_wh_hl_01,ca.3998522,159
2026-09-27,del_112_wh_hl_01,ca.4027219,5
2026-09-27,del_112_wh_hl_01,ca.4152819,331
2026-09-27,del_112_wh_hl_01,ca.4226075,79
2026-09-27,del_112_wh_hl_01,ca.4242893,260
2026-09-27,del_112_wh_hl_01,ca.4271132,499
2026-09-27,del_112_wh_hl_01,ca.4271246,42
2026-09-27,del_112_wh_hl_01,ca.4271729,584
2026-09-27,del_113_wh_hl_01,ca.4022505,5
2026-09-27,del_116_wh_hl_01,ca.4364269,3
2026-09-27,del_117_wh_hl_01,ajaya28.vc,205
2026-09-27,del_117_wh_hl_01,ca.3965508,47
2026-09-27,del_117_wh_hl_01,ca.4085451,472
2026-09-27,del_117_wh_hl_01,ca.4210271,103
2026-09-27,del_117_wh_hl_01,shivamyadav10.vc,115
2026-09-27,del_117_wh_hl_01,vickyv8.vc,58
2026-09-27,del_118_wh_hl_01,ca.4117944,5
2026-09-27,del_119_wh_hl_01,ca.4102155,6
2026-09-27,del_121_wh_hl_01,anujkumar16.vc,147
2026-09-27,del_121_wh_hl_01,ca.3521224,114
2026-09-27,del_121_wh_hl_01,ca.3857552,13
2026-09-27,del_121_wh_hl_01,ca.3905136,726
2026-09-27,del_121_wh_hl_01,ca.4094767,267
2026-09-27,del_121_wh_hl_01,ca.4128427,578
2026-09-27,del_121_wh_hl_01,ca.4129970,605
2026-09-27,del_121_wh_hl_01,ca.4234144,9
2026-09-27,del_121_wh_hl_01,ca.4280107,48
2026-09-27,del_121_wh_hl_01,ca.4280112,224
2026-09-27,del_121_wh_hl_01,ca.4282943,58
2026-09-27,del_121_wh_hl_01,nijamudinn1.vc,454
2026-09-27,del_121_wh_hl_01,rajeshyadav3.vc,723
2026-09-27,del_121_wh_hl_01,vinaykumar8.vc,20
2026-09-27,del_122_wh_hl_01,ca.3749804,165
2026-09-27,del_122_wh_hl_01,ca.3834792,38
2026-09-27,del_122_wh_hl_01,ca.3962116,66
2026-09-27,del_122_wh_hl_01,ca.4134548,7
2026-09-27,del_123_wh_hl_01,ca.3428906,5
2026-09-27,del_123_wh_hl_01,ca.4188461,358
2026-09-27,del_123_wh_hl_01,ca.4280216,561
2026-09-27,del_123_wh_hl_01,sudheerverma.vc,3
2026-09-27,del_124_wh_hl_01,ca.3902718,86
2026-09-27,del_124_wh_hl_01,ca.4166506,5
2026-09-27,del_124_wh_hl_01,ca.4240826,120
2026-09-27,del_125_wh_hl_01,ca.3751024,261
2026-09-27,del_125_wh_hl_01,ca.3755704,156
2026-09-27,del_125_wh_hl_01,ca.3819872,23
2026-09-27,del_125_wh_hl_01,ca.4007423,420
2026-09-27,del_125_wh_hl_01,ca.4015017,354
2026-09-27,del_125_wh_hl_01,ca.4126906,242
2026-09-27,del_125_wh_hl_01,ca.4144221,331
2026-09-27,del_125_wh_hl_01,ca.4159060,331
2026-09-27,del_125_wh_hl_01,ca.4168181,3
2026-09-27,del_125_wh_hl_01,ca.4234071,469
2026-09-27,del_125_wh_hl_01,ca.4312601,137
2026-09-27,del_125_wh_hl_01,ca.4345715,151
2026-09-27,del_125_wh_hl_01,dheerajkumar20.vc,32
2026-09-27,del_126_wh_hl_01,amankumar39.vc,13
2026-09-27,del_126_wh_hl_01,ca.3428158,426
2026-09-27,del_126_wh_hl_01,ca.3523993,410
2026-09-27,del_126_wh_hl_01,ca.3733073,676
2026-09-27,del_126_wh_hl_01,ca.3864643,275
2026-09-27,del_126_wh_hl_01,ca.3891661,115
2026-09-27,del_126_wh_hl_01,ca.3892102,147
2026-09-27,del_126_wh_hl_01,ca.3892110,212
2026-09-27,del_126_wh_hl_01,ca.3905473,5
2026-09-27,del_126_wh_hl_01,ca.3990927,64
2026-09-27,del_126_wh_hl_01,ca.3991095,153
2026-09-27,del_126_wh_hl_01,ca.3992159,59
2026-09-27,del_126_wh_hl_01,ca.4012204,284
2026-09-27,del_126_wh_hl_01,ca.4025526,141
2026-09-27,del_126_wh_hl_01,ca.4092567,136
2026-09-27,del_126_wh_hl_01,ca.4141157,70
2026-09-27,del_126_wh_hl_01,ca.4285079,389
2026-09-27,del_126_wh_hl_01,ca.4288062,117
2026-09-27,del_126_wh_hl_01,ca.4363389,66
2026-09-27,del_126_wh_hl_01,mdazmalali.vc,108
2026-09-27,del_127_wh_hl_01,lma.100001622223,103
2026-09-27,del_127_wh_hl_01,lma.100001630086,5
2026-09-27,del_128_wh_hl_01,ca.4227020,4
2026-09-27,del_135_wh_hl_01,ca.4232323,16
2026-09-27,del_135_wh_hl_01,ca.4285788,115
2026-09-27,del_135_wh_hl_01,ca.4359254,66
2026-09-27,del_136_wh_hl_01,ca.4014849,138
2026-09-27,del_136_wh_hl_01,ca.4133173,20
2026-09-27,del_136_wh_hl_01,ca.4149909,347
2026-09-27,del_136_wh_hl_01,ca.4286834,193
2026-09-27,del_136_wh_hl_01,ca.4298049,77
2026-09-27,del_136_wh_hl_01,ca.4360811,39
2026-09-27,del_140_wh_hl_01,ca.3979724,691
2026-09-27,del_140_wh_hl_01,ca.4038765,31
2026-09-27,del_140_wh_hl_01,ca.4126958,393
2026-09-27,del_140_wh_hl_01,ca.4219363,36
2026-09-27,del_140_wh_hl_01,ca.4237724,209
2026-09-27,del_140_wh_hl_01,ca.4239421,339
2026-09-27,del_140_wh_hl_01,ca.4260536,97
2026-09-27,del_140_wh_hl_01,ca.4274658,8
2026-09-27,del_140_wh_hl_01,ca.4278678,151
2026-09-27,del_141_wh_hl_01,ca.3603788,125
2026-09-27,del_141_wh_hl_01,ca.3856375,384
2026-09-27,del_141_wh_hl_01,ca.3891937,123
2026-09-27,del_141_wh_hl_01,ca.4089681,548
2026-09-27,del_141_wh_hl_01,ca.4098363,286
2026-09-27,del_141_wh_hl_01,ca.4140117,524
2026-09-27,del_141_wh_hl_01,ca.4193937,2
2026-09-27,del_141_wh_hl_01,ca.4195149,329
2026-09-27,del_141_wh_hl_01,ca.4198786,453
2026-09-27,del_141_wh_hl_01,ca.4272706,681
2026-09-27,del_141_wh_hl_01,ca.4279976,495
2026-09-27,del_141_wh_hl_01,ca.4282857,53
2026-09-27,del_141_wh_hl_01,ca.4308767,4
2026-09-27,del_141_wh_hl_01,dhirajkumarrai.vc,18
2026-09-27,del_141_wh_hl_01,ganeshsingh.vc,178
2026-09-27,del_141_wh_hl_01,yogeshnagpal2.vc,9
2026-09-27,del_142_wh_hl_01,ca.3889507,820
2026-09-27,del_142_wh_hl_01,ca.3915340,350
2026-09-27,del_142_wh_hl_01,ca.3919275,296
2026-09-27,del_142_wh_hl_01,ca.4015055,338
2026-09-27,del_142_wh_hl_01,ca.4062995,1025
2026-09-27,del_142_wh_hl_01,ca.4109949,153
2026-09-27,del_142_wh_hl_01,ca.4256112,13
2026-09-27,del_142_wh_hl_01,ca.4275057,413
2026-09-27,del_142_wh_hl_01,ca.4356250,158
2026-09-27,del_142_wh_hl_01,sahils22.vc,8
2026-09-27,del_143_wh_hl_01,ca.4151179,388
2026-09-27,del_143_wh_hl_01,ca.4181768,29
2026-09-27,del_143_wh_hl_01,ca.4183146,3
2026-09-27,del_143_wh_hl_01,ca.4191351,182
2026-09-27,del_143_wh_hl_01,ca.4199861,91
2026-09-27,del_143_wh_hl_01,ca.4199872,199
2026-09-27,del_143_wh_hl_01,ca.4245102,235
2026-09-27,del_143_wh_hl_01,ca.4246051,63
2026-09-27,del_143_wh_hl_01,ca.4257466,41
2026-09-27,del_143_wh_hl_01,ca.4267470,3
2026-09-27,del_147_wh_hl_01,ca.4158457,4
2026-09-27,del_148_wh_hl_01,ca.4057334,6
2026-09-27,del_148_wh_hl_01,ca.4227751,220
2026-09-27,del_14_wh_hl_01,ca.3322386,494
2026-09-27,del_14_wh_hl_01,ca.3361430,68
2026-09-27,del_14_wh_hl_01,ca.3452906,404
2026-09-27,del_14_wh_hl_01,ca.3454000,545
2026-09-27,del_14_wh_hl_01,ca.3455302,70
2026-09-27,del_14_wh_hl_01,ca.3635388,373
2026-09-27,del_14_wh_hl_01,ca.3879795,512
2026-09-27,del_14_wh_hl_01,ca.4101747,412
2026-09-27,del_14_wh_hl_01,ca.4108617,783
2026-09-27,del_14_wh_hl_01,ca.4245723,515
2026-09-27,del_14_wh_hl_01,ca.4261180,121
2026-09-27,del_14_wh_hl_01,ca.4263959,30
2026-09-27,del_14_wh_hl_01,ca.4290882,317
2026-09-27,del_14_wh_hl_01,ca.4294571,31
2026-09-27,del_14_wh_hl_01,rajan.r9,3
2026-09-27,del_150_wh_hl_01,ca.3651460,305
2026-09-27,del_150_wh_hl_01,ca.3846735,211
2026-09-27,del_150_wh_hl_01,ca.3846742,16
2026-09-27,del_150_wh_hl_01,ca.3857666,12
2026-09-27,del_150_wh_hl_01,ca.3889897,111
2026-09-27,del_150_wh_hl_01,ca.3932513,369
2026-09-27,del_150_wh_hl_01,ca.3985135,3
2026-09-27,del_150_wh_hl_01,ca.4135943,212
2026-09-27,del_150_wh_hl_01,ca.4147395,76
2026-09-27,del_150_wh_hl_01,ca.4196854,516
2026-09-27,del_150_wh_hl_01,ca.4259674,169
2026-09-27,del_150_wh_hl_01,shubhamsingh15.vc,566
2026-09-27,del_151_wh_hl_01,ca.3879257,360
2026-09-27,del_151_wh_hl_01,ca.4271361,3
2026-09-27,del_151_wh_hl_01,ca.4277649,75
2026-09-27,del_152_wh_hl_01,ca.3938913,5
2026-09-27,del_153_wh_hl_01,ca.3980088,5
2026-09-27,del_154_wh_hl_01,ca.3963235,102
2026-09-27,del_154_wh_hl_01,ca.3986451,39
2026-09-27,del_154_wh_hl_01,ca.3998044,57
2026-09-27,del_154_wh_hl_01,ca.4141690,78
2026-09-27,del_154_wh_hl_01,ca.4150840,94
2026-09-27,del_156_wh_hl_01,ca.3879204,117
2026-09-27,del_156_wh_hl_01,ca.3901341,193
2026-09-27,del_156_wh_hl_01,ca.4069559,835
2026-09-27,del_156_wh_hl_01,ca.4180992,21
2026-09-27,del_156_wh_hl_01,ca.4210714,278
2026-09-27,del_156_wh_hl_01,ca.4242710,103
2026-09-27,del_156_wh_hl_01,ca.4252754,190
2026-09-27,del_156_wh_hl_01,ca.4294441,4
2026-09-27,del_156_wh_hl_01,vinayv9.vc,3
2026-09-27,del_158_wh_hl_01,ca.4112909,7
2026-09-27,del_158_wh_hl_01,ca.4238213,1
2026-09-27,del_159_wh_hl_01,ca.4238406,2
2026-09-27,del_160_wh_hl_01,ca.4142989,379
2026-09-27,del_160_wh_hl_01,ca.4218894,140
2026-09-27,del_161_wh_hl_01,ca.4192820,280
2026-09-27,del_161_wh_hl_01,ca.4204867,135
2026-09-27,del_162_wh_hl_01,lma.100001575419,1
2026-09-27,del_162_wh_hl_01,lma.100001575427,13
2026-09-27,del_162_wh_hl_01,lma.100001587380,70
2026-09-27,del_162_wh_hl_01,lma.100001587434,497
2026-09-27,del_162_wh_hl_01,lma.100001588150,50
2026-09-27,del_162_wh_hl_01,lma.100001593023,2
2026-09-27,del_162_wh_hl_01,lma.100001594085,114
2026-09-27,del_163_wh_hl_01,lma.100001615272,440
2026-09-27,del_163_wh_hl_01,lma.100001615290,212
2026-09-27,del_163_wh_hl_01,lma.100001616486,1
2026-09-27,del_163_wh_hl_01,lma.100001616491,14
2026-09-27,del_163_wh_hl_01,lma.100001640997,789
2026-09-27,del_165_wh_hl_01,lma.100001615353,18
2026-09-27,del_165_wh_hl_01,lma.100001615634,1
2026-09-27,del_165_wh_hl_01,lma.100001635803,130
2026-09-27,del_166_wh_hl_01,ca.3948725,247
2026-09-27,del_166_wh_hl_01,ca.4005202,150
2026-09-27,del_166_wh_hl_01,ca.4124537,140
2026-09-27,del_174_wh_hl_01,ca.3929111,1
2026-09-27,del_178_wh_hl_01,ca.3852251,76
2026-09-27,del_178_wh_hl_01,ca.4016145,282
2026-09-27,del_178_wh_hl_01,ca.4016151,65
2026-09-27,del_178_wh_hl_01,ca.4016171,775
2026-09-27,del_178_wh_hl_01,ca.4053094,1735
2026-09-27,del_178_wh_hl_01,ca.4153703,30
2026-09-27,del_178_wh_hl_01,ca.4338693,131
2026-09-27,del_178_wh_hl_01,harishh4.vc,979
2026-09-27,del_179_wh_hl_01,lma.100001609497,1
2026-09-27,del_179_wh_hl_01,lma.100001663481,56
2026-09-27,del_180_wh_hl_01,ca.4228024,3
2026-09-27,del_181_wh_hl_01,ca.3841550,518
2026-09-27,del_181_wh_hl_01,ca.3842607,7
2026-09-27,del_181_wh_hl_01,ca.3886309,322
2026-09-27,del_181_wh_hl_01,ca.3952561,623
2026-09-27,del_181_wh_hl_01,ca.3972926,792
2026-09-27,del_181_wh_hl_01,ca.4057430,549
2026-09-27,del_181_wh_hl_01,ca.4083128,967
2026-09-27,del_181_wh_hl_01,ca.4160893,43
2026-09-27,del_181_wh_hl_01,ca.4260948,23
2026-09-27,del_181_wh_hl_01,vivekkumarsaroj.vc,490
2026-09-27,del_184_wh_hl_01,ca.3985245,52
2026-09-27,del_184_wh_hl_01,ca.4061451,161
2026-09-27,del_184_wh_hl_01,ca.4061742,1
2026-09-27,del_184_wh_hl_01,ca.4113761,12
2026-09-27,del_184_wh_hl_01,ca.4254528,61
2026-09-27,del_184_wh_hl_01,ca.4292373,86
2026-09-27,del_186_wh_hl_01,jitenderrathore.vc,2
2026-09-27,del_187_wh_hl_01,ca.4181372,1
2026-09-27,del_188_wh_hl_01,ca.4003169,3
2026-09-27,del_188_wh_hl_01,ca.4260428,1
2026-09-27,del_190_wh_hl_01,ca.4188987,2
2026-09-27,del_191_wh_hl_01,altabhusain.vc,76
2026-09-27,del_191_wh_hl_01,ca.3931710,98
2026-09-27,del_191_wh_hl_01,ca.3931732,43
2026-09-27,del_191_wh_hl_01,ca.4188423,214
2026-09-27,del_191_wh_hl_01,ca.4261141,79
2026-09-27,del_193_wh_hl_01,ca.3985254,165
2026-09-27,del_193_wh_hl_01,ca.4031044,39
2026-09-27,del_193_wh_hl_01,ca.4033980,8
2026-09-27,del_193_wh_hl_01,ca.4072502,36
2026-09-27,del_194_wh_hl_01,ca.4100130,128
2026-09-27,del_194_wh_hl_01,ca.4120478,69
2026-09-27,del_194_wh_hl_01,ca.4132633,1
2026-09-27,del_194_wh_hl_01,ca.4163922,258
2026-09-27,del_194_wh_hl_01,ca.4164798,633
2026-09-27,del_194_wh_hl_01,ca.4255279,9
2026-09-27,del_194_wh_hl_01,laxmansingh2.vc,1136
2026-09-27,del_195_wh_hl_01,ca.3968604,107
2026-09-27,del_195_wh_hl_01,ca.3976053,109
2026-09-27,del_196_wh_hl_01,ca.3983412,160
2026-09-27,del_196_wh_hl_01,ca.3983413,217
2026-09-27,del_196_wh_hl_01,ca.4036376,222
2026-09-27,del_196_wh_hl_01,prabhatc.vc,1
2026-09-27,del_197_wh_hl_01,abhaykumarverma.vc,1
2026-09-27,del_197_wh_hl_01,ca.4046417,88
2026-09-27,del_197_wh_hl_01,ca.4046431,88
2026-09-27,del_197_wh_hl_01,ca.4295672,33
2026-09-27,del_198_wh_hl_01,ca.3907767,97
2026-09-27,del_198_wh_hl_01,ca.4078475,157
2026-09-27,del_198_wh_hl_01,ca.4181269,145
2026-09-27,del_198_wh_hl_01,ca.4183132,69
2026-09-27,del_198_wh_hl_01,ca.4189710,89
2026-09-27,del_198_wh_hl_01,ca.4191339,699
2026-09-27,del_198_wh_hl_01,ca.4231368,1
2026-09-27,del_198_wh_hl_01,ca.4241464,9
2026-09-27,del_199_wh_hl_01,ca.4006116,62
2026-09-27,del_199_wh_hl_01,ca.4009860,309
2026-09-27,del_199_wh_hl_01,ca.4014855,68
2026-09-27,del_199_wh_hl_01,ca.4033754,238
2026-09-27,del_199_wh_hl_01,ca.4120085,11
2026-09-27,del_199_wh_hl_01,ca.4147397,221
2026-09-27,del_199_wh_hl_01,ca.4260317,1
2026-09-27,del_199_wh_hl_01,ca.4280292,265
2026-09-27,del_199_wh_hl_01,shubhams25.vc,1
2026-09-27,del_200_wh_hl_01,ca.3985919,805
2026-09-27,del_200_wh_hl_01,ca.4072649,243
2026-09-27,del_200_wh_hl_01,ca.4135480,754
2026-09-27,del_200_wh_hl_01,ca.4198594,261
2026-09-27,del_200_wh_hl_01,ca.4268289,737
2026-09-27,del_200_wh_hl_01,ca.4344522,57
2026-09-27,del_200_wh_hl_01,princep10.vc,15
2026-09-27,del_201_wh_hl_01,ca.4244694,70
2026-09-27,del_201_wh_hl_01,ca.4244717,47
2026-09-27,del_201_wh_hl_01,ca.4268974,29
2026-09-27,del_201_wh_hl_01,ca.4303864,159
2026-09-27,del_201_wh_hl_01,durgeshd.vc,3
2026-09-27,del_202_wh_hl_01,ca.4193946,65
2026-09-27,del_202_wh_hl_01,ca.4238782,117
2026-09-27,del_202_wh_hl_01,varunjangra.vc,128
2026-09-27,del_207_wh_hl_01,ca.4027649,981
2026-09-27,del_207_wh_hl_01,ca.4040459,1
2026-09-27,del_207_wh_hl_01,ca.4087316,222
2026-09-27,del_207_wh_hl_01,ca.4168338,456
2026-09-27,del_207_wh_hl_01,ca.4190669,546
2026-09-27,del_207_wh_hl_01,ca.4278794,231
2026-09-27,del_207_wh_hl_01,ca.4286547,531
2026-09-27,del_207_wh_hl_01,ca.4289691,97
2026-09-27,del_207_wh_hl_01,ca.4290552,34
2026-09-27,del_209_wh_hl_01,ca.4186719,1
2026-09-27,del_210_wh_hl_01,ca.4277069,1
2026-09-27,del_210_wh_hl_01,ca.4277080,202
2026-09-27,del_210_wh_hl_01,ca.4277090,265
2026-09-27,del_210_wh_hl_01,ca.4277140,155
2026-09-27,del_210_wh_hl_01,ca.4280032,344
2026-09-27,del_210_wh_hl_01,ca.4298571,313
2026-09-27,del_210_wh_hl_01,ca.4313046,131
2026-09-27,del_210_wh_hl_01,ca.4318794,946
2026-09-27,del_210_wh_hl_01,ca.4400629,86
2026-09-27,del_210_wh_hl_01,omprakash5.vc,1
2026-09-27,del_213_wh_hl_01,ca.3738072,50
2026-09-27,del_213_wh_hl_01,ca.4161494,26
2026-09-27,del_227_wh_hl_01,ca.4257620,1
2026-09-27,del_229_wh_hl_01,ankitkumar41.vc,3
2026-09-27,del_229_wh_hl_01,ca.4270929,19
2026-09-27,del_229_wh_hl_01,ca.4270939,42
2026-09-27,del_229_wh_hl_01,ca.4273889,160
2026-09-27,del_229_wh_hl_01,ca.4289772,272
2026-09-27,del_229_wh_hl_01,ca.4303574,39
2026-09-27,del_231_wh_hl_01,yadit.sharma,9
2026-09-27,del_237_wh_hl_01,ca.4261590,141
2026-09-27,del_237_wh_hl_01,ca.4261601,169
2026-09-27,del_237_wh_hl_01,ca.4263387,146
2026-09-27,del_237_wh_hl_01,ca.4290500,198
2026-09-27,del_237_wh_hl_01,nikhilmishra.vc,296
2026-09-27,del_239_wh_hl_01,ca.4043544,69
2026-09-27,del_239_wh_hl_01,ca.4270769,155
2026-09-27,del_239_wh_hl_01,ca.4271276,351
2026-09-27,del_239_wh_hl_01,ca.4271284,102
2026-09-27,del_239_wh_hl_01,ca.4303609,829
2026-09-27,del_239_wh_hl_01,ca.4307033,124
2026-09-27,del_239_wh_hl_01,ca.4320280,37
2026-09-27,del_239_wh_hl_01,gauravkumar34.vc,1
2026-09-27,del_240_wh_hl_01,ca.4284201,57
2026-09-27,del_243_wh_hl_01,anshua2.vc,452
2026-09-27,del_243_wh_hl_01,ca.4256917,709
2026-09-27,del_243_wh_hl_01,ca.4297626,654
2026-09-27,del_243_wh_hl_01,ca.4300873,18
2026-09-27,del_260_wh_hl_01,ca.4265807,10
2026-09-27,del_260_wh_hl_01,ca.4274795,27
2026-09-27,del_261_wh_hl_01,ca.4345902,47
2026-09-27,del_261_wh_hl_01,ca.4345927,115
2026-09-27,del_261_wh_hl_01,ca.4345934,343
2026-09-27,del_261_wh_hl_01,ca.4345943,261
2026-09-27,del_261_wh_hl_01,ca.4345949,156
2026-09-27,del_261_wh_hl_01,ca.4356203,62
2026-09-27,del_261_wh_hl_01,ca.4357327,256
2026-09-27,del_261_wh_hl_01,pradeepkumar28.vc,1
2026-09-27,del_267_wh_hl_01,vineetkumar1.vc,1
2026-09-27,del_272_wh_hl_01,ca.4293197,31
2026-09-27,del_281_wh_hl_01,ca.4267274,1
2026-09-27,del_282_wh_hl_01,ca.4325353,1
2026-09-27,del_289_wh_hl_01,ca.4274146,13
2026-09-27,del_289_wh_hl_01,ca.4274955,62
2026-09-27,del_289_wh_hl_01,ca.4283453,253
2026-09-27,del_289_wh_hl_01,ca.4289206,380
2026-09-27,del_289_wh_hl_01,ca.4296661,96
2026-09-27,del_289_wh_hl_01,ca.4301607,477
2026-09-27,del_289_wh_hl_01,praveenkumar41.vc,432
2026-09-27,del_290_wh_hl_01,ca.4257905,86
2026-09-27,del_290_wh_hl_01,ca.4257907,169
2026-09-27,del_290_wh_hl_01,ca.4257936,53
2026-09-27,del_290_wh_hl_01,ca.4266217,1
2026-09-27,del_290_wh_hl_01,sandeepsingh19.vc,108
2026-09-27,del_290_wh_hl_01,surajkumar30.vc,12
2026-09-27,del_291_wh_hl_01,ca.4272851,1
2026-09-27,del_310_wh_hl_02,ca.4280167,1
2026-09-27,del_310_wh_hl_02,ca.4302569,45
2026-09-27,del_901_wh_hl_01,ca.3524483,787
2026-09-27,del_901_wh_hl_01,ca.4162416,242
2026-09-27,del_915_wh_hl_01,aryankumarsingh.vc,1
2026-09-27,del_957_wh_hl_01,ca.3167952,346
2026-09-27,del_957_wh_hl_01,ca.3460321,274
2026-09-27,del_957_wh_hl_01,ca.3770812,777
2026-09-27,del_957_wh_hl_01,ca.3799160,105
2026-09-27,del_957_wh_hl_01,ca.3866127,62
2026-09-27,del_957_wh_hl_01,ca.3877499,91
2026-09-27,del_957_wh_hl_01,ca.3944114,3
2026-09-27,del_957_wh_hl_01,ca.3952149,49
2026-09-27,del_957_wh_hl_01,ca.4010022,351
2026-09-27,del_957_wh_hl_01,ca.4047953,146
2026-09-27,del_957_wh_hl_01,ca.4147053,288
2026-09-27,del_957_wh_hl_01,ca.4159963,39
2026-09-27,del_957_wh_hl_01,ca.4197553,174
2026-09-27,del_957_wh_hl_01,ca.4267907,213
2026-09-27,del_957_wh_hl_01,ca.4280195,249
2026-09-27,del_957_wh_hl_01,ca.4293382,714
2026-09-27,del_957_wh_hl_01,deepakrai1.vc,15
2026-09-27,del_957_wh_hl_01,sandeeps23.vc,482
2026-09-27,del_967_wh_hl_01,ca.4123954,1
2026-09-27,dnc_101_wh_hl_01,ca.4102849,424
2026-09-27,dnc_101_wh_hl_01,ca.4160034,284
2026-09-27,dnc_101_wh_hl_01,ca.4160301,157
2026-09-27,dnc_101_wh_hl_01,ca.4176599,1055
2026-09-27,dnc_101_wh_hl_01,ca.4182747,35
2026-09-27,dnc_101_wh_hl_01,ca.4201813,176
2026-09-27,dnc_101_wh_hl_01,ca.4207129,167
2026-09-27,dnc_101_wh_hl_01,ca.4212163,676
2026-09-27,dnc_101_wh_hl_01,ca.4212833,168
2026-09-27,dnc_101_wh_hl_01,ca.4221320,504
2026-09-27,dnc_101_wh_hl_01,gufrang1.vc,11
2026-09-27,dnc_102_wh_hl_01,ca.3819070,303
2026-09-27,dnc_102_wh_hl_01,ca.3892993,262
2026-09-27,dnc_102_wh_hl_01,ca.4097506,846
2026-09-27,dnc_102_wh_hl_01,ca.4133140,1551
2026-09-27,dnc_102_wh_hl_01,ca.4151530,207
2026-09-27,dnc_102_wh_hl_01,surajs20.vc,424
2026-09-27,dnc_106_wh_hl_01,ca.4130505,446
2026-09-27,dnc_106_wh_hl_01,ca.4134212,34
2026-09-27,dnc_106_wh_hl_01,ca.4147340,820
2026-09-27,dnc_106_wh_hl_01,ca.4172709,78
2026-09-27,dnc_106_wh_hl_01,ca.4272688,1060
2026-09-27,dnc_106_wh_hl_01,ca.4273923,260
2026-09-27,dnc_106_wh_hl_01,ca.4284259,542
2026-09-27,dnc_106_wh_hl_01,ca.4286650,1
2026-09-27,dnc_106_wh_hl_01,ca.4286657,485
2026-09-27,dnc_106_wh_hl_01,ca.4300478,2
2026-09-27,dnc_106_wh_hl_01,jyotij3.vc,45
2026-09-27,dnc_107_wh_hl_01,ca.3983628,229
2026-09-27,dnc_107_wh_hl_01,ca.4150905,884
2026-09-27,dnc_107_wh_hl_01,ca.4222959,411
2026-09-27,dnc_107_wh_hl_01,ca.4240721,268
2026-09-27,dnc_107_wh_hl_01,ca.4243401,33
2026-09-27,dnc_107_wh_hl_01,ca.4272683,85
2026-09-27,dnc_107_wh_hl_01,ca.4286610,32
2026-09-27,dnc_107_wh_hl_01,ca.4286639,687
2026-09-27,dnc_107_wh_hl_01,ca.4286762,1425
2026-09-27,dnc_110_wh_hl_01,akshaya9.vc,1789
2026-09-27,dnc_110_wh_hl_01,ca.3878197,1177
2026-09-27,dnc_110_wh_hl_01,ca.4202934,26
2026-09-27,dnc_110_wh_hl_01,ca.4224685,9
2026-09-27,dnc_110_wh_hl_01,ca.4231087,143
2026-09-27,dnc_110_wh_hl_01,ca.4273693,62
2026-09-27,dnc_110_wh_hl_01,ca.4273745,351
2026-09-27,dnc_110_wh_hl_01,ca.4273860,359
2026-09-27,dnc_110_wh_hl_01,ca.4277259,615
2026-09-27,dnc_114_wh_hl_01,ca.3846752,16
2026-09-27,dnc_114_wh_hl_01,ca.4025482,22
2026-09-27,dnc_114_wh_hl_01,ca.4150311,10
2026-09-27,dnc_114_wh_hl_01,ca.4293303,4
2026-09-27,dnc_114_wh_hl_01,ca.4297645,20
2026-09-27,dnc_114_wh_hl_01,rahulr93.vc,45
2026-09-27,dnc_114_wh_hl_01,subhamkumar6.vc,16
2026-09-27,dnc_117_wh_hl_01,ca.4121837,487
2026-09-27,dnc_117_wh_hl_01,ca.4124509,82
2026-09-27,dnc_117_wh_hl_01,ca.4170199,6
2026-09-27,dnc_117_wh_hl_01,ca.4188810,5
2026-09-27,dnc_117_wh_hl_01,ca.4281780,1216
2026-09-27,dnc_117_wh_hl_01,ca.4288027,592
2026-09-27,dnc_117_wh_hl_01,ca.4306777,34
2026-09-27,dnc_117_wh_hl_01,ca.4326114,4
2026-09-27,dnc_117_wh_hl_01,ca.4326801,1
2026-09-27,dnc_117_wh_hl_01,ca.4331500,745
2026-09-27,dnc_117_wh_hl_01,ca.4354951,2
2026-09-27,dnc_117_wh_hl_01,rajkumar13.vc,12
2026-09-27,far_101_wh_hl_01,ca.3570775,136
2026-09-27,far_101_wh_hl_01,ca.3971242,971
2026-09-27,far_101_wh_hl_01,ca.4069643,81
2026-09-27,far_101_wh_hl_01,ca.4169999,246
2026-09-27,far_101_wh_hl_01,ca.4204419,228
2026-09-27,far_101_wh_hl_01,ca.4209268,136
2026-09-27,far_101_wh_hl_01,ca.4256937,611
2026-09-27,far_101_wh_hl_01,ca.4259804,36
2026-09-27,far_101_wh_hl_01,ca.4285731,170
2026-09-27,far_102_wh_hl_02,ashutosha4.vc,190
2026-09-27,far_102_wh_hl_02,ca.3634612,242
2026-09-27,far_102_wh_hl_02,ca.3635973,18
2026-09-27,far_102_wh_hl_02,ca.3690022,139
2026-09-27,far_102_wh_hl_02,ca.3746409,238
2026-09-27,far_102_wh_hl_02,ca.3828227,97
2026-09-27,far_102_wh_hl_02,ca.4190390,85
2026-09-27,far_102_wh_hl_02,ca.4323036,118
2026-09-27,far_104_wh_hl_01,ca.4162829,681
2026-09-27,far_104_wh_hl_01,ca.4261358,22
2026-09-27,far_104_wh_hl_01,ca.4261788,102
2026-09-27,far_104_wh_hl_01,ca.4268399,126
2026-09-27,far_104_wh_hl_01,ca.4272876,120
2026-09-27,far_104_wh_hl_01,ca.4289446,78
2026-09-27,far_104_wh_hl_01,ca.4298971,207
2026-09-27,far_104_wh_hl_01,ca.4319384,65
2026-09-27,far_104_wh_hl_01,kamalsharma2.vc,88
2026-09-27,far_104_wh_hl_01,lalit.sehgal,275
2026-09-27,far_104_wh_hl_01,shivams38.vc,331
2026-09-27,far_105_wh_hl_01,ca.3705997,6
2026-09-27,far_105_wh_hl_01,ca.3770939,6
2026-09-27,far_105_wh_hl_01,ca.3827494,45
2026-09-27,far_105_wh_hl_01,ca.4113980,1
2026-09-27,far_105_wh_hl_01,gauravg23.vc,59
2026-09-27,far_105_wh_hl_01,nitishkumar17.vc,21
2026-09-27,far_106_wh_hl_01,ca.4189923,14
2026-09-27,far_106_wh_hl_01,ca.4189925,225
2026-09-27,far_106_wh_hl_01,ca.4310160,287
2026-09-27,far_106_wh_hl_01,deepaksharma16.vc,132
2026-09-27,far_107_wh_hl_01,ca.4050293,155
2026-09-27,far_107_wh_hl_01,ca.4179215,1
2026-09-27,far_108_wh_hl_01,ca.4261069,1
2026-09-27,far_108_wh_hl_01,ca.4264843,65
2026-09-27,far_108_wh_hl_01,ca.4343445,29
2026-09-27,far_109_wh_hl_01,ca.4033517,1
2026-09-27,far_110_wh_hl_01,ca.4133864,676
2026-09-27,far_110_wh_hl_01,ca.4140177,82
2026-09-27,far_110_wh_hl_01,ca.4140255,109
2026-09-27,far_110_wh_hl_01,ca.4236285,10
2026-09-27,far_110_wh_hl_01,ca.4277181,497
2026-09-27,far_110_wh_hl_01,ca.4285830,6
2026-09-27,ggn_105_wh_hl_01,ca.3461601,128
2026-09-27,ggn_105_wh_hl_01,ca.3653719,323
2026-09-27,ggn_105_wh_hl_01,ca.4151076,110
2026-09-27,ggn_105_wh_hl_01,mahaveerm.vc,4
2026-09-27,ghz_102_wh_hl_01,ca.3777027,355
2026-09-27,ghz_102_wh_hl_01,ca.3891599,42
2026-09-27,ghz_102_wh_hl_01,ca.3961483,2
2026-09-27,ghz_102_wh_hl_01,ca.3997387,52
2026-09-27,ghz_102_wh_hl_01,ca.4074730,36
2026-09-27,ghz_102_wh_hl_01,ca.4105977,395
2026-09-27,ghz_102_wh_hl_01,ca.4107268,68
2026-09-27,ghz_102_wh_hl_01,ca.4142819,296
2026-09-27,ghz_102_wh_hl_01,ca.4163002,18
2026-09-27,ghz_102_wh_hl_01,ca.4213487,673
2026-09-27,ghz_102_wh_hl_01,nitinn14.vc,1
2026-09-27,ghz_103_wh_hl_01,ca.3943513,82
2026-09-27,ghz_103_wh_hl_01,ca.4039331,170
2026-09-27,ghz_103_wh_hl_01,ca.4303174,122
2026-09-27,ghz_103_wh_hl_01,ca.4348374,213
2026-09-27,ghz_104_wh_hl_01,ca.4289117,536
2026-09-27,ghz_104_wh_hl_01,ca.4355532,654
2026-09-27,ghz_104_wh_hl_01,diwakartripathi.vc,176
2026-09-27,ghz_105_wh_hl_01,ca.3938781,1
2026-09-27,ghz_105_wh_hl_01,ca.4155752,102
2026-09-27,ghz_105_wh_hl_01,ca.4289961,70
2026-09-27,ghz_106_wh_hl_01,ca.3796404,419
2026-09-27,ghz_106_wh_hl_01,ca.3859629,297
2026-09-27,ghz_106_wh_hl_01,ca.3900872,6
2026-09-27,ghz_106_wh_hl_01,ca.3924693,530
2026-09-27,ghz_106_wh_hl_01,ca.4109145,319
2026-09-27,ghz_106_wh_hl_01,ca.4179959,190
2026-09-27,ghz_106_wh_hl_01,ca.4197509,729
2026-09-27,ghz_106_wh_hl_01,ca.4266890,871
2026-09-27,ghz_106_wh_hl_01,ca.4295924,22
2026-09-27,ghz_106_wh_hl_01,deepakkumarm2.vc,8
2026-09-27,ghz_106_wh_hl_01,mahendrarana.3plghz,22
2026-09-27,ghz_106_wh_hl_01,rahulr.3plphar6,237
2026-09-27,ghz_108_wh_hl_01,ca.4222482,1
2026-09-27,ghz_109_wh_hl_01,ca.3990637,58
2026-09-27,ghz_109_wh_hl_01,ca.4019609,107
2026-09-27,ghz_109_wh_hl_01,ca.4044387,23
2026-09-27,ghz_109_wh_hl_01,ca.4181168,109
2026-09-27,ghz_109_wh_hl_01,princegautam.vc,1047
2026-09-27,ghz_110_wh_hl_01,ca.3232133,27
2026-09-27,ghz_110_wh_hl_01,ca.4176419,49
2026-09-27,ghz_110_wh_hl_01,ca.4180554,90
2026-09-27,ghz_110_wh_hl_01,ca.4238985,38
2026-09-27,ghz_110_wh_hl_01,ca.4261996,22
2026-09-27,ghz_110_wh_hl_01,ca.4262019,65
2026-09-27,ghz_110_wh_hl_01,ca.4322364,31
2026-09-27,ghz_110_wh_hl_01,ca.4322370,4
2026-09-27,ghz_110_wh_hl_01,ca.4326875,160
2026-09-27,ghz_111_wh_hl_01,ca.4009440,12
2026-09-27,ghz_111_wh_hl_01,ca.4025883,34
2026-09-27,ghz_111_wh_hl_01,ca.4206157,63
2026-09-27,ghz_111_wh_hl_01,ca.4253592,47
2026-09-27,ghz_112_wh_hl_01,ca.4179214,45
2026-09-27,ghz_112_wh_hl_01,ca.4200303,1
2026-09-27,ghz_112_wh_hl_01,ca.4270153,135
2026-09-27,ghz_113_wh_hl_01,ca.4110376,17
2026-09-27,ghz_113_wh_hl_01,ca.4172842,12
2026-09-27,ghz_113_wh_hl_01,ca.4179729,22
2026-09-27,ghz_113_wh_hl_01,ca.4234789,2
2026-09-27,ghz_114_wh_hl_01,ca.4139215,1
2026-09-27,ghz_115_wh_hl_01,ca.4015747,111
2026-09-27,ghz_115_wh_hl_01,ca.4155514,194
2026-09-27,ghz_115_wh_hl_01,ca.4193944,316
2026-09-27,ghz_115_wh_hl_01,ca.4245580,1
2026-09-27,ghz_115_wh_hl_01,ca.4262816,402
2026-09-27,ghz_115_wh_hl_01,ca.4262820,278
2026-09-27,ghz_115_wh_hl_01,ca.4270199,66
2026-09-27,ghz_115_wh_hl_01,ca.4283722,183
2026-09-27,ghz_115_wh_hl_01,ca.4333234,39
2026-09-27,ghz_115_wh_hl_01,ca.4346716,100
2026-09-27,ghz_116_wh_hl_01,ca.4226616,1
2026-09-27,ghz_117_wh_hl_01,ca.4278684,1
2026-09-27,ghz_118_wh_hl_01,ca.4051929,1
2026-09-27,ghz_119_wh_hl_01,vishalkumar38.vc,1
2026-09-27,ghz_121_wh_hl_01,amjadkhan.vc,584
2026-09-27,ghz_121_wh_hl_01,ca.4166391,172
2026-09-27,ghz_121_wh_hl_01,ca.4251248,1
2026-09-27,ghz_121_wh_hl_01,ca.4290659,139
2026-09-27,ghz_124_wh_hl_01,ca.4270195,9
2026-09-27,ghz_124_wh_hl_01,ca.4270771,71
2026-09-27,ghz_128_wh_hl_01,ca.4224140,111
2026-09-27,ghz_128_wh_hl_01,ca.4228018,684
2026-09-27,ghz_128_wh_hl_01,ca.4237323,292
2026-09-27,ghz_128_wh_hl_01,manishm23.vc,142
2026-09-27,gkp_104_wh_hl_01,ca.4176378,75
2026-09-27,gkp_104_wh_hl_01,ca.4232804,22
2026-09-27,gkp_104_wh_hl_01,ca.4243838,59
2026-09-27,gkp_104_wh_hl_01,ca.4245522,216
2026-09-27,gkp_104_wh_hl_01,ca.4257563,305
2026-09-27,gkp_104_wh_hl_01,ca.4260667,152
2026-09-27,gur_101_wh_hl_01,ca.3362799,9
2026-09-27,gur_101_wh_hl_01,ca.3577452,845
2026-09-27,gur_101_wh_hl_01,ca.3596933,858
2026-09-27,gur_101_wh_hl_01,ca.3889107,715
2026-09-27,gur_101_wh_hl_01,ca.3992138,95
2026-09-27,gur_101_wh_hl_01,ca.4018665,365
2026-09-27,gur_101_wh_hl_01,ca.4098046,635
2026-09-27,gur_101_wh_hl_01,ca.4163482,16
2026-09-27,gur_101_wh_hl_01,ca.4185744,564
2026-09-27,gur_101_wh_hl_01,vanshgahlot.vc,9
2026-09-27,gur_102_wh_hl_01,ca.3525491,29
2026-09-27,gur_102_wh_hl_01,ca.3839280,1
2026-09-27,gur_102_wh_hl_01,ca.4325153,23
2026-09-27,gur_103_wh_hl_01,ca.3454338,369
2026-09-27,gur_103_wh_hl_01,ca.3471258,255
2026-09-27,gur_103_wh_hl_01,ca.3727377,92
2026-09-27,gur_103_wh_hl_01,ca.3853166,73
2026-09-27,gur_103_wh_hl_01,ca.4071978,500
2026-09-27,gur_103_wh_hl_01,ca.4202462,537
2026-09-27,gur_103_wh_hl_01,ca.4261638,24
2026-09-27,gur_103_wh_hl_01,ca.4305727,354
2026-09-27,gur_103_wh_hl_01,shivamrathaur.vc,71
2026-09-27,gur_104_wh_hl_01,ca.4054282,5
2026-09-27,gur_106_wh_hl_01,ca.4152702,6
2026-09-27,gur_106_wh_hl_01,ca.4232744,124
2026-09-27,gur_108_wh_hl_01,ca.3453291,893
2026-09-27,gur_108_wh_hl_01,ca.3963891,684
2026-09-27,gur_108_wh_hl_01,ca.4015704,518
2026-09-27,gur_108_wh_hl_01,ca.4179904,269
2026-09-27,gur_108_wh_hl_01,ca.4232574,7
2026-09-27,gur_108_wh_hl_01,ca.4233577,1715
2026-09-27,gur_108_wh_hl_01,ca.4287623,2
2026-09-27,gur_108_wh_hl_01,ca.4379596,18
2026-09-27,gur_108_wh_hl_01,shahilahmedkhan.vc,1
2026-09-27,gur_109_wh_hl_01,adityaa6.vc,261
2026-09-27,gur_109_wh_hl_01,ca.3379366,5
2026-09-27,gur_109_wh_hl_01,ca.3379802,374
2026-09-27,gur_109_wh_hl_01,ca.3407657,27
2026-09-27,gur_109_wh_hl_01,ca.3460676,50
2026-09-27,gur_109_wh_hl_01,ca.3846294,28
2026-09-27,gur_109_wh_hl_01,ca.3930995,27
2026-09-27,gur_109_wh_hl_01,ca.3993310,557
2026-09-27,gur_109_wh_hl_01,ca.4083658,402
2026-09-27,gur_109_wh_hl_01,ca.4091257,478
2026-09-27,gur_109_wh_hl_01,ca.4155735,242
2026-09-27,gur_109_wh_hl_01,ca.4320980,277
2026-09-27,gur_109_wh_hl_01,ca.4367905,11
2026-09-27,gur_109_wh_hl_01,ca.4385318,201
2026-09-27,gur_109_wh_hl_01,ca.4385541,130
2026-09-27,gur_109_wh_hl_01,ca.4387265,68
2026-09-27,gur_110_wh_hl_01,ca.3453291,1
2026-09-27,gur_110_wh_hl_01,ca.3853911,254
2026-09-27,gur_110_wh_hl_01,ca.4119530,9
2026-09-27,gur_110_wh_hl_01,ca.4184618,118
2026-09-27,gur_110_wh_hl_01,ca.4238752,167
2026-09-27,gur_110_wh_hl_01,ca.4257956,51
2026-09-27,gur_110_wh_hl_01,ca.4385897,1
2026-09-27,gur_110_wh_hl_01,deepakkumar68.vc,5
2026-09-27,gur_111_wh_hl_01,lma.100001588444,8
2026-09-27,gur_111_wh_hl_01,lma.100001588449,96
2026-09-27,gur_112_wh_hl_01,ca.3600107,164
2026-09-27,gur_112_wh_hl_01,ca.4164591,17
2026-09-27,gur_113_wh_hl_01,ca.3745184,5
2026-09-27,gur_113_wh_hl_01,ca.3745253,33
2026-09-27,gur_113_wh_hl_01,ca.3818414,2
2026-09-27,gur_113_wh_hl_01,ca.3905169,70
2026-09-27,gur_113_wh_hl_01,ca.4066649,64
2026-09-27,gur_113_wh_hl_01,ca.4225061,70
2026-09-27,gur_113_wh_hl_01,ca.4261695,558
2026-09-27,gur_113_wh_hl_01,ca.4285692,581
2026-09-27,gur_113_wh_hl_01,ca.4288513,76
2026-09-27,gur_113_wh_hl_01,ca.4289449,112
2026-09-27,gur_113_wh_hl_01,ca.4294981,556
2026-09-27,gur_113_wh_hl_01,sharadkumar.vc,5
2026-09-27,gur_114_wh_hl_01,ca.3838091,33
2026-09-27,gur_114_wh_hl_01,ca.3849856,813
2026-09-27,gur_114_wh_hl_01,ca.4210193,611
2026-09-27,gur_114_wh_hl_01,ca.4275160,25
2026-09-27,gur_114_wh_hl_01,mdallauddin.vc,7
2026-09-27,gur_115_wh_hl_01,ca.4029359,54
2026-09-27,gur_115_wh_hl_01,ca.4053861,301
2026-09-27,gur_115_wh_hl_01,ca.4208236,5
2026-09-27,gur_115_wh_hl_01,ca.4237159,76
2026-09-27,gur_115_wh_hl_01,ca.4315668,69
2026-09-27,gur_115_wh_hl_01,ca.4320507,230
2026-09-27,gur_115_wh_hl_01,ca.4343285,217
2026-09-27,gur_117_wh_hl_01,ca.3829780,172
2026-09-27,gur_117_wh_hl_01,ca.3848659,227
2026-09-27,gur_117_wh_hl_01,ca.3916097,147
2026-09-27,gur_117_wh_hl_01,ca.3992695,112
2026-09-27,gur_117_wh_hl_01,ca.4005836,1
2026-09-27,gur_117_wh_hl_01,ca.4014790,272
2026-09-27,gur_117_wh_hl_01,ca.4036746,315
2026-09-27,gur_117_wh_hl_01,ca.4050195,24
2026-09-27,gur_117_wh_hl_01,ca.4147372,143
2026-09-27,gur_117_wh_hl_01,ca.4176579,176
2026-09-27,gur_117_wh_hl_01,ca.4280974,246
2026-09-27,gur_117_wh_hl_01,ca.4390243,87
2026-09-27,gur_117_wh_hl_01,saurabhsahu1.vc,6
2026-09-27,gur_118_wh_hl_01,ca.4127318,1
2026-09-27,gur_118_wh_hl_01,ca.4130843,62
2026-09-27,gur_118_wh_hl_01,ca.4164838,992
2026-09-27,gur_118_wh_hl_01,ca.4170327,2
2026-09-27,gur_118_wh_hl_01,ca.4267531,334
2026-09-27,gur_118_wh_hl_01,ca.4297603,592
2026-09-27,gur_118_wh_hl_01,ca.4319105,31
2026-09-27,gur_118_wh_hl_01,ca.4380119,372
2026-09-27,gur_121_wh_hl_01,akasha28.vc,46
2026-09-27,gur_121_wh_hl_01,ca.4035765,209
2026-09-27,gur_121_wh_hl_01,ca.4164742,675
2026-09-27,gur_121_wh_hl_01,ca.4226371,49
2026-09-27,gur_121_wh_hl_01,ca.4247572,477
2026-09-27,gur_121_wh_hl_01,ca.4298383,66
2026-09-27,gur_121_wh_hl_01,ca.4320380,420
2026-09-27,gur_122_wh_hl_01,ca.4093483,361
2026-09-27,gur_122_wh_hl_01,ca.4220751,150
2026-09-27,gur_122_wh_hl_01,ca.4260407,94
2026-09-27,gur_122_wh_hl_01,ca.4305846,48
2026-09-27,gur_122_wh_hl_01,ca.4316833,179
2026-09-27,gur_122_wh_hl_01,ca.4358868,195
2026-09-27,gur_122_wh_hl_01,rahulkumarram.vc,2
2026-09-27,gur_124_wh_hl_01,ca.3747616,90
2026-09-27,gur_124_wh_hl_01,ca.3904501,89
2026-09-27,gur_124_wh_hl_01,ca.3959125,311
2026-09-27,gur_124_wh_hl_01,ca.3998830,90
2026-09-27,gur_124_wh_hl_01,ca.4023296,146
2026-09-27,gur_124_wh_hl_01,ca.4087794,192
2026-09-27,gur_124_wh_hl_01,ca.4091891,2
2026-09-27,gur_124_wh_hl_01,ca.4098697,259
2026-09-27,gur_124_wh_hl_01,ca.4144329,50
2026-09-27,gur_124_wh_hl_01,ca.4154011,44
2026-09-27,gur_124_wh_hl_01,ca.4207849,224
2026-09-27,gur_124_wh_hl_01,ca.4219322,177
2026-09-27,gur_124_wh_hl_01,ca.4222923,67
2026-09-27,gur_124_wh_hl_01,ca.4226052,36
2026-09-27,gur_124_wh_hl_01,ca.4233328,4
2026-09-27,gur_124_wh_hl_01,ca.4248236,226
2026-09-27,gur_124_wh_hl_01,ca.4258306,109
2026-09-27,gur_124_wh_hl_01,ca.4272907,96
2026-09-27,gur_124_wh_hl_01,ca.4282736,161
2026-09-27,gur_124_wh_hl_01,ca.4291374,49
2026-09-27,gur_124_wh_hl_01,ca.4316613,247
2026-09-27,gur_124_wh_hl_01,prinshup.vc,6
2026-09-27,gur_127_wh_hl_01,ca.3900169,21
2026-09-27,gur_127_wh_hl_01,ca.3945971,302
2026-09-27,gur_127_wh_hl_01,ca.4020427,294
2026-09-27,gur_127_wh_hl_01,ca.4074028,638
2026-09-27,gur_127_wh_hl_01,ca.4074030,281
2026-09-27,gur_127_wh_hl_01,ca.4129465,168
2026-09-27,gur_127_wh_hl_01,ca.4155868,75
2026-09-27,gur_127_wh_hl_01,ca.4159956,135
2026-09-27,gur_127_wh_hl_01,ca.4265919,90
2026-09-27,gur_127_wh_hl_01,ca.4278936,234
2026-09-27,gur_127_wh_hl_01,ca.4281478,3
2026-09-27,gur_127_wh_hl_01,shailendrakumy.vc,10
2026-09-27,gur_129_wh_hl_01,ca.3957098,483
2026-09-27,gur_129_wh_hl_01,ca.3971693,25
2026-09-27,gur_129_wh_hl_01,ca.3989739,676
2026-09-27,gur_129_wh_hl_01,ca.3993612,50
2026-09-27,gur_129_wh_hl_01,ca.4016588,31
2026-09-27,gur_129_wh_hl_01,ca.4114432,30
2026-09-27,gur_129_wh_hl_01,ca.4123893,408
2026-09-27,gur_129_wh_hl_01,ca.4132918,992
2026-09-27,gur_129_wh_hl_01,ca.4184139,142
2026-09-27,gur_129_wh_hl_01,ca.4209955,520
2026-09-27,gur_129_wh_hl_01,ca.4253952,644
2026-09-27,gur_129_wh_hl_01,ca.4258704,236
2026-09-27,gur_129_wh_hl_01,ca.4274769,531
2026-09-27,gur_129_wh_hl_01,ca.4277254,17
2026-09-27,gur_129_wh_hl_01,ca.4385841,447
2026-09-27,gur_130_wh_hl_01,ca.3841350,537
2026-09-27,gur_130_wh_hl_01,ca.4000262,332
2026-09-27,gur_130_wh_hl_01,ca.4000264,729
2026-09-27,gur_130_wh_hl_01,ca.4130737,266
2026-09-27,gur_130_wh_hl_01,ca.4208035,45
2026-09-27,gur_130_wh_hl_01,ca.4264050,77
2026-09-27,gur_130_wh_hl_01,ca.4264059,112
2026-09-27,gur_130_wh_hl_01,ca.4267867,323
2026-09-27,gur_130_wh_hl_01,ca.4355146,130
2026-09-27,gur_130_wh_hl_01,ca.4367774,132
2026-09-27,gur_130_wh_hl_01,ca.4385430,256
2026-09-27,gur_131_wh_hl_01,ca.4103859,1
2026-09-27,gur_135_wh_hl_01,ca.4137200,72
2026-09-27,gur_901_wh_hl_01,akashkumar16.vc,4
2026-09-27,gur_901_wh_hl_01,ca.4106745,48
2026-09-27,gur_901_wh_hl_01,ca.4281338,338
2026-09-27,gur_901_wh_hl_01,ca.4305633,207
2026-09-27,gur_901_wh_hl_01,ca.4305668,229
2026-09-27,gur_901_wh_hl_01,ca.4308764,357
2026-09-27,guw_101_wh_hl_01,ca.4182669,170
2026-09-27,guw_101_wh_hl_01,ca.4182672,200
2026-09-27,guw_101_wh_hl_01,ca.4317491,436
2026-09-27,guw_101_wh_hl_01,ca.4317554,86
2026-09-27,guw_101_wh_hl_01,ca.4348141,157
2026-09-27,guw_101_wh_hl_01,ca.4385743,237
2026-09-27,guw_101_wh_hl_01,ca.4385745,444
2026-09-27,guw_101_wh_hl_01,hirakjyotik.vc,176
2026-09-27,guw_102_wh_hl_01,ca.4113998,173
2026-09-27,guw_102_wh_hl_01,ca.4264144,78
2026-09-27,guw_102_wh_hl_01,ca.4267983,208
2026-09-27,guw_102_wh_hl_01,ca.4270131,15
2026-09-27,guw_104_wh_hl_01,ca.4016478,308
2026-09-27,guw_104_wh_hl_01,ca.4084830,146
2026-09-27,guw_104_wh_hl_01,ca.4139656,20
2026-09-27,guw_104_wh_hl_01,ca.4185860,219
2026-09-27,guw_104_wh_hl_01,ca.4203205,64
2026-09-27,guw_104_wh_hl_01,ca.4232078,24
2026-09-27,guw_104_wh_hl_01,ca.4275950,4
2026-09-27,guw_104_wh_hl_01,ca.4349824,416
2026-09-27,guw_104_wh_hl_01,gunjanpandit.vc,4
2026-09-27,guw_105_wh_hl_01,ca.4167206,174
2026-09-27,guw_106_wh_hl_01,ca.3960117,172
2026-09-27,guw_106_wh_hl_01,ca.4130944,394
2026-09-27,guw_106_wh_hl_01,ca.4181860,345
2026-09-27,guw_106_wh_hl_01,ca.4262164,286
2026-09-27,guw_106_wh_hl_01,ca.4270052,155
2026-09-27,guw_106_wh_hl_01,ca.4281763,18
2026-09-27,guw_107_wh_hl_01,ca.4007865,337
2026-09-27,guw_107_wh_hl_01,ca.4066953,91
2026-09-27,guw_107_wh_hl_01,ca.4075929,41
2026-09-27,guw_107_wh_hl_01,ca.4119753,45
2026-09-27,guw_107_wh_hl_01,ca.4125151,369
2026-09-27,guw_107_wh_hl_01,ca.4162927,275
2026-09-27,guw_107_wh_hl_01,ca.4172625,12
2026-09-27,guw_107_wh_hl_01,ca.4223103,18
2026-09-27,guw_107_wh_hl_01,ca.4227766,291
2026-09-27,guw_107_wh_hl_01,ca.4268155,232
2026-09-27,guw_107_wh_hl_01,ca.4270078,88
2026-09-27,guw_107_wh_hl_01,ca.4351061,52
2026-09-27,guw_107_wh_hl_01,ca.4360446,68
2026-09-27,guw_108_wh_hl_01,ca.3485671,3
2026-09-27,guw_108_wh_hl_01,ca.3672830,678
2026-09-27,guw_108_wh_hl_01,ca.3777212,54
2026-09-27,guw_108_wh_hl_01,ca.3909876,153
2026-09-27,guw_108_wh_hl_01,ca.3980151,216
2026-09-27,guw_108_wh_hl_01,ca.4156807,86
2026-09-27,guw_108_wh_hl_01,ca.4187198,9
2026-09-27,guw_108_wh_hl_01,ca.4192253,40
2026-09-27,guw_108_wh_hl_01,ca.4202670,554
2026-09-27,guw_108_wh_hl_01,ca.4221481,172
2026-09-27,guw_108_wh_hl_01,ca.4296489,1
2026-09-27,guw_110_wh_hl_01,adityachoudhury.vc,78
2026-09-27,guw_110_wh_hl_01,ca.3896896,502
2026-09-27,guw_110_wh_hl_01,ca.3940139,5
2026-09-27,guw_110_wh_hl_01,ca.3996615,153
2026-09-27,guw_110_wh_hl_01,ca.4157213,45
2026-09-27,guw_110_wh_hl_01,ca.4192260,211
2026-09-27,guw_110_wh_hl_01,rajkumarsaikia.vc,194
2026-09-27,guw_117_wh_hl_01,ca.3911560,137
2026-09-27,guw_117_wh_hl_01,ca.3915295,101
2026-09-27,guw_119_wh_hl_01,ca.3770032,19
2026-09-27,guw_119_wh_hl_01,ca.3770046,495
2026-09-27,guw_119_wh_hl_01,ca.4183264,16
2026-09-27,guw_120_wh_hl_01,ca.3977945,57
2026-09-27,guw_120_wh_hl_01,ca.4000054,294
2026-09-27,guw_120_wh_hl_01,ca.4031694,17
2026-09-27,guw_120_wh_hl_01,ca.4123860,61
2026-09-27,guw_120_wh_hl_01,ca.4130749,174
2026-09-27,guw_120_wh_hl_01,ca.4173189,46
2026-09-27,guw_120_wh_hl_01,ca.4184226,255
2026-09-27,guw_120_wh_hl_01,ca.4249324,362
2026-09-27,guw_120_wh_hl_01,ca.4249330,120
2026-09-27,guw_120_wh_hl_01,ca.4270565,53
2026-09-27,guw_120_wh_hl_01,ca.4291932,153
2026-09-27,guw_120_wh_hl_01,himanshubarman.vc,95
2026-09-27,guw_121_wh_hl_01,ca.3905100,129
2026-09-27,guw_121_wh_hl_01,ca.4030058,282
2026-09-27,guw_121_wh_hl_01,ca.4129959,159
2026-09-27,guw_121_wh_hl_01,ca.4168102,174
2026-09-27,guw_121_wh_hl_01,ca.4286896,90
2026-09-27,guw_122_wh_hl_01,ca.3983580,39
2026-09-27,guw_122_wh_hl_01,ca.4119521,23
2026-09-27,guw_122_wh_hl_01,ca.4175421,323
2026-09-27,guw_122_wh_hl_01,ca.4214743,69
2026-09-27,guw_122_wh_hl_01,ca.4291090,31
2026-09-27,guw_122_wh_hl_01,jyoti.k1,29
2026-09-27,guw_123_wh_hl_01,ca.4176611,51
2026-09-27,guw_123_wh_hl_01,ca.4196858,128
2026-09-27,guw_123_wh_hl_01,ca.4197871,279
2026-09-27,guw_123_wh_hl_01,ca.4244087,67
2026-09-27,guw_123_wh_hl_01,ca.4245427,27
2026-09-27,guw_123_wh_hl_01,ca.4313168,243
2026-09-27,guw_123_wh_hl_01,debasishdas2.vc,68
2026-09-27,guw_124_wh_hl_01,ajoysaha.vc,1
2026-09-27,guw_124_wh_hl_01,ca.4171090,202
2026-09-27,guw_124_wh_hl_01,ca.4181604,48
2026-09-27,guw_124_wh_hl_01,ca.4182678,154
2026-09-27,guw_124_wh_hl_01,ca.4281759,167
2026-09-27,guw_125_wh_hl_01,ca.4022556,89
2026-09-27,guw_125_wh_hl_01,ca.4026096,112
2026-09-27,guw_125_wh_hl_01,ca.4044562,811
2026-09-27,guw_125_wh_hl_01,ca.4174783,602
2026-09-27,guw_125_wh_hl_01,ca.4334470,97
2026-09-27,guw_125_wh_hl_01,ca.4385888,115
2026-09-27,guw_125_wh_hl_01,intazulhaque.vc,30
2026-09-27,guw_127_wh_hl_01,ca.4174789,54
2026-09-27,guw_127_wh_hl_01,ca.4198288,392
2026-09-27,guw_127_wh_hl_01,ca.4264119,138
2026-09-27,guw_127_wh_hl_01,ca.4268582,329
2026-09-27,guw_127_wh_hl_01,ca.4272363,44
2026-09-27,guw_128_wh_hl_01,ca.3896306,100
2026-09-27,guw_128_wh_hl_01,ca.4022682,273
2026-09-27,guw_128_wh_hl_01,ca.4028427,15
2026-09-27,guw_128_wh_hl_01,ca.4097358,44
2026-09-27,guw_128_wh_hl_01,ca.4097381,37
2026-09-27,guw_128_wh_hl_01,ca.4119509,1115
2026-09-27,guw_128_wh_hl_01,ca.4128577,296
2026-09-27,guw_128_wh_hl_01,ca.4130678,5
2026-09-27,guw_128_wh_hl_01,dulumonim.vc,4
2026-09-27,guw_128_wh_hl_01,puspakalita.vc,47
2026-09-27,guw_130_wh_hl_01,ca.4180063,10
2026-09-27,guw_130_wh_hl_01,ca.4180145,12
2026-09-27,guw_130_wh_hl_01,ca.4287973,150
2026-09-27,guw_130_wh_hl_01,ca.4287975,163
2026-09-27,guw_130_wh_hl_01,ca.4288871,3
2026-09-27,guw_130_wh_hl_01,ca.4288905,24
2026-09-27,guw_130_wh_hl_01,ca.4290049,55
2026-09-27,guw_130_wh_hl_01,ca.4290053,4
2026-09-27,guw_130_wh_hl_01,israelb.vc,5
2026-09-27,guw_131_wh_hl_01,ca.4184964,72
2026-09-27,guw_131_wh_hl_01,ca.4245382,43
2026-09-27,guw_131_wh_hl_01,ca.4249528,59
2026-09-27,guw_131_wh_hl_01,ca.4250309,89
2026-09-27,guw_131_wh_hl_01,ca.4303024,86
2026-09-27,guw_131_wh_hl_01,ca.4371097,105
2026-09-27,guw_131_wh_hl_01,ca.4378340,53
2026-09-27,hub_102_wh_hl_01,ca.4103687,273
2026-09-27,hub_102_wh_hl_01,prateekbatte.vc,1
2026-09-27,hyd_101_wh_hl_01,ca.4048378,3
2026-09-27,hyd_101_wh_hl_01,ca.4048388,148
2026-09-27,hyd_101_wh_hl_01,ca.4084220,177
2026-09-27,hyd_101_wh_hl_01,ca.4141908,60
2026-09-27,hyd_101_wh_hl_01,ca.4211614,101
2026-09-27,hyd_101_wh_hl_01,ca.4214929,28
2026-09-27,hyd_101_wh_hl_01,ca.4259163,65
2026-09-27,hyd_101_wh_hl_01,paldugus.vc,383
2026-09-27,hyd_102_wh_hl_01,bathinir.vc,266
2026-09-27,hyd_102_wh_hl_01,ca.4033777,241
2026-09-27,hyd_102_wh_hl_01,ca.4154035,164
2026-09-27,hyd_102_wh_hl_01,ca.4167275,88
2026-09-27,hyd_102_wh_hl_01,ca.4195235,71
2026-09-27,hyd_102_wh_hl_01,ca.4215853,208
2026-09-27,hyd_102_wh_hl_01,ca.4233840,330
2026-09-27,hyd_102_wh_hl_01,ca.4245726,127
2026-09-27,hyd_102_wh_hl_01,ca.4293116,128
2026-09-27,hyd_102_wh_hl_01,ca.4327423,4
2026-09-27,hyd_102_wh_hl_01,ca.4355408,276
2026-09-27,hyd_102_wh_hl_01,ca.4356903,6
2026-09-27,hyd_102_wh_hl_01,ca.4360844,70
2026-09-27,hyd_103_wh_hl_01,ca.3908201,282
2026-09-27,hyd_103_wh_hl_01,ca.4058259,20
2026-09-27,hyd_103_wh_hl_01,ca.4088940,35
2026-09-27,hyd_103_wh_hl_01,ca.4092005,44
2026-09-27,hyd_103_wh_hl_01,ca.4142903,338
2026-09-27,hyd_103_wh_hl_01,ca.4225176,5
2026-09-27,hyd_103_wh_hl_01,ca.4230930,173
2026-09-27,hyd_103_wh_hl_01,ca.4295759,132
2026-09-27,hyd_103_wh_hl_01,ca.4371502,347
2026-09-27,hyd_104_wh_hl_01,ca.4020323,2
2026-09-27,hyd_104_wh_hl_01,ca.4139023,3
2026-09-27,hyd_104_wh_hl_01,ca.4166284,70
2026-09-27,hyd_104_wh_hl_01,ca.4308104,60
2026-09-27,hyd_105_wh_hl_01,borrapraveen.vc,18
2026-09-27,hyd_105_wh_hl_01,ca.4173267,165
2026-09-27,hyd_105_wh_hl_01,ca.4205631,17
2026-09-27,hyd_105_wh_hl_01,ca.4213098,7
2026-09-27,hyd_105_wh_hl_01,ca.4368684,10
2026-09-27,hyd_105_wh_hl_01,ca.4376133,70
2026-09-27,hyd_106_wh_hl_01,ca.3997687,27
2026-09-27,hyd_106_wh_hl_01,ca.4234434,3
2026-09-27,hyd_106_wh_hl_01,ca.4241345,41
2026-09-27,hyd_106_wh_hl_01,ca.4279551,170
2026-09-27,hyd_106_wh_hl_01,ca.4279557,71
2026-09-27,hyd_106_wh_hl_01,ca.4381023,48
2026-09-27,hyd_107_wh_hl_01,ca.4171579,5
2026-09-27,hyd_107_wh_hl_01,ca.4227577,10
2026-09-27,hyd_108_wh_hl_01,ca.3822075,25
2026-09-27,hyd_108_wh_hl_01,ca.3875622,74
2026-09-27,hyd_108_wh_hl_01,ca.4021279,2
2026-09-27,hyd_108_wh_hl_01,ca.4117449,24
2026-09-27,hyd_108_wh_hl_01,ca.4176897,130
2026-09-27,hyd_108_wh_hl_01,ca.4238258,7
2026-09-27,hyd_108_wh_hl_01,ca.4238395,242
2026-09-27,hyd_108_wh_hl_01,ca.4274130,188
2026-09-27,hyd_108_wh_hl_01,ca.4378776,5
2026-09-27,hyd_108_wh_hl_01,kondurup.vc,3
2026-09-27,hyd_109_wh_hl_01,lma.100001667326,2
2026-09-27,hyd_110_wh_hl_01,ca.4225462,9
2026-09-27,hyd_111_wh_hl_01,annapareddyh.vc,113
2026-09-27,hyd_111_wh_hl_01,ca.3875119,57
2026-09-27,hyd_111_wh_hl_01,ca.3878327,209
2026-09-27,hyd_111_wh_hl_01,ca.3890369,153
2026-09-27,hyd_111_wh_hl_01,ca.3893159,2
2026-09-27,hyd_111_wh_hl_01,ca.3988094,7
2026-09-27,hyd_111_wh_hl_01,ca.3998876,43
2026-09-27,hyd_111_wh_hl_01,ca.4017361,161
2026-09-27,hyd_111_wh_hl_01,ca.4026825,128
2026-09-27,hyd_111_wh_hl_01,ca.4042167,14
2026-09-27,hyd_111_wh_hl_01,ca.4125784,281
2026-09-27,hyd_111_wh_hl_01,ca.4251731,34
2026-09-27,hyd_111_wh_hl_01,ca.4283472,138
2026-09-27,hyd_111_wh_hl_01,ca.4384058,22
2026-09-27,hyd_112_wh_hl_01,ca.4019577,2
2026-09-27,hyd_114_wh_hl_01,ca.4220096,88
2026-09-27,hyd_114_wh_hl_01,ca.4256040,106
2026-09-27,hyd_115_wh_hl_01,ca.4089442,44
2026-09-27,hyd_115_wh_hl_01,ca.4092010,150
2026-09-27,hyd_115_wh_hl_01,ca.4203855,197
2026-09-27,hyd_115_wh_hl_01,ca.4272744,21
2026-09-27,hyd_115_wh_hl_01,ca.4274212,1
2026-09-27,hyd_115_wh_hl_01,ca.4326810,112
2026-09-27,hyd_115_wh_hl_01,thiruveedulav.vc,3
2026-09-27,hyd_116_wh_hl_01,ca.4032425,35
2026-09-27,hyd_116_wh_hl_01,ca.4074644,171
2026-09-27,hyd_116_wh_hl_01,ca.4167091,38
2026-09-27,hyd_116_wh_hl_01,ca.4221286,4
2026-09-27,hyd_116_wh_hl_01,ca.4272415,134
2026-09-27,hyd_116_wh_hl_01,ca.4286493,265
2026-09-27,hyd_116_wh_hl_01,ca.4295488,62
2026-09-27,hyd_116_wh_hl_01,ca.4295512,399
2026-09-27,hyd_116_wh_hl_01,ca.4330234,238
2026-09-27,hyd_117_wh_hl_01,banothut.vc,14
2026-09-27,hyd_117_wh_hl_01,ca.4066691,13
2026-09-27,hyd_117_wh_hl_01,ca.4171208,143
2026-09-27,hyd_117_wh_hl_01,ca.4222267,24
2026-09-27,hyd_118_wh_hl_01,ca.3904022,259
2026-09-27,hyd_118_wh_hl_01,ca.4157968,47
2026-09-27,hyd_118_wh_hl_01,ca.4218435,162
2026-09-27,hyd_118_wh_hl_01,ca.4227964,316
2026-09-27,hyd_118_wh_hl_01,ca.4275803,68
2026-09-27,hyd_118_wh_hl_01,ca.4276365,77
2026-09-27,hyd_118_wh_hl_01,ca.4288307,391
2026-09-27,hyd_118_wh_hl_01,ca.4345849,29
2026-09-27,hyd_118_wh_hl_01,pullurup.vc,34
2026-09-27,hyd_119_wh_hl_01,ca.3868648,31
2026-09-27,hyd_119_wh_hl_01,ca.3868673,318
2026-09-27,hyd_119_wh_hl_01,ca.3876397,85
2026-09-27,hyd_119_wh_hl_01,ca.3884821,151
2026-09-27,hyd_119_wh_hl_01,ca.4132759,12
2026-09-27,hyd_119_wh_hl_01,ca.4186037,316
2026-09-27,hyd_119_wh_hl_01,ca.4274189,45
2026-09-27,hyd_119_wh_hl_01,ca.4291502,44
2026-09-27,hyd_120_wh_hl_01,ca.3832826,102
2026-09-27,hyd_120_wh_hl_01,ca.4006195,113
2026-09-27,hyd_120_wh_hl_01,ca.4046779,4
2026-09-27,hyd_120_wh_hl_01,ca.4174215,105
2026-09-27,hyd_120_wh_hl_01,ca.4243574,49
2026-09-27,hyd_120_wh_hl_01,ca.4252381,130
2026-09-27,hyd_120_wh_hl_01,ca.4274081,77
2026-09-27,hyd_121_wh_hl_01,lma.100001610919,2
2026-09-27,hyd_122_wh_hl_01,ca.3834279,3
2026-09-27,hyd_123_wh_hl_01,ca.4303203,2
2026-09-27,hyd_124_wh_hl_01,ca.4046039,2
2026-09-27,hyd_125_wh_hl_01,ca.4215316,4
2026-09-27,hyd_125_wh_hl_01,ca.4222623,30
2026-09-27,hyd_125_wh_hl_01,ca.4222666,13
2026-09-27,hyd_125_wh_hl_01,ca.4294559,40
2026-09-27,hyd_125_wh_hl_01,ca.4294931,56
2026-09-27,hyd_125_wh_hl_01,ca.4341101,26
2026-09-27,hyd_126_wh_hl_01,ca.3962010,207
2026-09-27,hyd_126_wh_hl_01,ca.4121294,60
2026-09-27,hyd_126_wh_hl_01,ca.4121638,240
2026-09-27,hyd_126_wh_hl_01,ca.4272444,236
2026-09-27,hyd_126_wh_hl_01,ca.4283988,33
2026-09-27,hyd_126_wh_hl_01,ca.4375416,135
2026-09-27,hyd_127_wh_hl_01,ca.3819148,2
2026-09-27,hyd_127_wh_hl_01,ca.3849422,11
2026-09-27,hyd_127_wh_hl_01,ca.3903558,219
2026-09-27,hyd_127_wh_hl_01,ca.4156776,20
2026-09-27,hyd_127_wh_hl_01,ca.4182996,156
2026-09-27,hyd_127_wh_hl_01,ca.4227681,90
2026-09-27,hyd_127_wh_hl_01,duggepoguwilson.vc,52
2026-09-27,hyd_127_wh_hl_01,mohdsaleemuddin.vc,6
2026-09-27,hyd_130_wh_hl_01,lma.100001542396,2
2026-09-27,hyd_131_wh_hl_01,boda.anjaneyulu,211
2026-09-27,hyd_131_wh_hl_01,ca.3929695,488
2026-09-27,hyd_131_wh_hl_01,ca.3932491,35
2026-09-27,hyd_131_wh_hl_01,ca.4047635,4
2026-09-27,hyd_131_wh_hl_01,gandhamyuvaraj.vc,410
2026-09-27,hyd_131_wh_hl_01,vakashv.vc,4
2026-09-27,hyd_133_wh_hl_01,ca.4144034,2
2026-09-27,hyd_133_wh_hl_01,ca.4148724,315
2026-09-27,hyd_133_wh_hl_01,ca.4150599,36
2026-09-27,hyd_133_wh_hl_01,ca.4183036,79
2026-09-27,hyd_133_wh_hl_01,ca.4183876,285
2026-09-27,hyd_133_wh_hl_01,lavdiyanaveen.vc,2
2026-09-27,hyd_133_wh_hl_01,mandulak1.vc,250
2026-09-27,hyd_134_wh_hl_01,lma.100001549208,2
2026-09-27,hyd_135_wh_hl_01,ca.3893240,175
2026-09-27,hyd_135_wh_hl_01,ca.3911303,212
2026-09-27,hyd_135_wh_hl_01,ca.3938811,558
2026-09-27,hyd_135_wh_hl_01,ca.4057674,224
2026-09-27,hyd_135_wh_hl_01,ca.4183009,389
2026-09-27,hyd_135_wh_hl_01,karribalaraju.vc,11
2026-09-27,hyd_136_wh_hl_01,ca.4158998,12
2026-09-27,hyd_136_wh_hl_01,ca.4185926,354
2026-09-27,hyd_136_wh_hl_01,ca.4242828,150
2026-09-27,hyd_136_wh_hl_01,ca.4252398,8
2026-09-27,hyd_136_wh_hl_01,ca.4292874,11
2026-09-27,hyd_136_wh_hl_01,ca.4318008,2
2026-09-27,hyd_137_wh_hl_01,ca.3965039,76
2026-09-27,hyd_137_wh_hl_01,ca.4076878,61
2026-09-27,hyd_137_wh_hl_01,ca.4105335,59
2026-09-27,hyd_137_wh_hl_01,ca.4156965,85
2026-09-27,hyd_137_wh_hl_01,ca.4241852,3
2026-09-27,hyd_137_wh_hl_01,ca.4328607,2
2026-09-27,hyd_137_wh_hl_01,guntojucharan.vc,7
2026-09-27,hyd_137_wh_hl_01,kyadharirahul.vc,264
2026-09-27,hyd_138_wh_hl_01,ca.3903158,70
2026-09-27,hyd_138_wh_hl_01,ca.4238374,1
2026-09-27,hyd_138_wh_hl_01,ca.4261645,1
2026-09-27,hyd_138_wh_hl_01,ca.4285862,102
2026-09-27,hyd_138_wh_hl_01,ca.4315118,34
2026-09-27,hyd_138_wh_hl_01,ca.4356437,90
2026-09-27,hyd_138_wh_hl_01,ca.4378987,148
2026-09-27,hyd_138_wh_hl_01,guvvavarun.vc,136
2026-09-27,hyd_138_wh_hl_01,papinenidileep.vc,96
2026-09-27,hyd_139_wh_hl_01,ca.3879508,6
2026-09-27,hyd_139_wh_hl_01,ca.3889049,50
2026-09-27,hyd_139_wh_hl_01,ca.4381049,677
2026-09-27,hyd_139_wh_hl_01,ca.4389987,629
2026-09-27,hyd_139_wh_hl_01,poojarikiran.vc,259
2026-09-27,hyd_139_wh_hl_01,sirlaraju.vc,2
2026-09-27,hyd_140_wh_hl_01,ca.3915729,256
2026-09-27,hyd_140_wh_hl_01,ca.4150732,7
2026-09-27,hyd_140_wh_hl_01,ca.4193011,203
2026-09-27,hyd_140_wh_hl_01,ca.4193418,102
2026-09-27,hyd_140_wh_hl_01,ca.4229989,3
2026-09-27,hyd_140_wh_hl_01,vilasagarams.vc,819
2026-09-27,hyd_141_wh_hl_01,ca.4186228,166
2026-09-27,hyd_141_wh_hl_01,ca.4201120,75
2026-09-27,hyd_141_wh_hl_01,ca.4244518,3
2026-09-27,hyd_141_wh_hl_01,ca.4251047,23
2026-09-27,hyd_141_wh_hl_01,ca.4266159,22
2026-09-27,hyd_141_wh_hl_01,ca.4383144,22
2026-09-27,hyd_141_wh_hl_01,nadrigas.vc,2
2026-09-27,hyd_142_wh_hl_01,ca.4009694,110
2026-09-27,hyd_142_wh_hl_01,ca.4091945,12
2026-09-27,hyd_142_wh_hl_01,ca.4268810,276
2026-09-27,hyd_142_wh_hl_01,ca.4276397,40
2026-09-27,hyd_142_wh_hl_01,ca.4287900,25
2026-09-27,hyd_142_wh_hl_01,ca.4373019,21
2026-09-27,hyd_146_wh_hl_01,ca.4118718,32
2026-09-27,hyd_146_wh_hl_01,ca.4294408,24
2026-09-27,hyd_146_wh_hl_01,ca.4294434,40
2026-09-27,hyd_147_wh_hl_01,ca.4020520,2
2026-09-27,hyd_147_wh_hl_01,ca.4159609,114
2026-09-27,hyd_147_wh_hl_01,ca.4170453,61
2026-09-27,hyd_149_wh_hl_01,ca.3948843,7
2026-09-27,hyd_149_wh_hl_01,ca.4023632,37
2026-09-27,hyd_149_wh_hl_01,ca.4253392,4
2026-09-27,hyd_149_wh_hl_01,ca.4299096,21
2026-09-27,hyd_150_wh_hl_01,ca.4262263,7
2026-09-27,hyd_151_wh_hl_01,ca.4119426,202
2026-09-27,hyd_151_wh_hl_01,ca.4125497,3
2026-09-27,hyd_151_wh_hl_01,ca.4225966,68
2026-09-27,hyd_151_wh_hl_01,ca.4231302,23
2026-09-27,hyd_151_wh_hl_01,ca.4268602,291
2026-09-27,hyd_151_wh_hl_01,gopusuryateja.vc,275
2026-09-27,hyd_151_wh_hl_01,muppavarapua.vc,101
2026-09-27,hyd_152_wh_hl_01,ca.4318723,1
2026-09-27,hyd_152_wh_hl_01,modemanil.vc,3
2026-09-27,hyd_153_wh_hl_01,lma.100001614460,3
2026-09-27,hyd_153_wh_hl_01,lma.100001662480,51
2026-09-27,hyd_154_wh_hl_01,lma.100001613779,2
2026-09-27,hyd_154_wh_hl_01,lma.100001626512,50
2026-09-27,hyd_155_wh_hl_01,ca.4319391,15
2026-09-27,hyd_156_wh_hl_01,ca.3939832,178
2026-09-27,hyd_156_wh_hl_01,ca.4380515,42
2026-09-27,hyd_157_wh_hl_01,ca.3932445,129
2026-09-27,hyd_157_wh_hl_01,ca.3939708,4
2026-09-27,hyd_157_wh_hl_01,ca.3939714,168
2026-09-27,hyd_157_wh_hl_01,ca.4051513,225
2026-09-27,hyd_157_wh_hl_01,ca.4319494,113
2026-09-27,hyd_157_wh_hl_01,ca.4325216,204
2026-09-27,hyd_157_wh_hl_01,ca.4392186,342
2026-09-27,hyd_158_wh_hl_01,ca.4115806,84
2026-09-27,hyd_158_wh_hl_01,ca.4139002,21
2026-09-27,hyd_158_wh_hl_01,ca.4139374,106
2026-09-27,hyd_158_wh_hl_01,ca.4144151,2
2026-09-27,hyd_158_wh_hl_01,ca.4184497,33
2026-09-27,hyd_158_wh_hl_01,ca.4214158,147
2026-09-27,hyd_158_wh_hl_01,ca.4262302,138
2026-09-27,hyd_158_wh_hl_01,ca.4274422,3
2026-09-27,hyd_159_wh_hl_01,ca.3945717,60
2026-09-27,hyd_159_wh_hl_01,ca.3956993,237
2026-09-27,hyd_159_wh_hl_01,ca.3985349,1
2026-09-27,hyd_159_wh_hl_01,ca.4192475,367
2026-09-27,hyd_159_wh_hl_01,ca.4195114,44
2026-09-27,hyd_159_wh_hl_01,ca.4221664,472
2026-09-27,hyd_159_wh_hl_01,ca.4263104,158
2026-09-27,hyd_159_wh_hl_01,ca.4286056,83
2026-09-27,hyd_159_wh_hl_01,ca.4294272,47
2026-09-27,hyd_159_wh_hl_01,kaslabadpraveen.vc,9
2026-09-27,hyd_160_wh_hl_02,ca.4084598,226
2026-09-27,hyd_160_wh_hl_02,ca.4122531,115
2026-09-27,hyd_160_wh_hl_02,ca.4223396,115
2026-09-27,hyd_160_wh_hl_02,ca.4244538,36
2026-09-27,hyd_160_wh_hl_02,ca.4273750,144
2026-09-27,hyd_160_wh_hl_02,ca.4312420,151
2026-09-27,hyd_160_wh_hl_02,kalakuntlau1.vc,11
2026-09-27,hyd_161_wh_hl_01,ca.3938959,98
2026-09-27,hyd_161_wh_hl_01,ca.3939317,38
2026-09-27,hyd_161_wh_hl_01,ca.3946258,61
2026-09-27,hyd_161_wh_hl_01,ca.3998481,45
2026-09-27,hyd_161_wh_hl_01,ca.4131307,56
2026-09-27,hyd_161_wh_hl_01,ca.4291472,49
2026-09-27,hyd_161_wh_hl_01,ca.4328641,105
2026-09-27,hyd_163_wh_hl_01,ca.4152295,2
2026-09-27,hyd_163_wh_hl_01,ca.4267007,22
2026-09-27,hyd_164_wh_hl_01,lma.100001531746,148
2026-09-27,hyd_164_wh_hl_01,lma.100001549120,31
2026-09-27,hyd_164_wh_hl_01,lma.100001555263,280
2026-09-27,hyd_164_wh_hl_01,lma.100001561469,164
2026-09-27,hyd_164_wh_hl_01,lma.100001564805,237
2026-09-27,hyd_164_wh_hl_01,lma.100001564833,65
2026-09-27,hyd_164_wh_hl_01,lma.100001565199,132
2026-09-27,hyd_164_wh_hl_01,lma.100001566741,342
2026-09-27,hyd_165_wh_hl_01,lma.100001533842,90
2026-09-27,hyd_165_wh_hl_01,lma.100001566707,50
2026-09-27,hyd_166_wh_hl_01,ca.4150509,6
2026-09-27,hyd_166_wh_hl_01,ca.4150553,4
2026-09-27,hyd_166_wh_hl_01,ca.4153353,32
2026-09-27,hyd_166_wh_hl_01,ca.4249472,157
2026-09-27,hyd_166_wh_hl_01,ca.4257296,82
2026-09-27,hyd_167_wh_hl_01,puttaanirud.vc,1
2026-09-27,hyd_170_wh_hl_01,ca.4138678,192
2026-09-27,hyd_170_wh_hl_01,ca.4140081,172
2026-09-27,hyd_170_wh_hl_01,ca.4142458,16
2026-09-27,hyd_170_wh_hl_01,ca.4143548,73
2026-09-27,hyd_170_wh_hl_01,ca.4153799,83
2026-09-27,hyd_170_wh_hl_01,ca.4153805,63
2026-09-27,hyd_170_wh_hl_01,ca.4245167,265
2026-09-27,hyd_170_wh_hl_01,ca.4246208,24
2026-09-27,hyd_170_wh_hl_01,gowlikarh.vc,64
2026-09-27,hyd_170_wh_hl_01,mateenalikhan.vc,17
2026-09-27,hyd_171_wh_hl_01,ca.4362021,3
2026-09-27,hyd_172_wh_hl_01,ca.4113765,9
2026-09-27,hyd_172_wh_hl_01,ca.4276102,11
2026-09-27,hyd_172_wh_hl_01,ca.4330484,31
2026-09-27,hyd_172_wh_hl_01,ca.4336478,29
2026-09-27,hyd_172_wh_hl_01,ca.4349875,88
2026-09-27,hyd_172_wh_hl_01,ca.4383715,48
2026-09-27,hyd_172_wh_hl_01,chityalav.vc,9
2026-09-27,hyd_173_wh_hl_01,ca.4245037,1
2026-09-27,hyd_174_wh_hl_01,ca.4310878,4
2026-09-27,hyd_176_wh_hl_01,ca.4057695,2
2026-09-27,hyd_176_wh_hl_01,ca.4125121,98
2026-09-27,hyd_178_wh_hl_01,ca.4278321,30
2026-09-27,hyd_178_wh_hl_01,ca.4286021,88
2026-09-27,hyd_178_wh_hl_01,ca.4296051,2
2026-09-27,hyd_178_wh_hl_01,ca.4332971,75
2026-09-27,hyd_178_wh_hl_01,ca.4351380,24
2026-09-27,hyd_179_wh_hl_01,ca.4188434,17
2026-09-27,hyd_179_wh_hl_01,ca.4246801,19
2026-09-27,hyd_180_wh_hl_01,ca.4073398,115
2026-09-27,hyd_180_wh_hl_01,ca.4154033,8
2026-09-27,hyd_180_wh_hl_01,ca.4156788,12
2026-09-27,hyd_180_wh_hl_01,ca.4182465,2
2026-09-27,hyd_180_wh_hl_01,ca.4356298,47
2026-09-27,hyd_180_wh_hl_01,ca.4373428,242
2026-09-27,hyd_180_wh_hl_01,ca.4382991,431
2026-09-27,hyd_180_wh_hl_01,chilukalan.vc,7
2026-09-27,hyd_181_wh_hl_01,ca.4074221,62
2026-09-27,hyd_181_wh_hl_01,ca.4221845,292
2026-09-27,hyd_181_wh_hl_01,ca.4226583,92
2026-09-27,hyd_181_wh_hl_01,ca.4268294,31
2026-09-27,hyd_181_wh_hl_01,kudikalas.vc,4
2026-09-27,hyd_181_wh_hl_01,vshivaniv.vc,59
2026-09-27,hyd_182_wh_hl_01,lma.100001585390,5
2026-09-27,hyd_182_wh_hl_01,lma.100001600171,43
2026-09-27,hyd_182_wh_hl_01,lma.100001612925,71
2026-09-27,hyd_182_wh_hl_01,lma.100001654694,117
2026-09-27,hyd_182_wh_hl_01,lma.100001654720,1
2026-09-27,hyd_182_wh_hl_01,lma.100001657412,46
2026-09-27,hyd_182_wh_hl_01,lma.100001661210,23
2026-09-27,hyd_185_wh_hl_01,lma.100001581444,25
2026-09-27,hyd_185_wh_hl_01,lma.100001581518,84
2026-09-27,hyd_185_wh_hl_01,lma.100001583314,263
2026-09-27,hyd_185_wh_hl_01,lma.100001597136,79
2026-09-27,hyd_185_wh_hl_01,lma.100001664617,308
2026-09-27,hyd_187_wh_hl_01,bakkurig.vc,223
2026-09-27,hyd_187_wh_hl_01,ca.4194033,80
2026-09-27,hyd_187_wh_hl_01,ca.4236769,366
2026-09-27,hyd_187_wh_hl_01,ca.4276150,22
2026-09-27,hyd_187_wh_hl_01,ca.4277798,59
2026-09-27,hyd_187_wh_hl_01,ca.4282895,4
2026-09-27,hyd_187_wh_hl_01,ca.4285882,161
2026-09-27,hyd_187_wh_hl_01,mohdjawad.vc,56
2026-09-27,hyd_188_wh_hl_01,ca.4120584,4
2026-09-27,hyd_188_wh_hl_01,ca.4196332,64
2026-09-27,hyd_188_wh_hl_01,ca.4312539,47
2026-09-27,hyd_189_wh_hl_01,ca.4089433,2
2026-09-27,hyd_189_wh_hl_01,ca.4092421,247
2026-09-27,hyd_189_wh_hl_01,ca.4092460,45
2026-09-27,hyd_189_wh_hl_01,ca.4096307,9
2026-09-27,hyd_189_wh_hl_01,ca.4106660,376
2026-09-27,hyd_189_wh_hl_01,ca.4203845,34
2026-09-27,hyd_189_wh_hl_01,gulivendulan.vc,28
2026-09-27,hyd_190_wh_hl_01,ca.4123722,144
2026-09-27,hyd_190_wh_hl_01,ca.4130049,101
2026-09-27,hyd_190_wh_hl_01,ca.4144227,96
2026-09-27,hyd_190_wh_hl_01,ca.4288110,111
2026-09-27,hyd_190_wh_hl_01,ca.4355163,4
2026-09-27,hyd_190_wh_hl_01,shaikt1.vc,7
2026-09-27,hyd_190_wh_hl_01,tumalapallyl.vc,30
2026-09-27,hyd_190_wh_hl_01,udutham.vc,210
2026-09-27,hyd_191_wh_hl_01,lma.100001581571,77
2026-09-27,hyd_191_wh_hl_01,lma.100001585030,7
2026-09-27,hyd_191_wh_hl_01,lma.100001585068,401
2026-09-27,hyd_191_wh_hl_01,lma.100001589271,87
2026-09-27,hyd_192_wh_hl_01,ca.4255614,59
2026-09-27,hyd_192_wh_hl_01,karraakhil.vc,67
2026-09-27,hyd_192_wh_hl_01,vasamsaikiran.vc,152
2026-09-27,hyd_200_wh_hl_01,lma.100001581709,2
2026-09-27,hyd_202_wh_hl_01,lma.100001610898,4
2026-09-27,hyd_202_wh_hl_01,lma.100001611269,25
2026-09-27,hyd_202_wh_hl_01,lma.100001611290,107
2026-09-27,hyd_202_wh_hl_01,lma.100001611295,36
2026-09-27,hyd_202_wh_hl_01,lma.100001615424,88
2026-09-27,hyd_202_wh_hl_01,lma.100001615435,21
2026-09-27,jai_101_wh_hl_01,ca.4209963,4
2026-09-27,jai_102_wh_hl_01,ca.4050802,4
2026-09-27,jai_103_wh_hl_01,ca.3868454,3
2026-09-27,jai_104_wh_hl_01,ca.4085705,3
2026-09-27,jai_106_wh_hl_01,ca.3972500,91
2026-09-27,jai_106_wh_hl_01,ca.3975099,50
2026-09-27,jai_106_wh_hl_01,ca.4055767,102
2026-09-27,jai_106_wh_hl_01,ca.4063676,232
2026-09-27,jai_106_wh_hl_01,ca.4078348,486
2026-09-27,jai_106_wh_hl_01,ca.4266364,43
2026-09-27,jai_107_wh_hl_01,ca.4262932,268
2026-09-27,jai_107_wh_hl_01,ca.4284181,219
2026-09-27,jai_108_wh_hl_01,ca.3936294,25
2026-09-27,jai_108_wh_hl_01,ca.4071761,5
2026-09-27,jai_108_wh_hl_01,ca.4222246,57
2026-09-27,jai_108_wh_hl_01,ca.4281460,38
2026-09-27,jai_109_wh_hl_01,ca.4229573,1
2026-09-27,jai_109_wh_hl_01,ca.4278251,2
2026-09-27,jai_110_wh_hl_01,ca.3972513,72
2026-09-27,jai_110_wh_hl_01,ca.4272102,3
2026-09-27,jai_111_wh_hl_01,ca.4260960,2
2026-09-27,jai_113_wh_hl_01,ca.4070568,92
2026-09-27,jai_113_wh_hl_01,ca.4112161,148
2026-09-27,jai_113_wh_hl_01,ca.4361415,3
2026-09-27,jai_114_wh_hl_01,ca.4000166,23
2026-09-27,jai_114_wh_hl_01,ca.4117522,41
2026-09-27,jai_114_wh_hl_01,ca.4272358,35
2026-09-27,jai_115_wh_hl_01,ca.4343394,3
2026-09-27,jai_116_wh_hl_01,ca.4220764,4
2026-09-27,jai_117_wh_hl_01,ca.4012824,136
2026-09-27,jai_117_wh_hl_01,ca.4028346,4
2026-09-27,jai_117_wh_hl_01,ca.4111721,37
2026-09-27,jai_117_wh_hl_01,ca.4242579,4
2026-09-27,jai_117_wh_hl_01,ca.4282108,56
2026-09-27,jai_118_wh_hl_01,ca.3575203,214
2026-09-27,jai_118_wh_hl_01,ca.4046574,40
2026-09-27,jai_118_wh_hl_01,ca.4142730,51
2026-09-27,jai_118_wh_hl_01,ca.4206741,7
2026-09-27,jai_118_wh_hl_01,ca.4252542,37
2026-09-27,jai_118_wh_hl_01,ca.4262417,47
2026-09-27,jai_118_wh_hl_01,ca.4264150,9
2026-09-27,jai_118_wh_hl_01,ca.4265119,35
2026-09-27,jai_118_wh_hl_01,ca.4284838,87
2026-09-27,jai_118_wh_hl_01,ca.4306712,111
2026-09-27,jai_121_wh_hl_01,ca.4172122,2
2026-09-27,jai_122_wh_hl_01,ca.4134994,103
2026-09-27,jai_122_wh_hl_01,ca.4136786,92
2026-09-27,jai_122_wh_hl_01,ca.4136896,16
2026-09-27,jai_122_wh_hl_01,ca.4237343,94
2026-09-27,jai_125_wh_hl_01,ca.4293996,24
2026-09-27,jai_125_wh_hl_01,ca.4306521,7
2026-09-27,jai_125_wh_hl_01,ca.4312994,18
2026-09-27,jai_127_wh_hl_01,ca.4367797,44
2026-09-27,jai_128_wh_hl_01,ca.4345273,2
2026-09-27,jai_128_wh_hl_01,ca.4349553,2
2026-09-27,jal_101_wh_hl_01,ca.4081077,55
2026-09-27,jal_101_wh_hl_01,ca.4261591,64
2026-09-27,jal_101_wh_hl_01,ca.4285133,39
2026-09-27,jal_102_wh_hl_01,ca.4089525,60
2026-09-27,jal_102_wh_hl_01,ca.4089845,82
2026-09-27,jal_102_wh_hl_01,ca.4089870,8
2026-09-27,jal_102_wh_hl_01,ca.4221877,140
2026-09-27,jal_102_wh_hl_01,ca.4260797,149
2026-09-27,kol_101_wh_hl_01,ca.3570726,321
2026-09-27,kol_101_wh_hl_01,ca.3723800,2
2026-09-27,kol_101_wh_hl_01,ca.3829508,229
2026-09-27,kol_101_wh_hl_01,ca.3857234,534
2026-09-27,kol_101_wh_hl_01,ca.3875644,25
2026-09-27,kol_101_wh_hl_01,ca.3898489,40
2026-09-27,kol_101_wh_hl_01,ca.3960333,341
2026-09-27,kol_101_wh_hl_01,ca.4043691,417
2026-09-27,kol_101_wh_hl_01,ca.4049771,279
2026-09-27,kol_101_wh_hl_01,ca.4092732,215
2026-09-27,kol_101_wh_hl_01,subhodeepmondal.vc,8
2026-09-27,kol_102_wh_hl_01,ayandas1.vc,48
2026-09-27,kol_102_wh_hl_01,biswajitdas2.vc,2
2026-09-27,kol_102_wh_hl_01,ca.3416506,173
2026-09-27,kol_102_wh_hl_01,ca.3556259,39
2026-09-27,kol_102_wh_hl_01,ca.3590551,39
2026-09-27,kol_102_wh_hl_01,ca.3928293,1
2026-09-27,kol_102_wh_hl_01,ca.4155629,58
2026-09-27,kol_102_wh_hl_01,ca.4165256,154
2026-09-27,kol_102_wh_hl_01,ca.4256237,95
2026-09-27,kol_102_wh_hl_01,ca.4268308,313
2026-09-27,kol_102_wh_hl_01,ca.4299274,70
2026-09-27,kol_102_wh_hl_01,ca.4311446,227
2026-09-27,kol_102_wh_hl_01,ca.4311461,25
2026-09-27,kol_102_wh_hl_01,ca.4376998,115
2026-09-27,kol_104_wh_hl_01,apurbamondal.vc,2
2026-09-27,kol_104_wh_hl_01,ca.3526194,5
2026-09-27,kol_104_wh_hl_01,ca.3816331,36
2026-09-27,kol_104_wh_hl_01,ca.3880190,383
2026-09-27,kol_104_wh_hl_01,ca.3884956,27
2026-09-27,kol_104_wh_hl_01,ca.3884964,236
2026-09-27,kol_104_wh_hl_01,ca.3932291,145
2026-09-27,kol_104_wh_hl_01,ca.3932294,111
2026-09-27,kol_104_wh_hl_01,ca.4010344,97
2026-09-27,kol_104_wh_hl_01,ca.4146898,171
2026-09-27,kol_104_wh_hl_01,ca.4156703,203
2026-09-27,kol_104_wh_hl_01,ca.4245215,206
2026-09-27,kol_104_wh_hl_01,ca.4321180,336
2026-09-27,kol_104_wh_hl_01,ca.4357938,63
2026-09-27,kol_105_wh_hl_01,ca.4017854,23
2026-09-27,kol_105_wh_hl_01,ca.4193720,180
2026-09-27,kol_105_wh_hl_01,ca.4229978,64
2026-09-27,kol_105_wh_hl_01,ca.4277358,173
2026-09-27,kol_105_wh_hl_01,ca.4279124,33
2026-09-27,kol_106_wh_hl_01,ca.3817278,60
2026-09-27,kol_106_wh_hl_01,ca.3884967,63
2026-09-27,kol_106_wh_hl_01,ca.3937438,400
2026-09-27,kol_106_wh_hl_01,ca.3949102,5
2026-09-27,kol_106_wh_hl_01,ca.4038594,352
2026-09-27,kol_106_wh_hl_01,ca.4098808,15
2026-09-27,kol_106_wh_hl_01,ca.4213032,34
2026-09-27,kol_106_wh_hl_01,ca.4241243,86
2026-09-27,kol_106_wh_hl_01,ca.4285220,28
2026-09-27,kol_106_wh_hl_01,ca.4306258,125
2026-09-27,kol_106_wh_hl_01,ca.4357301,26
2026-09-27,kol_106_wh_hl_01,partha.dhara,3
2026-09-27,kol_107_wh_hl_01,ca.3448802,67
2026-09-27,kol_107_wh_hl_01,ca.3463795,193
2026-09-27,kol_107_wh_hl_01,ca.3771115,43
2026-09-27,kol_107_wh_hl_01,ca.3905111,28
2026-09-27,kol_107_wh_hl_01,ca.3934884,260
2026-09-27,kol_107_wh_hl_01,ca.4137398,275
2026-09-27,kol_107_wh_hl_01,ca.4139530,23
2026-09-27,kol_107_wh_hl_01,ca.4205952,5
2026-09-27,kol_107_wh_hl_01,ca.4272475,11
2026-09-27,kol_107_wh_hl_01,ca.4287879,23
2026-09-27,kol_109_wh_hl_01,ca.3413286,146
2026-09-27,kol_109_wh_hl_01,ca.3488785,5
2026-09-27,kol_109_wh_hl_01,ca.3700990,447
2026-09-27,kol_109_wh_hl_01,ca.3732719,436
2026-09-27,kol_109_wh_hl_01,ca.3883414,298
2026-09-27,kol_109_wh_hl_01,ca.3891874,255
2026-09-27,kol_109_wh_hl_01,ca.3894368,278
2026-09-27,kol_109_wh_hl_01,ca.4025302,704
2026-09-27,kol_109_wh_hl_01,ca.4035145,177
2026-09-27,kol_109_wh_hl_01,ca.4161760,136
2026-09-27,kol_109_wh_hl_01,ca.4209007,2
2026-09-27,kol_110_wh_hl_01,ca.3488783,2
2026-09-27,kol_110_wh_hl_01,ca.3762877,184
2026-09-27,kol_110_wh_hl_01,ca.4033695,261
2026-09-27,kol_111_wh_hl_01,arijitsaha.vc,78
2026-09-27,kol_111_wh_hl_01,ca.3462230,651
2026-09-27,kol_111_wh_hl_01,ca.3856179,529
2026-09-27,kol_111_wh_hl_01,ca.3884974,25
2026-09-27,kol_111_wh_hl_01,ca.3987225,161
2026-09-27,kol_111_wh_hl_01,ca.4033034,2
2026-09-27,kol_111_wh_hl_01,ca.4034905,3
2026-09-27,kol_111_wh_hl_01,ca.4150533,405
2026-09-27,kol_111_wh_hl_01,ca.4202101,783
2026-09-27,kol_111_wh_hl_01,ca.4230873,738
2026-09-27,kol_111_wh_hl_01,ca.4261867,66
2026-09-27,kol_111_wh_hl_01,ca.4270695,46
2026-09-27,kol_111_wh_hl_01,ca.4277542,386
2026-09-27,kol_111_wh_hl_01,ca.4292308,653
2026-09-27,kol_111_wh_hl_01,ca.4299293,273
2026-09-27,kol_111_wh_hl_01,ca.4361690,432
2026-09-27,kol_112_wh_hl_01,achinta.malo,9
2026-09-27,kol_112_wh_hl_01,ca.3870453,49
2026-09-27,kol_112_wh_hl_01,ca.3874641,141
2026-09-27,kol_112_wh_hl_01,ca.3880007,152
2026-09-27,kol_112_wh_hl_01,ca.3991178,304
2026-09-27,kol_112_wh_hl_01,ca.4121062,261
2026-09-27,kol_112_wh_hl_01,ca.4121080,605
2026-09-27,kol_112_wh_hl_01,ca.4235905,3
2026-09-27,kol_112_wh_hl_01,ca.4269746,235
2026-09-27,kol_112_wh_hl_01,ca.4300815,35
2026-09-27,kol_112_wh_hl_01,ca.4308448,37
2026-09-27,kol_112_wh_hl_01,ca.4321403,463
2026-09-27,kol_113_wh_hl_01,ca.3401386,15
2026-09-27,kol_113_wh_hl_01,ca.3526510,217
2026-09-27,kol_113_wh_hl_01,ca.3815586,5
2026-09-27,kol_113_wh_hl_01,ca.3872681,17
2026-09-27,kol_113_wh_hl_01,ca.3887860,297
2026-09-27,kol_113_wh_hl_01,ca.4024179,43
2026-09-27,kol_113_wh_hl_01,ca.4024191,44
2026-09-27,kol_113_wh_hl_01,ca.4162444,345
2026-09-27,kol_113_wh_hl_01,ca.4229451,133
2026-09-27,kol_113_wh_hl_01,ca.4284347,20
2026-09-27,kol_113_wh_hl_01,gouravsingh3.vc,2
2026-09-27,kol_113_wh_hl_01,rohitshaw.vc,201
2026-09-27,kol_114_wh_hl_01,ca.3814050,94
2026-09-27,kol_114_wh_hl_01,ca.3892622,63
2026-09-27,kol_114_wh_hl_01,ca.3901090,35
2026-09-27,kol_114_wh_hl_01,ca.3941124,41
2026-09-27,kol_114_wh_hl_01,ca.4045653,117
2026-09-27,kol_114_wh_hl_01,ca.4175728,61
2026-09-27,kol_114_wh_hl_01,ca.4209853,138
2026-09-27,kol_114_wh_hl_01,ca.4213706,43
2026-09-27,kol_114_wh_hl_01,ca.4287360,67
2026-09-27,kol_114_wh_hl_01,rakeshshaw.vc,2
2026-09-27,kol_115_wh_hl_01,ca.3662014,383
2026-09-27,kol_115_wh_hl_01,ca.4266010,34
2026-09-27,kol_116_wh_hl_01,ca.3940018,2
2026-09-27,kol_116_wh_hl_01,ca.4152275,1
2026-09-27,kol_117_wh_hl_01,ca.4353636,44
2026-09-27,kol_117_wh_hl_01,ca.4363057,1
2026-09-27,kol_118_wh_hl_01,ca.3450406,138
2026-09-27,kol_118_wh_hl_01,ca.3753979,4
2026-09-27,kol_118_wh_hl_01,ca.3873144,9
2026-09-27,kol_118_wh_hl_01,ca.3894374,12
2026-09-27,kol_118_wh_hl_01,ca.4206114,29
2026-09-27,kol_118_wh_hl_01,ca.4267099,21
2026-09-27,kol_118_wh_hl_01,ca.4285724,101
2026-09-27,kol_118_wh_hl_01,ca.4301538,36
2026-09-27,kol_118_wh_hl_01,ca.4310216,280
2026-09-27,kol_118_wh_hl_01,ca.4311433,8
2026-09-27,kol_118_wh_hl_01,ca.4351330,162
2026-09-27,kol_118_wh_hl_01,ronichowdhury.vc,55
2026-09-27,kol_119_wh_hl_01,bishalk.vc,31
2026-09-27,kol_119_wh_hl_01,ca.3883411,87
2026-09-27,kol_119_wh_hl_01,ca.4020188,19
2026-09-27,kol_119_wh_hl_01,ca.4106936,27
2026-09-27,kol_119_wh_hl_01,ca.4287429,47
2026-09-27,kol_119_wh_hl_01,debasishbiswas.vc,1
2026-09-27,kol_120_wh_hl_01,ca.4082785,5
2026-09-27,kol_121_wh_hl_01,ca.3886071,2
2026-09-27,kol_122_wh_hl_01,anishroy.vc,1
2026-09-27,kol_122_wh_hl_01,ca.3572593,249
2026-09-27,kol_122_wh_hl_01,ca.3766109,524
2026-09-27,kol_122_wh_hl_01,ca.3836393,51
2026-09-27,kol_122_wh_hl_01,ca.3977893,4
2026-09-27,kol_122_wh_hl_01,ca.4001807,40
2026-09-27,kol_122_wh_hl_01,ca.4003397,53
2026-09-27,kol_122_wh_hl_01,ca.4229546,249
2026-09-27,kol_122_wh_hl_01,ca.4314327,400
2026-09-27,kol_125_wh_hl_01,ca.4249312,4
2026-09-27,kol_126_wh_hl_01,bubaibhukta1.vc,4
2026-09-27,kol_126_wh_hl_01,ca.3895292,137
2026-09-27,kol_126_wh_hl_01,ca.3918760,1
2026-09-27,kol_126_wh_hl_01,ca.4008912,105
2026-09-27,kol_126_wh_hl_01,ca.4136059,74
2026-09-27,kol_126_wh_hl_01,ca.4166313,165
2026-09-27,kol_126_wh_hl_01,ca.4186617,44
2026-09-27,kol_126_wh_hl_01,ca.4267697,448
2026-09-27,kol_126_wh_hl_01,ca.4273642,330
2026-09-27,kol_126_wh_hl_01,ca.4279117,167
2026-09-27,kol_126_wh_hl_01,ca.4312152,155
2026-09-27,kol_126_wh_hl_01,ca.4312158,171
2026-09-27,kol_126_wh_hl_01,ca.4352169,173
2026-09-27,kol_126_wh_hl_01,ujjalghosh.vc,270
2026-09-27,kol_128_wh_hl_01,ca.3836775,1
2026-09-27,kol_128_wh_hl_01,ca.3843709,100
2026-09-27,kol_128_wh_hl_01,ca.4001746,1
2026-09-27,kol_128_wh_hl_01,ca.4001752,46
2026-09-27,kol_128_wh_hl_01,ca.4043053,22
2026-09-27,kol_128_wh_hl_01,ca.4062308,155
2026-09-27,kol_128_wh_hl_01,ca.4131663,38
2026-09-27,kol_128_wh_hl_01,ca.4150915,28
2026-09-27,kol_128_wh_hl_01,ca.4259778,52
2026-09-27,kol_128_wh_hl_01,ca.4281895,177
2026-09-27,kol_128_wh_hl_01,ca.4323881,11
2026-09-27,kol_128_wh_hl_01,manik.manna,1
2026-09-27,kol_128_wh_hl_01,mohammada7.vc,11
2026-09-27,kol_129_wh_hl_01,ca.3629362,15
2026-09-27,kol_129_wh_hl_01,ca.3637065,29
2026-09-27,kol_129_wh_hl_01,ca.3775021,1
2026-09-27,kol_129_wh_hl_01,ca.3779209,29
2026-09-27,kol_129_wh_hl_01,ca.3802055,45
2026-09-27,kol_129_wh_hl_01,ca.3997379,77
2026-09-27,kol_129_wh_hl_01,ca.4080498,52
2026-09-27,kol_129_wh_hl_01,ca.4099113,190
2026-09-27,kol_129_wh_hl_01,ca.4192313,102
2026-09-27,kol_130_wh_hl_01,ca.3667184,309
2026-09-27,kol_130_wh_hl_01,ca.4129369,70
2026-09-27,kol_130_wh_hl_01,ca.4166381,73
2026-09-27,kol_130_wh_hl_01,ca.4284339,2
2026-09-27,kol_132_wh_hl_01,ca.3905824,13
2026-09-27,kol_132_wh_hl_01,ca.3926495,16
2026-09-27,kol_132_wh_hl_01,ca.3978879,101
2026-09-27,kol_132_wh_hl_01,ca.3987660,22
2026-09-27,kol_132_wh_hl_01,ca.4001985,140
2026-09-27,kol_132_wh_hl_01,ca.4020721,56
2026-09-27,kol_132_wh_hl_01,ca.4026113,57
2026-09-27,kol_132_wh_hl_01,ca.4050368,12
2026-09-27,kol_132_wh_hl_01,ca.4101003,60
2026-09-27,kol_132_wh_hl_01,ca.4279162,52
2026-09-27,kol_132_wh_hl_01,ca.4315721,35
2026-09-27,kol_132_wh_hl_01,ca.4318945,38
2026-09-27,kol_132_wh_hl_01,ca.4385336,28
2026-09-27,kol_132_wh_hl_01,mdmahboobalam.vc,34
2026-09-27,kol_133_wh_hl_01,lma.100001537865,292
2026-09-27,kol_133_wh_hl_01,lma.100001539863,638
2026-09-27,kol_133_wh_hl_01,lma.100001539903,169
2026-09-27,kol_133_wh_hl_01,lma.100001540941,344
2026-09-27,kol_133_wh_hl_01,lma.100001543524,99
2026-09-27,kol_133_wh_hl_01,lma.100001567094,268
2026-09-27,kol_133_wh_hl_01,lma.100001567102,320
2026-09-27,kol_134_wh_hl_02,lma.100001545810,172
2026-09-27,kol_134_wh_hl_02,lma.100001571631,442
2026-09-27,kol_134_wh_hl_02,lma.100001572566,20
2026-09-27,kol_134_wh_hl_02,lma.100001581589,47
2026-09-27,kol_134_wh_hl_02,lma.100001581720,24
2026-09-27,kol_134_wh_hl_02,lma.100001587622,205
2026-09-27,kol_134_wh_hl_02,lma.100001602309,197
2026-09-27,kol_135_wh_hl_01,aparajitas.vc,409
2026-09-27,kol_135_wh_hl_01,ca.3914294,41
2026-09-27,kol_135_wh_hl_01,ca.3920031,1
2026-09-27,kol_135_wh_hl_01,ca.3932145,220
2026-09-27,kol_135_wh_hl_01,ca.3971940,83
2026-09-27,kol_135_wh_hl_01,ca.4122254,2
2026-09-27,kol_135_wh_hl_01,ca.4165344,38
2026-09-27,kol_135_wh_hl_01,ca.4204271,6
2026-09-27,kol_135_wh_hl_01,ca.4229687,2
2026-09-27,kol_135_wh_hl_01,ca.4273453,127
2026-09-27,kol_135_wh_hl_01,ca.4284298,162
2026-09-27,kol_135_wh_hl_01,ca.4284453,51
2026-09-27,kol_135_wh_hl_01,ca.4289023,111
2026-09-27,kol_135_wh_hl_01,ca.4312087,50
2026-09-27,kol_135_wh_hl_01,himangshu.maity,251
2026-09-27,kol_136_wh_hl_01,akashgupta2.vc,2
2026-09-27,kol_136_wh_hl_01,bikashmondal.vc,5
2026-09-27,kol_136_wh_hl_01,ca.3601259,31
2026-09-27,kol_136_wh_hl_01,ca.3771052,7
2026-09-27,kol_136_wh_hl_01,ca.3828181,476
2026-09-27,kol_136_wh_hl_01,ca.3835132,24
2026-09-27,kol_136_wh_hl_01,ca.3886190,163
2026-09-27,kol_136_wh_hl_01,ca.3897292,163
2026-09-27,kol_136_wh_hl_01,ca.3923409,3
2026-09-27,kol_136_wh_hl_01,ca.3952650,243
2026-09-27,kol_136_wh_hl_01,ca.4143576,378
2026-09-27,kol_136_wh_hl_01,ca.4281648,168
2026-09-27,kol_136_wh_hl_01,ca.4281650,167
2026-09-27,kol_136_wh_hl_01,ca.4307025,325
2026-09-27,kol_136_wh_hl_01,prakashdas.vc,173
2026-09-27,kol_136_wh_hl_01,preranasahoo.vc,45
2026-09-27,kol_137_wh_hl_01,ca.3902622,3
2026-09-27,kol_137_wh_hl_01,ca.4006497,16
2026-09-27,kol_137_wh_hl_01,ca.4006501,204
2026-09-27,kol_137_wh_hl_01,ca.4021033,45
2026-09-27,kol_137_wh_hl_01,ca.4150804,15
2026-09-27,kol_137_wh_hl_01,ca.4190831,24
2026-09-27,kol_137_wh_hl_01,ca.4229709,75
2026-09-27,kol_138_wh_hl_01,ca.3884936,300
2026-09-27,kol_138_wh_hl_01,ca.3897202,24
2026-09-27,kol_138_wh_hl_01,ca.3897208,31
2026-09-27,kol_138_wh_hl_01,ca.3916220,91
2026-09-27,kol_138_wh_hl_01,ca.4012383,102
2026-09-27,kol_138_wh_hl_01,ca.4106397,299
2026-09-27,kol_138_wh_hl_01,ca.4106946,105
2026-09-27,kol_138_wh_hl_01,ca.4132260,2
2026-09-27,kol_138_wh_hl_01,ca.4224047,22
2026-09-27,kol_138_wh_hl_01,ca.4265216,142
2026-09-27,kol_138_wh_hl_01,ca.4298019,52
2026-09-27,kol_139_wh_hl_01,ca.4028437,70
2026-09-27,kol_139_wh_hl_01,ca.4030120,336
2026-09-27,kol_139_wh_hl_01,ca.4065483,17
2026-09-27,kol_139_wh_hl_01,ca.4065503,124
2026-09-27,kol_139_wh_hl_01,ca.4074158,20
2026-09-27,kol_139_wh_hl_01,ca.4122213,1
2026-09-27,kol_139_wh_hl_01,ca.4145672,82
2026-09-27,kol_139_wh_hl_01,indranilmondal.vc,2
2026-09-27,kol_139_wh_hl_01,rintumondal.vc,370
2026-09-27,kol_139_wh_hl_01,santanum.vc,16
2026-09-27,kol_141_wh_hl_01,ca.3815783,16
2026-09-27,kol_141_wh_hl_01,ca.4126378,203
2026-09-27,kol_141_wh_hl_01,ca.4161783,293
2026-09-27,kol_141_wh_hl_01,ca.4176500,467
2026-09-27,kol_141_wh_hl_01,ca.4179588,220
2026-09-27,kol_141_wh_hl_01,ca.4211042,19
2026-09-27,kol_141_wh_hl_01,ca.4216800,111
2026-09-27,kol_141_wh_hl_01,ca.4221646,147
2026-09-27,kol_141_wh_hl_01,ca.4258940,26
2026-09-27,kol_141_wh_hl_01,ca.4275139,89
2026-09-27,kol_141_wh_hl_01,ca.4286402,34
2026-09-27,kol_141_wh_hl_01,ca.4292359,48
2026-09-27,kol_141_wh_hl_01,rupeshanand.vc,2
2026-09-27,kol_142_wh_hl_01,ca.3859305,129
2026-09-27,kol_142_wh_hl_01,ca.3860063,415
2026-09-27,kol_142_wh_hl_01,ca.3862531,43
2026-09-27,kol_142_wh_hl_01,ca.3878645,2
2026-09-27,kol_142_wh_hl_01,ca.3897205,62
2026-09-27,kol_142_wh_hl_01,ca.4018366,274
2026-09-27,kol_142_wh_hl_01,ca.4019585,35
2026-09-27,kol_142_wh_hl_01,ca.4022884,295
2026-09-27,kol_142_wh_hl_01,sanumajumder1.vc,85
2026-09-27,kol_142_wh_hl_01,souviksil.vc,2
2026-09-27,kol_142_wh_hl_01,subhamitat.vc,10
2026-09-27,kol_143_wh_hl_01,ca.3853986,4
2026-09-27,kol_143_wh_hl_01,ca.3876614,132
2026-09-27,kol_143_wh_hl_01,ca.3900779,34
2026-09-27,kol_143_wh_hl_01,ca.4010386,256
2026-09-27,kol_143_wh_hl_01,ca.4140520,110
2026-09-27,kol_143_wh_hl_01,ca.4192296,18
2026-09-27,kol_143_wh_hl_01,ca.4237396,152
2026-09-27,kol_143_wh_hl_01,ca.4265481,9
2026-09-27,kol_143_wh_hl_01,ca.4287836,253
2026-09-27,kol_143_wh_hl_01,ca.4298415,109
2026-09-27,kol_143_wh_hl_01,ca.4311423,323
2026-09-27,kol_143_wh_hl_01,ca.4311724,236
2026-09-27,kol_143_wh_hl_01,ca.4318535,71
2026-09-27,kol_143_wh_hl_01,ca.4355674,14
2026-09-27,kol_144_wh_hl_01,ca.3969017,2
2026-09-27,kol_145_wh_hl_01,ca.4101307,104
2026-09-27,kol_145_wh_hl_01,ca.4348662,8
2026-09-27,kol_145_wh_hl_01,ca.4350656,2
2026-09-27,kol_145_wh_hl_01,ca.4355826,282
2026-09-27,kol_145_wh_hl_01,ca.4356053,233
2026-09-27,kol_147_wh_hl_01,ca.3916400,27
2026-09-27,kol_147_wh_hl_01,ca.3924997,35
2026-09-27,kol_147_wh_hl_01,ca.3952815,201
2026-09-27,kol_147_wh_hl_01,ca.4040306,138
2026-09-27,kol_147_wh_hl_01,ca.4044188,120
2026-09-27,kol_147_wh_hl_01,ca.4142485,125
2026-09-27,kol_147_wh_hl_01,ca.4270253,65
2026-09-27,kol_147_wh_hl_01,ca.4294028,142
2026-09-27,kol_149_wh_hl_01,ca.3902168,58
2026-09-27,kol_149_wh_hl_01,ca.3921775,90
2026-09-27,kol_149_wh_hl_01,ca.4089605,47
2026-09-27,kol_149_wh_hl_01,ca.4273836,198
2026-09-27,kol_150_wh_hl_01,bijoychowdhury.vc,8
2026-09-27,kol_150_wh_hl_01,ca.3907039,65
2026-09-27,kol_150_wh_hl_01,ca.3945055,238
2026-09-27,kol_150_wh_hl_01,ca.3990566,284
2026-09-27,kol_150_wh_hl_01,ca.4055347,160
2026-09-27,kol_150_wh_hl_01,ca.4065065,2
2026-09-27,kol_150_wh_hl_01,ca.4114767,332
2026-09-27,kol_150_wh_hl_01,ca.4141194,519
2026-09-27,kol_150_wh_hl_01,ca.4267901,306
2026-09-27,kol_150_wh_hl_01,ca.4308478,447
2026-09-27,kol_150_wh_hl_01,ca.4387068,308
2026-09-27,kol_150_wh_hl_01,soumitrakundu.vc,30
2026-09-27,kol_154_wh_hl_01,ca.3686382,1
2026-09-27,kol_154_wh_hl_01,ca.3833364,1
2026-09-27,kol_154_wh_hl_01,ca.4231755,207
2026-09-27,kol_154_wh_hl_01,ca.4263029,30
2026-09-27,kol_154_wh_hl_01,ca.4276219,76
2026-09-27,kol_154_wh_hl_01,ca.4300014,3
2026-09-27,kol_154_wh_hl_01,ca.4318559,21
2026-09-27,kol_155_wh_hl_01,ca.3897043,12
2026-09-27,kol_155_wh_hl_01,ca.4018286,185
2026-09-27,kol_155_wh_hl_01,ca.4046084,25
2026-09-27,kol_155_wh_hl_01,ca.4046085,373
2026-09-27,kol_155_wh_hl_01,ca.4139701,53
2026-09-27,kol_155_wh_hl_01,ca.4206111,60
2026-09-27,kol_155_wh_hl_01,ca.4228403,15
2026-09-27,kol_155_wh_hl_01,ca.4273228,101
2026-09-27,kol_155_wh_hl_01,ca.4337805,55
2026-09-27,kol_155_wh_hl_01,ca.4346206,204
2026-09-27,kol_155_wh_hl_01,souravnath.vc,2
2026-09-27,kol_156_wh_hl_01,ca.3959809,51
2026-09-27,kol_156_wh_hl_01,ca.4008261,14
2026-09-27,kol_156_wh_hl_01,ca.4209076,2
2026-09-27,kol_156_wh_hl_01,ca.4228664,47
2026-09-27,kol_156_wh_hl_01,ca.4229852,29
2026-09-27,kol_156_wh_hl_01,kaushalyadav1.vc,1
2026-09-27,kol_157_wh_hl_01,ca.4124042,12
2026-09-27,kol_157_wh_hl_01,ca.4142528,16
2026-09-27,kol_157_wh_hl_01,ca.4180846,318
2026-09-27,kol_158_wh_hl_01,ca.4292455,1
2026-09-27,kol_159_wh_hl_01,lma.100001641240,161
2026-09-27,kol_159_wh_hl_01,lma.100001642564,28
2026-09-27,kol_160_wh_hl_01,arkyamondal.vc,3
2026-09-27,kol_160_wh_hl_01,bappabiswas1.vc,1
2026-09-27,kol_160_wh_hl_01,ca.3774787,326
2026-09-27,kol_160_wh_hl_01,ca.3856144,1
2026-09-27,kol_160_wh_hl_01,ca.3891379,129
2026-09-27,kol_160_wh_hl_01,ca.3912537,318
2026-09-27,kol_160_wh_hl_01,ca.3932077,61
2026-09-27,kol_160_wh_hl_01,ca.3982146,170
2026-09-27,kol_160_wh_hl_01,ca.4010112,278
2026-09-27,kol_160_wh_hl_01,ca.4030109,45
2026-09-27,kol_160_wh_hl_01,ca.4120528,160
2026-09-27,kol_160_wh_hl_01,ca.4126452,188
2026-09-27,kol_160_wh_hl_01,ca.4260183,130
2026-09-27,kol_160_wh_hl_01,ca.4261415,188
2026-09-27,kol_160_wh_hl_01,ca.4263738,94
2026-09-27,kol_160_wh_hl_01,ca.4265781,5
2026-09-27,kol_160_wh_hl_01,ca.4273591,70
2026-09-27,kol_160_wh_hl_01,ca.4274232,127
2026-09-27,kol_160_wh_hl_01,ca.4276319,53
2026-09-27,kol_160_wh_hl_01,ca.4384196,79
2026-09-27,kol_160_wh_hl_01,pranroy.vc,3
2026-09-27,kol_162_wh_hl_01,ca.4277266,235
2026-09-27,kol_163_wh_hl_01,ca.3888088,228
2026-09-27,kol_163_wh_hl_01,ca.3906058,163
2026-09-27,kol_163_wh_hl_01,ca.3976194,112
2026-09-27,kol_163_wh_hl_01,ca.3980878,161
2026-09-27,kol_163_wh_hl_01,ca.3991015,155
2026-09-27,kol_163_wh_hl_01,ca.4045915,444
2026-09-27,kol_163_wh_hl_01,ca.4106942,372
2026-09-27,kol_163_wh_hl_01,ca.4382027,1
2026-09-27,kol_163_wh_hl_01,ca.4385844,119
2026-09-27,kol_163_wh_hl_01,rintudey.vc,17
2026-09-27,kol_163_wh_hl_01,soumenbhadra.vc,1
2026-09-27,kol_164_wh_hl_01,biswajitmitra.vc,10
2026-09-27,kol_164_wh_hl_01,ca.3894371,339
2026-09-27,kol_164_wh_hl_01,ca.3905341,144
2026-09-27,kol_164_wh_hl_01,ca.3969772,197
2026-09-27,kol_164_wh_hl_01,ca.3997367,179
2026-09-27,kol_164_wh_hl_01,ca.4100445,101
2026-09-27,kol_164_wh_hl_01,ca.4136152,290
2026-09-27,kol_164_wh_hl_01,ca.4151037,65
2026-09-27,kol_164_wh_hl_01,ca.4229969,1
2026-09-27,kol_164_wh_hl_01,ca.4263824,272
2026-09-27,kol_164_wh_hl_01,ca.4274576,246
2026-09-27,kol_164_wh_hl_01,ca.4290114,105
2026-09-27,kol_164_wh_hl_01,ca.4360625,68
2026-09-27,kol_166_wh_hl_01,ca.4119557,316
2026-09-27,kol_166_wh_hl_01,ca.4153507,172
2026-09-27,kol_166_wh_hl_01,ca.4176383,258
2026-09-27,kol_166_wh_hl_01,ca.4235975,338
2026-09-27,kol_166_wh_hl_01,ca.4271487,267
2026-09-27,kol_166_wh_hl_01,ca.4272547,302
2026-09-27,kol_166_wh_hl_01,ca.4389680,63
2026-09-27,kol_166_wh_hl_01,pritammondal1.vc,12
2026-09-27,kol_166_wh_hl_01,prothamshaw.vc,10
2026-09-27,kol_167_wh_hl_01,ca.4285706,1
2026-09-27,kol_171_wh_hl_01,ca.3861456,154
2026-09-27,kol_171_wh_hl_01,ca.3960149,5
2026-09-27,kol_171_wh_hl_01,ca.4005506,154
2026-09-27,kol_171_wh_hl_01,ca.4028461,46
2026-09-27,kol_171_wh_hl_01,ca.4030086,19
2026-09-27,kol_171_wh_hl_01,ca.4045966,24
2026-09-27,kol_171_wh_hl_01,ca.4049645,12
2026-09-27,kol_171_wh_hl_01,ca.4099046,484
2026-09-27,kol_171_wh_hl_01,ca.4099096,203
2026-09-27,kol_171_wh_hl_01,ca.4108473,4
2026-09-27,kol_171_wh_hl_01,ca.4143597,86
2026-09-27,kol_171_wh_hl_01,ca.4172649,254
2026-09-27,kol_171_wh_hl_01,ca.4228633,15
2026-09-27,kol_171_wh_hl_01,jaymanna.vc,26
2026-09-27,kol_171_wh_hl_01,krishnendum.vc,24
2026-09-27,kol_171_wh_hl_01,niladrijana.vc,14
2026-09-27,kol_172_wh_hl_01,ca.4160290,290
2026-09-27,kol_172_wh_hl_01,ca.4165854,87
2026-09-27,kol_172_wh_hl_01,ca.4171271,1
2026-09-27,kol_172_wh_hl_01,ca.4192231,104
2026-09-27,kol_172_wh_hl_01,ca.4198806,532
2026-09-27,kol_172_wh_hl_01,ca.4205297,414
2026-09-27,kol_172_wh_hl_01,ca.4220482,158
2026-09-27,kol_172_wh_hl_01,ca.4384533,40
2026-09-27,kol_172_wh_hl_01,rittickdey.vc,4
2026-09-27,kol_173_wh_hl_01,ca.3920051,1
2026-09-27,kol_175_wh_hl_01,lma.100001581615,98
2026-09-27,kol_175_wh_hl_01,lma.100001608089,245
2026-09-27,kol_175_wh_hl_01,lma.100001616118,132
2026-09-27,kol_175_wh_hl_01,lma.100001616133,315
2026-09-27,kol_175_wh_hl_01,lma.100001641480,10
2026-09-27,kol_176_wh_hl_01,lma.100001610333,150
2026-09-27,kol_176_wh_hl_01,lma.100001613838,66
2026-09-27,kol_176_wh_hl_01,lma.100001627977,47
2026-09-27,kol_176_wh_hl_01,lma.100001640009,44
2026-09-27,kol_177_wh_hl_01,ca.4166374,32
2026-09-27,kol_177_wh_hl_01,ca.4272757,10
2026-09-27,kol_177_wh_hl_01,ca.4308011,2
2026-09-27,kol_180_wh_hl_01,ca.4230227,5
2026-09-27,kol_180_wh_hl_01,ca.4238582,530
2026-09-27,kol_180_wh_hl_01,ca.4244903,89
2026-09-27,kol_180_wh_hl_01,ca.4271493,144
2026-09-27,kol_180_wh_hl_01,ca.4290122,7
2026-09-27,kol_180_wh_hl_01,ca.4292670,97
2026-09-27,kol_180_wh_hl_01,ca.4294223,106
2026-09-27,kol_180_wh_hl_01,ca.4294586,233
2026-09-27,kol_180_wh_hl_01,shilpadas.vc,3
2026-09-27,kol_184_wh_hl_01,ca.4032766,1
2026-09-27,kol_184_wh_hl_01,ca.4115725,20
2026-09-27,kol_184_wh_hl_01,ca.4184240,58
2026-09-27,kol_189_wh_hl_01,ca.3982350,1
2026-09-27,kol_191_wh_hl_01,ca.4018374,111
2026-09-27,kol_191_wh_hl_01,ca.4091544,17
2026-09-27,kol_191_wh_hl_01,ca.4096063,4
2026-09-27,kol_191_wh_hl_01,ca.4101286,6
2026-09-27,kol_191_wh_hl_01,ca.4106536,15
2026-09-27,kol_191_wh_hl_01,ca.4228702,2
2026-09-27,kol_193_wh_hl_01,ca.4126557,33
2026-09-27,kol_193_wh_hl_01,ca.4139859,27
2026-09-27,kol_193_wh_hl_01,ca.4146727,435
2026-09-27,kol_193_wh_hl_01,ca.4165239,237
2026-09-27,kol_193_wh_hl_01,ca.4225890,41
2026-09-27,kol_193_wh_hl_01,ca.4228121,10
2026-09-27,kol_193_wh_hl_01,ca.4283029,469
2026-09-27,kol_193_wh_hl_01,ca.4299073,71
2026-09-27,kol_193_wh_hl_01,ca.4378476,213
2026-09-27,kol_193_wh_hl_01,ca.4378481,226
2026-09-27,kol_193_wh_hl_01,lalitrabidas.vc,547
2026-09-27,kol_194_wh_hl_01,ca.4040285,75
2026-09-27,kol_194_wh_hl_01,ca.4101206,173
2026-09-27,kol_195_wh_hl_01,ca.4049590,410
2026-09-27,kol_195_wh_hl_01,ca.4056941,2
2026-09-27,kol_195_wh_hl_01,ca.4067106,271
2026-09-27,kol_195_wh_hl_01,ca.4067113,33
2026-09-27,kol_195_wh_hl_01,ca.4069806,528
2026-09-27,kol_195_wh_hl_01,ca.4117116,146
2026-09-27,kol_195_wh_hl_01,ca.4314602,167
2026-09-27,kol_195_wh_hl_01,ca.4382079,409
2026-09-27,kol_195_wh_hl_01,rishavverma.vc,32
2026-09-27,kol_196_wh_hl_01,ca.4030118,200
2026-09-27,kol_196_wh_hl_01,ca.4030123,116
2026-09-27,kol_197_wh_hl_01,ca.4141455,399
2026-09-27,kol_197_wh_hl_01,ca.4141462,81
2026-09-27,kol_197_wh_hl_01,ca.4152663,144
2026-09-27,kol_197_wh_hl_01,ca.4176398,147
2026-09-27,kol_197_wh_hl_01,ca.4182737,139
2026-09-27,kol_197_wh_hl_01,ca.4221084,83
2026-09-27,kol_197_wh_hl_01,ca.4263004,73
2026-09-27,kol_197_wh_hl_01,debabratabag.vc,6
2026-09-27,kol_197_wh_hl_01,prachik.vc,3
2026-09-27,kol_197_wh_hl_01,soumajitdutta.vc,100
2026-09-27,kol_197_wh_hl_01,subirroy.vc,89
2026-09-27,kol_198_wh_hl_01,ca.3978576,270
2026-09-27,kol_198_wh_hl_01,ca.4149560,237
2026-09-27,kol_198_wh_hl_01,ca.4160577,27
2026-09-27,kol_198_wh_hl_01,ca.4206146,177
2026-09-27,kol_198_wh_hl_01,ca.4214488,30
2026-09-27,kol_198_wh_hl_01,ca.4229841,243
2026-09-27,kol_198_wh_hl_01,ca.4234751,1
2026-09-27,kol_198_wh_hl_01,ca.4296761,11
2026-09-27,kol_198_wh_hl_01,tanmaykumardas.vc,2
2026-09-27,kol_200_wh_hl_01,lma.100001567080,15
2026-09-27,kol_200_wh_hl_01,lma.100001567109,39
2026-09-27,kol_200_wh_hl_01,lma.100001570376,396
2026-09-27,kol_200_wh_hl_01,lma.100001572507,375
2026-09-27,kol_200_wh_hl_01,lma.100001577567,195
2026-09-27,kol_200_wh_hl_01,lma.100001653883,5
2026-09-27,kol_204_wh_hl_01,ca.4041819,164
2026-09-27,kol_204_wh_hl_01,ca.4213190,397
2026-09-27,kol_204_wh_hl_01,ca.4216906,17
2026-09-27,kol_204_wh_hl_01,ca.4228435,414
2026-09-27,kol_204_wh_hl_01,ca.4229968,30
2026-09-27,kol_204_wh_hl_01,sanjoydas1.vc,2
2026-09-27,kol_205_wh_hl_01,lma.100001646771,168
2026-09-27,kol_205_wh_hl_01,lma.100001646777,92
2026-09-27,kol_205_wh_hl_01,lma.100001646791,98
2026-09-27,kol_205_wh_hl_01,lma.100001646796,202
2026-09-27,kol_205_wh_hl_01,lma.100001646808,10
2026-09-27,kol_207_wh_hl_01,ca.4228016,190
2026-09-27,kol_207_wh_hl_01,ca.4243424,84
2026-09-27,kol_208_wh_hl_01,ca.4037782,304
2026-09-27,kol_208_wh_hl_01,ca.4097514,187
2026-09-27,kol_208_wh_hl_01,ca.4133051,70
2026-09-27,kol_208_wh_hl_01,ca.4154972,137
2026-09-27,kol_208_wh_hl_01,ca.4220267,140
2026-09-27,kol_208_wh_hl_01,ca.4271979,93
2026-09-27,kol_208_wh_hl_01,ca.4278967,168
2026-09-27,kol_208_wh_hl_01,ca.4389661,10
2026-09-27,kol_208_wh_hl_01,pritamkumarsain.vc,16
2026-09-27,kol_209_wh_hl_01,lma.100000858997,3
2026-09-27,kol_209_wh_hl_01,lma.100001604138,627
2026-09-27,kol_209_wh_hl_01,lma.100001604199,205
2026-09-27,kol_209_wh_hl_01,lma.100001604211,301
2026-09-27,kol_209_wh_hl_01,lma.100001606727,58
2026-09-27,kol_209_wh_hl_01,lma.100001614870,167
2026-09-27,kol_209_wh_hl_01,lma.100001615183,31
2026-09-27,kol_209_wh_hl_01,lma.100001630204,203
2026-09-27,kol_210_wh_hl_01,ca.4133806,15
2026-09-27,kol_210_wh_hl_01,ca.4254058,44
2026-09-27,kol_210_wh_hl_01,ca.4308466,30
2026-09-27,kol_210_wh_hl_01,ca.4324531,28
2026-09-27,kol_212_wh_hl_01,ca.4152359,30
2026-09-27,kol_212_wh_hl_01,ca.4159653,15
2026-09-27,kol_213_wh_hl_01,lma.100001573347,32
2026-09-27,kol_213_wh_hl_01,lma.100001594664,32
2026-09-27,kol_213_wh_hl_01,lma.100001594672,101
2026-09-27,kol_213_wh_hl_01,lma.100001594682,558
2026-09-27,kol_213_wh_hl_01,lma.100001600153,282
2026-09-27,kol_213_wh_hl_01,lma.100001600169,116
2026-09-27,kol_213_wh_hl_01,lma.100001600185,67
2026-09-27,kol_213_wh_hl_01,lma.100001602124,252
2026-09-27,kol_213_wh_hl_01,lma.100001602420,198
2026-09-27,kol_213_wh_hl_01,lma.100001613839,285
2026-09-27,kol_218_wh_hl_01,ca.3943985,173
2026-09-27,kol_218_wh_hl_01,ca.3947078,16
2026-09-27,kol_218_wh_hl_01,ca.4012819,27
2026-09-27,kol_218_wh_hl_01,ca.4040461,4
2026-09-27,kol_218_wh_hl_01,ca.4238498,322
2026-09-27,kol_218_wh_hl_01,ca.4246679,45
2026-09-27,kol_218_wh_hl_01,ca.4254348,140
2026-09-27,kol_218_wh_hl_01,ca.4299529,259
2026-09-27,kol_218_wh_hl_01,ca.4400240,172
2026-09-27,kol_218_wh_hl_01,diparoy.vc,9
2026-09-27,kol_218_wh_hl_01,sanjay.pramanik,7
2026-09-27,kol_218_wh_hl_01,sauravsaha.vc,59
2026-09-27,kol_902_wh_hl_01,ca.4098516,213
2026-09-27,kol_902_wh_hl_01,ca.4130811,128
2026-09-27,kol_902_wh_hl_01,ca.4142188,114
2026-09-27,kol_902_wh_hl_01,ca.4245575,111
2026-09-27,kol_902_wh_hl_01,ca.4288040,108
2026-09-27,kol_902_wh_hl_01,ca.4293706,76
2026-09-27,kol_902_wh_hl_01,devrajghosh.vc,20
2026-09-27,kol_902_wh_hl_01,sanjaymondal.vc,105
2026-09-27,koz_101_wh_hl_01,lma.100001540101,2
2026-09-27,koz_103_wh_hl_01,lma.100001565634,61
2026-09-27,koz_104_wh_hl_01,lma.100001619870,6
2026-09-27,koz_104_wh_hl_01,lma.100001620459,13
2026-09-27,koz_104_wh_hl_01,lma.100001633336,56
2026-09-27,koz_105_wh_hl_01,lma.100001537845,311
2026-09-27,koz_105_wh_hl_01,lma.100001542895,285
2026-09-27,koz_105_wh_hl_01,lma.100001594873,16
2026-09-27,koz_105_wh_hl_01,lma.100001611894,70
2026-09-27,luc_101_wh_hl_01,ca.3462119,3
2026-09-27,luc_101_wh_hl_01,ca.4122227,37
2026-09-27,luc_102_wh_hl_01,ca.4200581,3
2026-09-27,luc_104_wh_hl_01,ca.3446454,505
2026-09-27,luc_104_wh_hl_01,ca.3527333,126
2026-09-27,luc_104_wh_hl_01,ca.3545015,334
2026-09-27,luc_104_wh_hl_01,ca.3904564,85
2026-09-27,luc_104_wh_hl_01,ca.3905377,53
2026-09-27,luc_104_wh_hl_01,ca.4042143,214
2026-09-27,luc_104_wh_hl_01,ca.4100657,54
2026-09-27,luc_104_wh_hl_01,ca.4273991,85
2026-09-27,luc_104_wh_hl_01,ca.4386057,74
2026-09-27,luc_105_wh_hl_01,ca.3759615,281
2026-09-27,luc_105_wh_hl_01,ca.4118475,12
2026-09-27,luc_105_wh_hl_01,ca.4164139,10
2026-09-27,luc_105_wh_hl_01,ca.4237399,220
2026-09-27,luc_105_wh_hl_01,ca.4238285,43
2026-09-27,luc_105_wh_hl_01,ca.4274049,92
2026-09-27,luc_105_wh_hl_01,ca.4283043,158
2026-09-27,luc_105_wh_hl_01,ca.4289372,256
2026-09-27,luc_105_wh_hl_01,ca.4300297,56
2026-09-27,luc_108_wh_hl_01,ca.4042812,3
2026-09-27,luc_110_wh_hl_01,ca.3433767,102
2026-09-27,luc_110_wh_hl_01,ca.3439648,255
2026-09-27,luc_110_wh_hl_01,ca.3495602,547
2026-09-27,luc_110_wh_hl_01,ca.3570564,48
2026-09-27,luc_110_wh_hl_01,ca.3578611,209
2026-09-27,luc_110_wh_hl_01,ca.3630754,224
2026-09-27,luc_110_wh_hl_01,ca.3638569,359
2026-09-27,luc_110_wh_hl_01,ca.3780104,386
2026-09-27,luc_110_wh_hl_01,ca.3828566,389
2026-09-27,luc_110_wh_hl_01,ca.4035389,6
2026-09-27,luc_110_wh_hl_01,vikashpandey1.vc,136
2026-09-27,luc_111_wh_hl_01,ca.3850727,2
2026-09-27,luc_111_wh_hl_01,ca.4059260,482
2026-09-27,luc_111_wh_hl_01,ca.4164346,359
2026-09-27,luc_111_wh_hl_01,ca.4244113,79
2026-09-27,luc_111_wh_hl_01,ca.4257496,12
2026-09-27,luc_111_wh_hl_01,ca.4266184,17
2026-09-27,luc_111_wh_hl_01,ca.4272779,7
2026-09-27,luc_111_wh_hl_01,ca.4293203,38
2026-09-27,luc_111_wh_hl_01,ca.4305862,4
2026-09-27,luc_111_wh_hl_01,narendrarawat.vc,429
2026-09-27,luc_112_wh_hl_01,ca.3414784,283
2026-09-27,luc_112_wh_hl_01,ca.4109277,51
2026-09-27,luc_112_wh_hl_01,ca.4273556,3
2026-09-27,luc_112_wh_hl_01,ca.4274390,208
2026-09-27,luc_112_wh_hl_01,ca.4288794,389
2026-09-27,luc_112_wh_hl_01,ca.4322439,270
2026-09-27,luc_112_wh_hl_01,ca.4323872,34
2026-09-27,luc_112_wh_hl_01,ca.4344462,180
2026-09-27,luc_112_wh_hl_01,ca.4359374,336
2026-09-27,luc_112_wh_hl_01,sonuyadav2.vc,1
2026-09-27,luc_114_wh_hl_01,ca.3963230,1
2026-09-27,luc_114_wh_hl_01,ca.4095922,14
2026-09-27,luc_114_wh_hl_01,ca.4095925,20
2026-09-27,luc_114_wh_hl_01,ca.4096268,10
2026-09-27,luc_114_wh_hl_01,ca.4104990,251
2026-09-27,luc_114_wh_hl_01,ca.4124253,14
2026-09-27,luc_114_wh_hl_01,ca.4210981,56
2026-09-27,luc_114_wh_hl_01,ca.4219250,26
2026-09-27,luc_114_wh_hl_01,ca.4220916,29
2026-09-27,luc_115_wh_hl_01,ashishkumar33.vc,100
2026-09-27,luc_115_wh_hl_01,ca.3568227,39
2026-09-27,luc_115_wh_hl_01,ca.3570562,2
2026-09-27,luc_115_wh_hl_01,ca.3843839,5
2026-09-27,luc_115_wh_hl_01,ca.3849879,3
2026-09-27,luc_115_wh_hl_01,ca.3945162,99
2026-09-27,luc_115_wh_hl_01,ca.4037605,115
2026-09-27,luc_115_wh_hl_01,ca.4072303,31
2026-09-27,luc_115_wh_hl_01,ca.4133525,2
2026-09-27,luc_116_wh_hl_01,ca.3417278,215
2026-09-27,luc_116_wh_hl_01,ca.3542928,47
2026-09-27,luc_116_wh_hl_01,ca.3762696,66
2026-09-27,luc_116_wh_hl_01,ca.3998864,48
2026-09-27,luc_116_wh_hl_01,ca.4147620,64
2026-09-27,luc_116_wh_hl_01,ca.4231437,17
2026-09-27,luc_116_wh_hl_01,ca.4247722,44
2026-09-27,luc_116_wh_hl_01,ca.4260860,245
2026-09-27,luc_116_wh_hl_01,ca.4284446,44
2026-09-27,luc_117_wh_hl_01,ca.3442906,3
2026-09-27,luc_117_wh_hl_01,ca.3443662,84
2026-09-27,luc_117_wh_hl_01,ca.3452212,7
2026-09-27,luc_117_wh_hl_01,nabiraza.vc,47
2026-09-27,luc_118_wh_hl_01,ca.3511519,3
2026-09-27,luc_119_wh_hl_01,ca.3522972,65
2026-09-27,luc_119_wh_hl_01,ca.3527292,282
2026-09-27,luc_119_wh_hl_01,ca.3728177,83
2026-09-27,luc_119_wh_hl_01,ca.4231125,215
2026-09-27,luc_119_wh_hl_01,ca.4278098,359
2026-09-27,luc_119_wh_hl_01,pankajkumar15.vc,5
2026-09-27,luc_120_wh_hl_01,ca.3728312,28
2026-09-27,luc_120_wh_hl_01,ca.3867314,1
2026-09-27,luc_120_wh_hl_01,ca.4022731,152
2026-09-27,luc_120_wh_hl_01,ca.4095151,38
2026-09-27,luc_120_wh_hl_01,ca.4097236,62
2026-09-27,luc_120_wh_hl_01,ca.4121822,64
2026-09-27,luc_120_wh_hl_01,ca.4131558,65
2026-09-27,luc_120_wh_hl_01,ca.4147952,50
2026-09-27,luc_120_wh_hl_01,ca.4286815,66
2026-09-27,luc_121_wh_hl_01,ankitrajpoot.vc,12
2026-09-27,luc_121_wh_hl_01,ca.3579867,218
2026-09-27,luc_121_wh_hl_01,ca.3579929,68
2026-09-27,luc_121_wh_hl_01,ca.3730305,203
2026-09-27,luc_121_wh_hl_01,ca.4020608,19
2026-09-27,luc_121_wh_hl_01,ca.4081397,257
2026-09-27,luc_121_wh_hl_01,ca.4178501,316
2026-09-27,luc_121_wh_hl_01,ca.4363324,365
2026-09-27,luc_122_wh_hl_01,ca.3831556,122
2026-09-27,luc_122_wh_hl_01,ca.3832128,163
2026-09-27,luc_122_wh_hl_01,ca.3974143,52
2026-09-27,luc_122_wh_hl_01,ca.4037023,304
2026-09-27,luc_122_wh_hl_01,ca.4190966,91
2026-09-27,luc_122_wh_hl_01,ca.4261165,473
2026-09-27,luc_122_wh_hl_01,ca.4325025,16
2026-09-27,luc_124_wh_hl_01,ca.3805855,1
2026-09-27,luc_125_wh_hl_01,ca.4023405,113
2026-09-27,luc_125_wh_hl_01,ca.4188087,304
2026-09-27,luc_125_wh_hl_01,ca.4189604,194
2026-09-27,luc_125_wh_hl_01,ca.4204764,33
2026-09-27,luc_125_wh_hl_01,ca.4379085,18
2026-09-27,luc_127_wh_hl_01,ca.3730334,38
2026-09-27,luc_127_wh_hl_01,ca.3730341,325
2026-09-27,luc_127_wh_hl_01,ca.3730350,8
2026-09-27,luc_127_wh_hl_01,ca.4293868,32
2026-09-27,luc_127_wh_hl_01,ca.4293872,76
2026-09-27,luc_127_wh_hl_01,ca.4304997,46
2026-09-27,luc_127_wh_hl_01,ca.4313314,119
2026-09-27,luc_127_wh_hl_01,ca.4321387,87
2026-09-27,luc_127_wh_hl_01,kunwarbahadurs.vc,4
2026-09-27,luc_128_wh_hl_01,ca.4125347,9
2026-09-27,luc_128_wh_hl_01,ca.4291889,113
2026-09-27,luc_129_wh_hl_01,ca.4070621,1
2026-09-27,luc_129_wh_hl_01,ca.4070628,132
2026-09-27,luc_129_wh_hl_01,ca.4078366,14
2026-09-27,luc_129_wh_hl_01,ca.4282114,213
2026-09-27,luc_129_wh_hl_01,dhirajkumary.vc,474
2026-09-27,luc_130_wh_hl_01,ca.4261597,84
2026-09-27,luc_130_wh_hl_01,ca.4269182,72
2026-09-27,luc_130_wh_hl_01,ca.4288911,179
2026-09-27,luc_130_wh_hl_01,ca.4305199,1
2026-09-27,luc_133_wh_hl_01,ca.4000752,180
2026-09-27,luc_133_wh_hl_01,ca.4045067,130
2026-09-27,luc_134_wh_hl_01,ca.3579874,22
2026-09-27,luc_134_wh_hl_01,ca.3579881,229
2026-09-27,luc_134_wh_hl_01,ca.4143706,77
2026-09-27,luc_134_wh_hl_01,ca.4197892,148
2026-09-27,lud_101_wh_hl_01,ca.4257809,207
2026-09-27,lud_101_wh_hl_01,ca.4282334,46
2026-09-27,lud_101_wh_hl_01,ca.4325202,6
2026-09-27,lud_102_wh_hl_01,ca.4213631,15
2026-09-27,lud_103_wh_hl_01,ca.4031637,239
2026-09-27,lud_103_wh_hl_01,ca.4032769,132
2026-09-27,lud_103_wh_hl_01,ca.4032775,254
2026-09-27,lud_103_wh_hl_01,ca.4352250,57
2026-09-27,lud_104_wh_hl_01,ca.4057252,5
2026-09-27,mad_101_wh_hl_01,ca.4241280,2
2026-09-27,mad_101_wh_hl_01,ca.4247439,10
2026-09-27,mor_101_wh_hl_01,ca.4031206,2
2026-09-27,mor_101_wh_hl_01,ca.4098406,2
2026-09-27,mor_101_wh_hl_01,ca.4148024,2
2026-09-27,mum_010_wh_hl_01,ca.4218932,19
2026-09-27,mum_011_wh_hl_01,ca.4202488,19
2026-09-27,mum_012_wh_hl_01,ca.4304949,9
2026-09-27,mum_016_wh_hl_02,ca.4264705,8
2026-09-27,mum_018_wh_hl_01,ca.4148912,10
2026-09-27,mum_021_wh_hl_01,ca.4264694,81
2026-09-27,mum_021_wh_hl_01,ca.4265664,15
2026-09-27,mum_024_wh_hl_01,ca.4147244,24
2026-09-27,mum_024_wh_hl_01,ca.4288573,5
2026-09-27,mum_024_wh_hl_01,ca.4347836,13
2026-09-27,mum_025_wh_hl_01,ca.4226592,11
2026-09-27,mum_025_wh_hl_01,ca.4332112,4
2026-09-27,mum_025_wh_hl_01,niyazf.vc,1
2026-09-27,mum_033_wh_hl_01,ca.4257881,7
2026-09-27,mum_033_wh_hl_01,ca.4272202,13
2026-09-27,mum_033_wh_hl_01,ca.4280976,121
2026-09-27,mum_037_wh_hl_01,ca.4156584,111
2026-09-27,mum_037_wh_hl_01,ca.4223776,79
2026-09-27,mum_043_wh_hl_01,ca.4231215,7
2026-09-27,mum_061_wh_hl_01,ca.4319025,11
2026-09-27,mum_063_wh_hl_01,ca.4193445,17
2026-09-27,mum_064_wh_hl_01,ca.4136961,12
2026-09-27,mum_066_wh_hl_01,ca.3469109,20
2026-09-27,mum_066_wh_hl_01,ca.4013153,43
2026-09-27,mum_066_wh_hl_01,ca.4153709,10
2026-09-27,mum_066_wh_hl_01,ca.4156560,24
2026-09-27,mum_066_wh_hl_01,ca.4163434,293
2026-09-27,mum_066_wh_hl_01,ca.4176463,262
2026-09-27,mum_066_wh_hl_01,ca.4179679,51
2026-09-27,mum_066_wh_hl_01,ca.4227906,15
2026-09-27,mum_066_wh_hl_01,ca.4253637,2
2026-09-27,mum_066_wh_hl_01,ca.4369651,147
2026-09-27,mum_066_wh_hl_01,ca.4373568,2
2026-09-27,mum_066_wh_hl_01,rohitjadhav1.vc,2
2026-09-27,mum_067_wh_hl_01,ca.4177479,14
2026-09-27,mum_071_wh_hl_01,ca.4313370,20
2026-09-27,mum_072_wh_hl_01,ca.4097502,7
2026-09-27,mum_075_wh_hl_01,ca.4004539,35
2026-09-27,mum_075_wh_hl_01,ca.4032736,49
2026-09-27,mum_075_wh_hl_01,ca.4127816,58
2026-09-27,mum_075_wh_hl_01,ca.4273257,206
2026-09-27,mum_075_wh_hl_01,ca.4294901,262
2026-09-27,mum_079_wh_hl_01,ca.4264469,12
2026-09-27,mum_080_wh_hl_01,ca.4226929,4
2026-09-27,mum_080_wh_hl_01,ca.4230867,215
2026-09-27,mum_080_wh_hl_01,ca.4237779,1
2026-09-27,mum_080_wh_hl_01,ca.4253896,5
2026-09-27,mum_102_wh_hl_01,akashshankarrao.vc,2
2026-09-27,mum_102_wh_hl_01,ca.4115967,348
2026-09-27,mum_102_wh_hl_01,ca.4131878,1631
2026-09-27,mum_102_wh_hl_01,ca.4166851,61
2026-09-27,mum_102_wh_hl_01,ca.4350885,158
2026-09-27,mum_102_wh_hl_01,ca.4385238,5
2026-09-27,mum_102_wh_hl_01,manojkumar27.vc,12
2026-09-27,mum_102_wh_hl_01,vidhipatil.vc,1278
2026-09-27,mum_103_wh_hl_01,ca.4096258,20
2026-09-27,mum_105_wh_hl_01,ca.4021580,656
2026-09-27,mum_105_wh_hl_01,ca.4025188,324
2026-09-27,mum_105_wh_hl_01,ca.4025206,433
2026-09-27,mum_105_wh_hl_01,ca.4092625,21
2026-09-27,mum_105_wh_hl_01,ca.4120869,301
2026-09-27,mum_105_wh_hl_01,ca.4129419,7
2026-09-27,mum_105_wh_hl_01,ca.4147119,78
2026-09-27,mum_105_wh_hl_01,ca.4148150,210
2026-09-27,mum_105_wh_hl_01,ca.4205306,558
2026-09-27,mum_105_wh_hl_01,ca.4249186,234
2026-09-27,mum_105_wh_hl_01,ca.4274072,82
2026-09-27,mum_105_wh_hl_01,ca.4291166,422
2026-09-27,mum_105_wh_hl_01,ca.4319640,162
2026-09-27,mum_107_wh_hl_01,ca.3596659,13
2026-09-27,mum_107_wh_hl_01,ca.3754064,357
2026-09-27,mum_107_wh_hl_01,ca.4054775,208
2026-09-27,mum_107_wh_hl_01,ca.4114221,118
2026-09-27,mum_107_wh_hl_01,ca.4132778,54
2026-09-27,mum_107_wh_hl_01,ca.4155711,90
2026-09-27,mum_107_wh_hl_01,ca.4165184,26
2026-09-27,mum_107_wh_hl_01,ca.4223906,512
2026-09-27,mum_107_wh_hl_01,ca.4227278,796
2026-09-27,mum_107_wh_hl_01,ca.4233149,162
2026-09-27,mum_107_wh_hl_01,ca.4255387,14
2026-09-27,mum_107_wh_hl_01,ca.4274493,45
2026-09-27,mum_107_wh_hl_01,ca.4274557,342
2026-09-27,mum_107_wh_hl_01,ca.4285316,124
2026-09-27,mum_107_wh_hl_01,harioma.vc,14
2026-09-27,mum_107_wh_hl_01,pandeys.vc,19
2026-09-27,mum_108_wh_hl_01,ca.4229444,8
2026-09-27,mum_109_wh_hl_01,ca.4204424,18
2026-09-27,mum_112_wh_hl_01,aakasht.vc,4
2026-09-27,mum_112_wh_hl_01,ca.3785100,1
2026-09-27,mum_112_wh_hl_01,ca.3955385,4
2026-09-27,mum_112_wh_hl_01,ca.4030286,411
2026-09-27,mum_112_wh_hl_01,ca.4139423,73
2026-09-27,mum_112_wh_hl_01,ca.4180751,188
2026-09-27,mum_112_wh_hl_01,ca.4218222,6
2026-09-27,mum_112_wh_hl_01,ca.4254791,184
2026-09-27,mum_112_wh_hl_01,ca.4278024,145
2026-09-27,mum_112_wh_hl_01,ca.4281484,159
2026-09-27,mum_112_wh_hl_01,ca.4281495,654
2026-09-27,mum_112_wh_hl_01,ca.4310276,130
2026-09-27,mum_112_wh_hl_01,ca.4383282,355
2026-09-27,mum_112_wh_hl_01,ca.4390883,4
2026-09-27,mum_113_wh_hl_01,ca.4296299,19
2026-09-27,mum_114_wh_hl_01,ca.4038172,223
2026-09-27,mum_114_wh_hl_01,ca.4038185,537
2026-09-27,mum_114_wh_hl_01,ca.4066841,16
2026-09-27,mum_114_wh_hl_01,ca.4111343,6
2026-09-27,mum_114_wh_hl_01,ca.4136726,1
2026-09-27,mum_114_wh_hl_01,ca.4139567,209
2026-09-27,mum_114_wh_hl_01,ca.4165205,50
2026-09-27,mum_115_wh_hl_01,ca.4031599,195
2026-09-27,mum_115_wh_hl_01,ca.4037628,129
2026-09-27,mum_115_wh_hl_01,ca.4136498,10
2026-09-27,mum_115_wh_hl_01,ca.4136540,83
2026-09-27,mum_115_wh_hl_01,ca.4201605,36
2026-09-27,mum_115_wh_hl_01,ca.4257248,6
2026-09-27,mum_115_wh_hl_01,ca.4260940,33
2026-09-27,mum_115_wh_hl_01,ca.4306461,120
2026-09-27,mum_115_wh_hl_01,ca.4319512,67
2026-09-27,mum_115_wh_hl_01,ca.4324967,257
2026-09-27,mum_115_wh_hl_01,ca.4360346,47
2026-09-27,mum_115_wh_hl_01,surajk1.vc,29
2026-09-27,mum_116_wh_hl_01,ca.4032733,12
2026-09-27,mum_116_wh_hl_01,ca.4043431,90
2026-09-27,mum_116_wh_hl_01,ca.4265113,9
2026-09-27,mum_116_wh_hl_01,ca.4384141,220
2026-09-27,mum_117_wh_hl_01,ca.4297210,20
2026-09-27,mum_118_wh_hl_01,ca.4024097,112
2026-09-27,mum_118_wh_hl_01,ca.4024497,1082
2026-09-27,mum_118_wh_hl_01,ca.4058199,236
2026-09-27,mum_118_wh_hl_01,ca.4065034,988
2026-09-27,mum_118_wh_hl_01,ca.4072850,262
2026-09-27,mum_118_wh_hl_01,ca.4076509,272
2026-09-27,mum_118_wh_hl_01,ca.4231780,76
2026-09-27,mum_118_wh_hl_01,ca.4258577,34
2026-09-27,mum_118_wh_hl_01,ca.4258603,53
2026-09-27,mum_118_wh_hl_01,ca.4297447,379
2026-09-27,mum_122_wh_hl_01,ca.4155209,11
2026-09-27,mum_126_wh_hl_01,ca.4158932,369
2026-09-27,mum_126_wh_hl_01,ca.4212580,9
2026-09-27,mum_126_wh_hl_01,ca.4298738,23
2026-09-27,mum_126_wh_hl_01,ca.4352809,39
2026-09-27,mum_127_wh_hl_01,ca.4164617,7
2026-09-27,mum_127_wh_hl_01,ca.4224601,3
2026-09-27,mum_129_wh_hl_01,ca.3693413,20
2026-09-27,mum_129_wh_hl_01,ca.3830204,79
2026-09-27,mum_129_wh_hl_01,ca.3976552,10
2026-09-27,mum_129_wh_hl_01,ca.4025208,6
2026-09-27,mum_129_wh_hl_01,ca.4110352,9
2026-09-27,mum_129_wh_hl_01,ca.4224584,85
2026-09-27,mum_129_wh_hl_01,ca.4259208,1
2026-09-27,mum_131_wh_hl_01,ca.4185925,5
2026-09-27,mum_132_wh_hl_01,ca.4272331,8
2026-09-27,mum_133_wh_hl_01,ca.4256253,5
2026-09-27,mum_134_wh_hl_01,ca.4063931,19
2026-09-27,mum_134_wh_hl_01,ca.4229004,51
2026-09-27,mum_134_wh_hl_01,ca.4277349,185
2026-09-27,mum_137_wh_hl_01,ca.3971658,556
2026-09-27,mum_137_wh_hl_01,ca.3971955,94
2026-09-27,mum_137_wh_hl_01,ca.4031523,727
2026-09-27,mum_137_wh_hl_01,ca.4151687,870
2026-09-27,mum_137_wh_hl_01,ca.4238531,232
2026-09-27,mum_137_wh_hl_01,ca.4273876,239
2026-09-27,mum_137_wh_hl_01,ca.4293624,483
2026-09-27,mum_138_wh_hl_01,ca.3891788,7
2026-09-27,mum_140_wh_hl_01,ca.3961860,415
2026-09-27,mum_140_wh_hl_01,ca.4030140,70
2026-09-27,mum_140_wh_hl_01,ca.4127810,5
2026-09-27,mum_140_wh_hl_01,ca.4166790,34
2026-09-27,mum_140_wh_hl_01,ca.4262044,64
2026-09-27,mum_140_wh_hl_01,ca.4332986,11
2026-09-27,mum_140_wh_hl_01,ca.4363037,250
2026-09-27,mum_140_wh_hl_01,ca.4365814,40
2026-09-27,mum_140_wh_hl_01,kalpeshganeshm.vc,11
2026-09-27,mum_140_wh_hl_01,sushantshashid.vc,2
2026-09-27,mum_142_wh_hl_01,ca.4318453,21
2026-09-27,mum_144_wh_hl_01,ca.3790049,7
2026-09-27,mum_148_wh_hl_01,ca.4292375,7
2026-09-27,mum_150_wh_hl_01,ca.4218380,5
2026-09-27,mum_151_wh_hl_01,ca.4026389,32
2026-09-27,mum_151_wh_hl_01,ca.4134602,197
2026-09-27,mum_151_wh_hl_01,ca.4146551,447
2026-09-27,mum_152_wh_hl_01,ca.4136946,8
2026-09-27,mum_158_wh_hl_01,ca.4127587,10
2026-09-27,mum_159_wh_hl_01,ca.4192803,20
2026-09-27,mum_159_wh_hl_01,ca.4229157,134
2026-09-27,mum_159_wh_hl_01,ca.4229779,29
2026-09-27,mum_159_wh_hl_01,ca.4229780,5
2026-09-27,mum_159_wh_hl_01,ca.4238464,63
2026-09-27,mum_160_wh_hl_01,ca.4131928,6
2026-09-27,mum_165_wh_hl_01,ca.4109915,22
2026-09-27,mum_168_wh_hl_01,lma.100001597378,1
2026-09-27,mum_168_wh_hl_01,lma.100001635838,4
2026-09-27,mum_168_wh_hl_01,lma.100001658693,4
2026-09-27,mum_170_wh_hl_01,ca.4165456,10
2026-09-27,mum_171_wh_hl_01,ca.4027871,15
2026-09-27,mum_172_wh_hl_01,ca.4280678,5
2026-09-27,mum_173_wh_hl_01,ca.3938774,23
2026-09-27,mum_173_wh_hl_01,ca.4270269,3
2026-09-27,mum_173_wh_hl_01,vinitjadhav.vc,12
2026-09-27,mum_174_wh_hl_01,ca.4225288,9
2026-09-27,mum_175_wh_hl_01,ca.3961849,81
2026-09-27,mum_175_wh_hl_01,ca.3968403,66
2026-09-27,mum_175_wh_hl_01,ca.4039498,5
2026-09-27,mum_175_wh_hl_01,ca.4054661,119
2026-09-27,mum_175_wh_hl_01,ca.4086638,26
2026-09-27,mum_175_wh_hl_01,ca.4121793,22
2026-09-27,mum_175_wh_hl_01,ca.4140210,77
2026-09-27,mum_175_wh_hl_01,ca.4227811,56
2026-09-27,mum_176_wh_hl_01,busharaaslams.vc,2
2026-09-27,mum_176_wh_hl_01,ca.4229351,1
2026-09-27,mum_176_wh_hl_01,ca.4229438,58
2026-09-27,mum_176_wh_hl_01,ca.4246469,9
2026-09-27,mum_176_wh_hl_01,ca.4272350,246
2026-09-27,mum_176_wh_hl_01,ca.4275397,261
2026-09-27,mum_176_wh_hl_01,ca.4357244,197
2026-09-27,mum_176_wh_hl_01,ca.4364004,9
2026-09-27,mum_176_wh_hl_01,ca.4364996,208
2026-09-27,mum_176_wh_hl_01,rehanshaikh.vc,77
2026-09-27,mum_178_wh_hl_01,ca.3844121,46
2026-09-27,mum_178_wh_hl_01,ca.3951872,8
2026-09-27,mum_178_wh_hl_01,ca.4225119,48
2026-09-27,mum_178_wh_hl_01,shubhamj.vc,62
2026-09-27,mum_181_wh_hl_01,ca.4185408,14
2026-09-27,mum_182_wh_hl_01,ca.4235524,9
2026-09-27,mum_183_wh_hl_01,ca.4025218,61
2026-09-27,mum_183_wh_hl_01,ca.4065571,196
2026-09-27,mum_183_wh_hl_01,ca.4140038,20
2026-09-27,mum_183_wh_hl_01,ca.4233801,87
2026-09-27,mum_183_wh_hl_01,ca.4236802,116
2026-09-27,mum_183_wh_hl_01,ca.4245871,24
2026-09-27,mum_183_wh_hl_01,ca.4357197,402
2026-09-27,mum_183_wh_hl_01,rohit.p,34
2026-09-27,mum_186_wh_hl_01,ca.4250178,4
2026-09-27,mum_187_wh_hl_01,ca.3946059,5
2026-09-27,mum_189_wh_hl_01,ca.3406908,135
2026-09-27,mum_189_wh_hl_01,ca.4021707,42
2026-09-27,mum_189_wh_hl_01,ca.4141222,42
2026-09-27,mum_189_wh_hl_01,ca.4161627,134
2026-09-27,mum_189_wh_hl_01,ca.4191537,33
2026-09-27,mum_189_wh_hl_01,ca.4248632,204
2026-09-27,mum_189_wh_hl_01,ca.4251687,150
2026-09-27,mum_189_wh_hl_01,nikhilsudhakaw.vc,37
2026-09-27,mum_189_wh_hl_01,tejas.rajupandhare,25
2026-09-27,mum_189_wh_hl_01,vishalvijayp.vc,29
2026-09-27,mum_190_wh_hl_01,ca.4149380,10
2026-09-27,mum_191_wh_hl_01,ca.4156925,9
2026-09-27,mum_200_wh_hl_01,ca.4150580,6
2026-09-27,mum_205_wh_hl_01,ca.4253409,6
2026-09-27,mum_207_wh_hl_01,ca.4269552,5
2026-09-27,mum_901_wh_hl_01,ca.4215509,2
2026-09-27,mum_901_wh_hl_01,ca.4230367,4
2026-09-27,nag_105_wh_hl_01,ca.4234707,4
2026-09-27,nag_110_wh_hl_01,ca.4268048,5
2026-09-27,noi_038_wh_hl_01,robin.sharma5,1
2026-09-27,noi_102_wh_hl_01,ca.4075392,12
2026-09-27,noi_102_wh_hl_01,ca.4129155,3
2026-09-27,noi_102_wh_hl_01,ca.4254883,7
2026-09-27,noi_102_wh_hl_01,ca.4317070,19
2026-09-27,noi_103_wh_hl_01,ca.4002163,1
2026-09-27,noi_104_wh_hl_01,ca.4300648,1
2026-09-27,noi_105_wh_hl_01,ca.4174524,4
2026-09-27,noi_106_wh_hl_01,ca.4121845,130
2026-09-27,noi_106_wh_hl_01,ca.4208480,228
2026-09-27,noi_106_wh_hl_01,ca.4209771,293
2026-09-27,noi_106_wh_hl_01,ca.4228591,4
2026-09-27,noi_106_wh_hl_01,ca.4281640,170
2026-09-27,noi_106_wh_hl_01,ca.4287594,331
2026-09-27,noi_106_wh_hl_01,satyabratgahan.vc,4
2026-09-27,noi_107_wh_hl_01,ca.4013066,22
2026-09-27,noi_107_wh_hl_01,ca.4279508,35
2026-09-27,noi_108_wh_hl_01,ca.4149066,107
2026-09-27,noi_108_wh_hl_01,ca.4229299,63
2026-09-27,noi_108_wh_hl_01,ca.4289482,103
2026-09-27,noi_108_wh_hl_01,ca.4291201,93
2026-09-27,noi_111_wh_hl_01,aniketa4.vc,4
2026-09-27,noi_111_wh_hl_01,ca.3558527,588
2026-09-27,noi_111_wh_hl_01,ca.3624177,388
2026-09-27,noi_111_wh_hl_01,ca.3735144,522
2026-09-27,noi_111_wh_hl_01,ca.3902287,448
2026-09-27,noi_111_wh_hl_01,ca.4114405,1
2026-09-27,noi_111_wh_hl_01,ca.4122950,298
2026-09-27,noi_111_wh_hl_01,ca.4266876,207
2026-09-27,noi_111_wh_hl_01,ca.4271462,252
2026-09-27,noi_111_wh_hl_01,ca.4294174,19
2026-09-27,noi_111_wh_hl_01,lalitgangwar.vc,828
2026-09-27,noi_112_wh_hl_01,ca.3403905,395
2026-09-27,noi_112_wh_hl_01,ca.3782777,1
2026-09-27,noi_112_wh_hl_01,ca.3833534,75
2026-09-27,noi_112_wh_hl_01,ca.3951089,507
2026-09-27,noi_112_wh_hl_01,ca.3959462,26
2026-09-27,noi_112_wh_hl_01,ca.4233574,38
2026-09-27,noi_112_wh_hl_01,ca.4234749,359
2026-09-27,noi_114_wh_hl_01,ca.3854333,4
2026-09-27,noi_114_wh_hl_01,ca.3994724,86
2026-09-27,noi_114_wh_hl_01,ca.4016793,27
2026-09-27,noi_115_wh_hl_01,ca.3860230,53
2026-09-27,noi_115_wh_hl_01,ca.4122419,3
2026-09-27,noi_116_wh_hl_01,ca.3994511,13
2026-09-27,noi_116_wh_hl_01,ca.4249874,51
2026-09-27,noi_116_wh_hl_01,ca.4288960,24
2026-09-27,noi_116_wh_hl_01,ca.4316604,1
2026-09-27,noi_116_wh_hl_01,rishabhsingh1.vc,10
2026-09-27,noi_117_wh_hl_01,ca.4244510,1
2026-09-27,noi_117_wh_hl_01,ca.4303091,5
2026-09-27,noi_117_wh_hl_01,shahrukhkhan6.vc,106
2026-09-27,noi_119_wh_hl_01,ca.4038719,17
2026-09-27,noi_119_wh_hl_01,ca.4129418,43
2026-09-27,noi_119_wh_hl_01,ca.4165726,2
2026-09-27,noi_121_wh_hl_01,abhishekkumar60.vc,195
2026-09-27,noi_121_wh_hl_01,ca.4274437,55
2026-09-27,noi_121_wh_hl_01,ca.4274446,1
2026-09-27,noi_121_wh_hl_01,ca.4281364,21
2026-09-27,noi_123_wh_hl_01,ca.4257876,1
2026-09-27,noi_124_wh_hl_01,ca.4233061,1
2026-09-27,noi_125_wh_hl_01,ca.4236938,3
2026-09-27,noi_126_wh_hl_01,ca.3915572,7
2026-09-27,noi_126_wh_hl_01,ca.3996692,30
2026-09-27,noi_126_wh_hl_01,ca.4078085,10
2026-09-27,noi_126_wh_hl_01,ca.4237335,250
2026-09-27,noi_126_wh_hl_01,ca.4276809,64
2026-09-27,noi_126_wh_hl_01,ca.4286236,168
2026-09-27,noi_126_wh_hl_01,ca.4318751,30
2026-09-27,noi_126_wh_hl_01,ca.4358562,57
2026-09-27,noi_126_wh_hl_01,ca.4394343,215
2026-09-27,noi_126_wh_hl_01,ca.4396236,100
2026-09-27,noi_127_wh_hl_01,ca.4065226,16
2026-09-27,noi_127_wh_hl_01,ca.4234628,8
2026-09-27,noi_127_wh_hl_01,ca.4263965,28
2026-09-27,noi_127_wh_hl_01,ca.4286842,1
2026-09-27,noi_127_wh_hl_01,ca.4287891,10
2026-09-27,noi_127_wh_hl_01,ca.4288979,118
2026-09-27,noi_127_wh_hl_01,ca.4289109,140
2026-09-27,noi_129_wh_hl_01,ca.3996665,7
2026-09-27,noi_129_wh_hl_01,ca.4058836,40
2026-09-27,noi_129_wh_hl_01,ca.4274356,4
2026-09-27,noi_129_wh_hl_01,ca.4282890,14
2026-09-27,noi_130_wh_hl_01,ca.4309729,1
2026-09-27,noi_131_wh_hl_01,ca.4320203,4
2026-09-27,noi_132_wh_hl_01,ca.4038178,4
2026-09-27,noi_135_wh_hl_01,ca.4229028,1
2026-09-27,noi_139_wh_hl_01,ca.4160346,1
2026-09-27,noi_143_wh_hl_01,ca.4230944,3
2026-09-27,noi_938_wh_hl_01,ca.4187207,3
2026-09-27,pat_101_wh_hl_01,abhishekkumar41.vc,1
2026-09-27,pat_101_wh_hl_01,ca.3653461,50
2026-09-27,pat_101_wh_hl_01,ca.4072269,30
2026-09-27,pat_101_wh_hl_01,ca.4092905,207
2026-09-27,pat_101_wh_hl_01,ca.4227544,351
2026-09-27,pat_101_wh_hl_01,ca.4233564,448
2026-09-27,pat_101_wh_hl_01,ca.4247510,63
2026-09-27,pat_101_wh_hl_01,ca.4265508,386
2026-09-27,pat_101_wh_hl_01,ca.4274798,60
2026-09-27,pat_102_wh_hl_01,ca.3534217,216
2026-09-27,pat_102_wh_hl_01,ca.3535327,184
2026-09-27,pat_102_wh_hl_01,ca.3591775,209
2026-09-27,pat_102_wh_hl_01,ca.3632440,132
2026-09-27,pat_102_wh_hl_01,ca.3634042,2
2026-09-27,pat_102_wh_hl_01,ca.3843629,101
2026-09-27,pat_102_wh_hl_01,ca.3847099,153
2026-09-27,pat_102_wh_hl_01,ca.3854483,102
2026-09-27,pat_102_wh_hl_01,ca.3872460,73
2026-09-27,pat_102_wh_hl_01,ca.3875436,161
2026-09-27,pat_102_wh_hl_01,ca.3881740,114
2026-09-27,pat_102_wh_hl_01,ca.3900810,87
2026-09-27,pat_102_wh_hl_01,ca.3954015,23
2026-09-27,pat_102_wh_hl_01,ca.4022340,523
2026-09-27,pat_102_wh_hl_01,ca.4172651,96
2026-09-27,pat_102_wh_hl_01,ca.4238659,89
2026-09-27,pat_102_wh_hl_01,ca.4244435,13
2026-09-27,pat_102_wh_hl_01,ca.4271841,48
2026-09-27,pat_102_wh_hl_01,ca.4273348,418
2026-09-27,pat_102_wh_hl_01,ca.4276061,55
2026-09-27,pat_102_wh_hl_01,ca.4281701,124
2026-09-27,pat_102_wh_hl_01,ca.4282594,358
2026-09-27,pat_102_wh_hl_01,ca.4288428,140
2026-09-27,pat_103_wh_hl_01,ca.3542665,262
2026-09-27,pat_103_wh_hl_01,ca.3547340,130
2026-09-27,pat_103_wh_hl_01,ca.3937143,187
2026-09-27,pat_103_wh_hl_01,ca.3957259,30
2026-09-27,pat_103_wh_hl_01,ca.3974572,359
2026-09-27,pat_103_wh_hl_01,ca.4010813,463
2026-09-27,pat_103_wh_hl_01,ca.4046001,142
2026-09-27,pat_103_wh_hl_01,ca.4052512,261
2026-09-27,pat_103_wh_hl_01,ca.4188502,12
2026-09-27,pat_103_wh_hl_01,ca.4243409,3
2026-09-27,pat_103_wh_hl_01,ca.4271940,219
2026-09-27,pat_103_wh_hl_01,ca.4289590,11
2026-09-27,pat_103_wh_hl_01,ca.4290043,8
2026-09-27,pat_103_wh_hl_01,ca.4295200,3
2026-09-27,pat_104_wh_hl_01,ca.3703944,70
2026-09-27,pat_104_wh_hl_01,ca.3831867,407
2026-09-27,pat_104_wh_hl_01,ca.3875672,587
2026-09-27,pat_104_wh_hl_01,ca.3934717,116
2026-09-27,pat_104_wh_hl_01,ca.4250924,113
2026-09-27,pat_104_wh_hl_01,ca.4254246,150
2026-09-27,pat_105_wh_hl_01,ca.4050493,3
2026-09-27,pat_106_wh_hl_01,ca.3882024,28
2026-09-27,pat_106_wh_hl_01,ca.3884614,118
2026-09-27,pat_106_wh_hl_01,ca.3993181,4
2026-09-27,pat_106_wh_hl_01,ca.4022136,397
2026-09-27,pat_106_wh_hl_01,ca.4208735,477
2026-09-27,pat_106_wh_hl_01,ca.4216686,148
2026-09-27,pat_106_wh_hl_01,ca.4218378,4
2026-09-27,pat_106_wh_hl_01,ca.4219224,75
2026-09-27,pat_106_wh_hl_01,ca.4260661,39
2026-09-27,pat_106_wh_hl_01,ca.4342427,194
2026-09-27,pat_106_wh_hl_01,shibukumar.vc,19
2026-09-27,pat_107_wh_hl_01,abhishekthakur.vc,1
2026-09-27,pat_107_wh_hl_01,ca.4105691,225
2026-09-27,pat_107_wh_hl_01,ca.4115057,169
2026-09-27,pat_107_wh_hl_01,ca.4224214,271
2026-09-27,pat_107_wh_hl_01,ca.4248481,113
2026-09-27,pat_107_wh_hl_01,ca.4255158,114
2026-09-27,pat_107_wh_hl_01,ca.4266839,390
2026-09-27,pat_107_wh_hl_01,ca.4277030,424
2026-09-27,pat_107_wh_hl_01,ca.4277646,73
2026-09-27,pat_107_wh_hl_01,ca.4277689,322
2026-09-27,pat_107_wh_hl_01,ca.4362072,164
2026-09-27,pat_107_wh_hl_01,ca.4376994,16
2026-09-27,pat_108_wh_hl_01,ca.3583421,1
2026-09-27,pat_108_wh_hl_01,ca.3829096,2
2026-09-27,pat_108_wh_hl_01,ca.4012181,1
2026-09-27,pat_108_wh_hl_01,ca.4274471,31
2026-09-27,pat_110_wh_hl_01,ca.3904434,52
2026-09-27,pat_110_wh_hl_01,ca.4028932,29
2026-09-27,pat_110_wh_hl_01,ca.4154044,67
2026-09-27,pat_111_wh_hl_01,ca.3878659,14
2026-09-27,pat_111_wh_hl_01,ca.4179880,2
2026-09-27,pat_112_wh_hl_01,ca.3927591,2
2026-09-27,pat_113_wh_hl_01,ca.3640361,18
2026-09-27,pat_113_wh_hl_01,ca.3644047,166
2026-09-27,pat_113_wh_hl_01,ca.3946782,1
2026-09-27,pat_113_wh_hl_01,ca.4011953,129
2026-09-27,pat_113_wh_hl_01,ca.4084750,78
2026-09-27,pat_113_wh_hl_01,ca.4137968,158
2026-09-27,pat_113_wh_hl_01,ca.4140056,93
2026-09-27,pat_114_wh_hl_01,ca.3823971,107
2026-09-27,pat_114_wh_hl_01,ca.3824001,20
2026-09-27,pat_114_wh_hl_01,ca.3829070,30
2026-09-27,pat_114_wh_hl_01,ca.4014539,68
2026-09-27,pat_114_wh_hl_01,ca.4043060,106
2026-09-27,pat_114_wh_hl_01,ca.4213076,11
2026-09-27,pat_114_wh_hl_01,ca.4221633,99
2026-09-27,pat_114_wh_hl_01,ca.4230819,86
2026-09-27,pat_114_wh_hl_01,ca.4273392,48
2026-09-27,pat_115_wh_hl_01,ca.3854125,88
2026-09-27,pat_115_wh_hl_01,ca.3868290,238
2026-09-27,pat_115_wh_hl_01,ca.4059328,546
2026-09-27,pat_115_wh_hl_01,ca.4075850,4
2026-09-27,pat_115_wh_hl_01,ca.4175592,1
2026-09-27,pat_115_wh_hl_01,ca.4218594,57
2026-09-27,pat_115_wh_hl_01,jayprakashkumar.vc,122
2026-09-27,pat_115_wh_hl_01,manishkumar61.vc,99
2026-09-27,pat_115_wh_hl_01,satishkumar13.vc,373
2026-09-27,pat_116_wh_hl_01,ca.3724761,65
2026-09-27,pat_116_wh_hl_01,ca.3796127,90
2026-09-27,pat_116_wh_hl_01,ca.3860252,146
2026-09-27,pat_116_wh_hl_01,ca.3882289,269
2026-09-27,pat_116_wh_hl_01,ca.3892107,48
2026-09-27,pat_116_wh_hl_01,ca.4200316,32
2026-09-27,pat_116_wh_hl_01,ca.4204800,55
2026-09-27,pat_116_wh_hl_01,ca.4218382,27
2026-09-27,pat_116_wh_hl_01,ca.4233306,70
2026-09-27,pat_116_wh_hl_01,ca.4252171,323
2026-09-27,pat_116_wh_hl_01,ca.4271434,337
2026-09-27,pat_116_wh_hl_01,ca.4325347,106
2026-09-27,pat_118_wh_hl_01,ca.4143564,291
2026-09-27,pat_118_wh_hl_01,ca.4151699,41
2026-09-27,pat_118_wh_hl_01,ca.4204093,19
2026-09-27,pat_118_wh_hl_01,ca.4212944,66
2026-09-27,pat_118_wh_hl_01,ca.4236199,205
2026-09-27,pat_118_wh_hl_01,ca.4240333,216
2026-09-27,pat_118_wh_hl_01,ca.4247750,151
2026-09-27,pat_118_wh_hl_01,ca.4273456,408
2026-09-27,pat_118_wh_hl_01,ca.4274711,84
2026-09-27,pat_118_wh_hl_01,kumargaurav4.vc,152
2026-09-27,pat_119_wh_hl_01,ca.4144509,81
2026-09-27,pat_119_wh_hl_01,ca.4153474,102
2026-09-27,pat_119_wh_hl_01,ca.4156496,2
2026-09-27,pat_119_wh_hl_01,ca.4162499,275
2026-09-27,pat_119_wh_hl_01,ca.4198286,51
2026-09-27,pat_119_wh_hl_01,ca.4237220,137
2026-09-27,pat_119_wh_hl_01,ca.4248507,81
2026-09-27,pat_119_wh_hl_01,ca.4256483,45
2026-09-27,pat_119_wh_hl_01,ca.4264506,156
2026-09-27,pat_119_wh_hl_01,ca.4279073,96
2026-09-27,pat_119_wh_hl_01,sagarbali.vc,1
2026-09-27,pat_120_wh_hl_01,ca.3930779,75
2026-09-27,pat_120_wh_hl_01,ca.4233898,26
2026-09-27,pat_120_wh_hl_01,ca.4267872,3
2026-09-27,pat_120_wh_hl_01,ca.4279050,8
2026-09-27,pat_121_wh_hl_01,ca.3970909,20
2026-09-27,pat_121_wh_hl_01,ca.4262133,4
2026-09-27,pat_121_wh_hl_01,ca.4262139,11
2026-09-27,pat_121_wh_hl_01,ca.4267940,18
2026-09-27,pat_123_wh_hl_01,ca.4023158,527
2026-09-27,pat_123_wh_hl_01,ca.4023575,62
2026-09-27,pat_123_wh_hl_01,ca.4023973,162
2026-09-27,pat_123_wh_hl_01,ca.4025452,79
2026-09-27,pat_123_wh_hl_01,ca.4030502,246
2026-09-27,pat_123_wh_hl_01,ca.4150830,8
2026-09-27,pat_123_wh_hl_01,ca.4199204,4
2026-09-27,pat_123_wh_hl_01,ca.4202600,100
2026-09-27,pra_102_wh_hl_01,ca.4011957,23
2026-09-27,pra_102_wh_hl_01,ca.4207117,118
2026-09-27,pra_102_wh_hl_01,ca.4288472,202
2026-09-27,pra_102_wh_hl_01,ca.4308820,13
2026-09-27,pra_106_wh_hl_01,ca.4128339,71
2026-09-27,pun_101_wh_hl_01,ca.4138883,18
2026-09-27,pun_102_wh_hl_01,ca.4145095,47
2026-09-27,pun_102_wh_hl_01,ca.4231308,252
2026-09-27,pun_102_wh_hl_01,ca.4291253,137
2026-09-27,pun_102_wh_hl_01,prathamdattath.vc,4
2026-09-27,pun_103_wh_hl_01,ca.3554149,1
2026-09-27,pun_103_wh_hl_01,ca.3703368,17
2026-09-27,pun_103_wh_hl_01,ca.3829504,72
2026-09-27,pun_104_wh_hl_01,ca.4273094,8
2026-09-27,pun_105_wh_hl_01,ca.4125822,9
2026-09-27,pun_105_wh_hl_01,ca.4146461,1
2026-09-27,pun_105_wh_hl_01,ca.4176871,3
2026-09-27,pun_106_wh_hl_01,ca.4188346,67
2026-09-27,pun_106_wh_hl_01,ca.4204410,2
2026-09-27,pun_106_wh_hl_01,ca.4230738,1
2026-09-27,pun_106_wh_hl_01,dineshs4.vc,219
2026-09-27,pun_107_wh_hl_01,ca.4219347,75
2026-09-27,pun_108_wh_hl_01,ca.4256862,18
2026-09-27,pun_108_wh_hl_01,ca.4263115,24
2026-09-27,pun_109_wh_hl_01,ca.4012883,27
2026-09-27,pun_110_wh_hl_01,ca.4232613,19
2026-09-27,pun_110_wh_hl_01,ca.4249153,6
2026-09-27,pun_111_wh_hl_01,ca.4231328,9
2026-09-27,pun_111_wh_hl_01,ca.4246663,23
2026-09-27,pun_112_wh_hl_01,ca.4219580,6
2026-09-27,pun_112_wh_hl_01,ca.4275892,23
2026-09-27,pun_114_wh_hl_01,lma.100001489431,183
2026-09-27,pun_114_wh_hl_01,lma.100001489492,3
2026-09-27,pun_114_wh_hl_01,lma.100001568306,84
2026-09-27,pun_114_wh_hl_01,lma.100001622377,234
2026-09-27,pun_114_wh_hl_01,lma.100001622660,92
2026-09-27,pun_114_wh_hl_01,lma.100001622681,184
2026-09-27,pun_114_wh_hl_01,lma.100001622747,26
2026-09-27,pun_114_wh_hl_01,lma.100001622760,221
2026-09-27,pun_115_wh_hl_01,ca.4274776,51
2026-09-27,pun_115_wh_hl_01,sanketk.vc,16
2026-09-27,pun_117_wh_hl_01,ca.3375877,29
2026-09-27,pun_117_wh_hl_01,ca.4284360,3
2026-09-27,pun_119_wh_hl_01,ca.4278217,107
2026-09-27,pun_120_wh_hl_01,lma.100001620805,13
2026-09-27,pun_121_wh_hl_01,ca.3709544,168
2026-09-27,pun_121_wh_hl_01,ca.4064558,5
2026-09-27,pun_121_wh_hl_01,ca.4169984,35
2026-09-27,pun_121_wh_hl_01,ca.4231219,73
2026-09-27,pun_121_wh_hl_01,ca.4293175,105
2026-09-27,pun_121_wh_hl_01,ca.4370125,129
2026-09-27,pun_121_wh_hl_01,dukresamarthb.vc,62
2026-09-27,pun_122_wh_hl_01,atul.bharatkadam,70
2026-09-27,pun_122_wh_hl_01,ca.4232495,12
2026-09-27,pun_122_wh_hl_01,ca.4281083,4
2026-09-27,pun_123_wh_hl_01,lma.100001539620,3
2026-09-27,pun_123_wh_hl_01,lma.100001570609,7
2026-09-27,pun_124_wh_hl_01,ca.4293515,20
2026-09-27,pun_125_wh_hl_01,ca.3876187,34
2026-09-27,pun_126_wh_hl_01,ca.4262573,11
2026-09-27,pun_130_wh_hl_01,ca.4232727,200
2026-09-27,pun_130_wh_hl_01,ca.4257704,65
2026-09-27,pun_130_wh_hl_01,ca.4386389,52
2026-09-27,pun_130_wh_hl_01,ca.4391489,103
2026-09-27,pun_130_wh_hl_01,ca.4392503,67
2026-09-27,pun_131_wh_hl_01,ca.4136424,28
2026-09-27,pun_135_wh_hl_01,ca.3937249,23
2026-09-27,pun_136_wh_hl_01,nikhils8.vc,12
2026-09-27,pun_138_wh_hl_01,ca.3905988,46
2026-09-27,pun_138_wh_hl_01,ca.3912432,13
2026-09-27,pun_138_wh_hl_01,ca.4015948,28
2026-09-27,pun_138_wh_hl_01,ca.4206161,6
2026-09-27,pun_138_wh_hl_01,ca.4286862,52
2026-09-27,pun_138_wh_hl_01,ca.4288098,16
2026-09-27,pun_138_wh_hl_01,ca.4288730,238
2026-09-27,pun_138_wh_hl_01,ca.4292147,185
2026-09-27,pun_139_wh_hl_01,ca.4016284,74
2026-09-27,pun_139_wh_hl_01,ca.4228299,56
2026-09-27,pun_139_wh_hl_01,ca.4231069,43
2026-09-27,pun_139_wh_hl_01,ca.4268162,65
2026-09-27,pun_140_wh_hl_01,lma.100001489421,101
2026-09-27,pun_140_wh_hl_01,lma.100001501113,73
2026-09-27,pun_140_wh_hl_01,lma.100001568295,89
2026-09-27,pun_140_wh_hl_01,lma.100001568362,176
2026-09-27,pun_140_wh_hl_01,lma.100001568575,51
2026-09-27,pun_141_wh_hl_01,ca.4253444,3
2026-09-27,pun_144_wh_hl_01,lma.100001489084,27
2026-09-27,pun_144_wh_hl_01,lma.100001489331,483
2026-09-27,pun_144_wh_hl_01,lma.100001489387,50
2026-09-27,pun_144_wh_hl_01,lma.100001501523,12
2026-09-27,pun_144_wh_hl_01,lma.100001525352,1
2026-09-27,pun_144_wh_hl_01,lma.100001601369,41
2026-09-27,pun_144_wh_hl_01,lma.100001601376,309
2026-09-27,pun_144_wh_hl_01,lma.100001601401,568
2026-09-27,pun_144_wh_hl_01,lma.100001601515,46
2026-09-27,pun_145_wh_hl_01,ca.4016512,245
2026-09-27,pun_145_wh_hl_01,ca.4055999,3
2026-09-27,pun_145_wh_hl_01,ca.4070930,15
2026-09-27,pun_145_wh_hl_01,pallavis2.vc,1
2026-09-27,pun_146_wh_hl_01,ca.4219252,86
2026-09-27,pun_146_wh_hl_01,ca.4312840,197
2026-09-27,pun_146_wh_hl_01,mohand.vc,36
2026-09-27,pun_148_wh_hl_01,ca.4238644,12
2026-09-27,pun_148_wh_hl_01,ca.4240796,11
2026-09-27,pun_149_wh_hl_01,ca.4056969,6
2026-09-27,pun_149_wh_hl_01,viraj.kokane,111
2026-09-27,pun_149_wh_hl_01,yashd.vc,134
2026-09-27,pun_150_wh_hl_01,ca.4217349,18
2026-09-27,pun_152_wh_hl_01,ca.4232507,19
2026-09-27,pun_153_wh_hl_01,ca.3994051,75
2026-09-27,pun_153_wh_hl_01,ca.4169889,1
2026-09-27,pun_153_wh_hl_01,ca.4170369,19
2026-09-27,pun_153_wh_hl_01,ca.4227774,58
2026-09-27,pun_153_wh_hl_01,ca.4236806,23
2026-09-27,pun_153_wh_hl_01,ca.4266187,1
2026-09-27,pun_153_wh_hl_01,ca.4281374,12
2026-09-27,pun_153_wh_hl_01,ca.4320874,53
2026-09-27,pun_154_wh_hl_01,ca.4040349,28
2026-09-27,pun_156_wh_hl_01,ca.3901986,15
2026-09-27,pun_156_wh_hl_01,ca.3916748,126
2026-09-27,pun_156_wh_hl_01,ca.3930752,12
2026-09-27,pun_156_wh_hl_01,ca.4035556,152
2026-09-27,pun_156_wh_hl_01,ca.4118939,15
2026-09-27,pun_156_wh_hl_01,ca.4152181,91
2026-09-27,pun_156_wh_hl_01,ca.4237987,258
2026-09-27,pun_156_wh_hl_01,pranitb.vc,105
2026-09-27,pun_156_wh_hl_01,riteshn.vc,3
2026-09-27,pun_159_wh_hl_01,lma.100001142233,1
2026-09-27,pun_159_wh_hl_01,lma.100001533421,66
2026-09-27,pun_159_wh_hl_01,lma.100001570481,117
2026-09-27,pun_160_wh_hl_01,ca.4187640,13
2026-09-27,pun_160_wh_hl_01,ca.4238019,128
2026-09-27,pun_160_wh_hl_01,rakeshsale.vc,4
2026-09-27,pun_161_wh_hl_01,ca.4185920,28
2026-09-27,pun_161_wh_hl_01,ca.4261324,486
2026-09-27,pun_161_wh_hl_01,ca.4284375,42
2026-09-27,pun_918_wh_hl_01,ca.4232502,12
2026-09-27,ras_102_wh_hl_01,ca.4230827,22
2026-09-27,ras_102_wh_hl_01,ca.4230828,27
2026-09-27,rbi_101_wh_hl_01,ca.3892667,64
2026-09-27,rbi_101_wh_hl_01,ca.3932929,34
2026-09-27,rbi_101_wh_hl_01,ca.4031197,24
2026-09-27,rbi_101_wh_hl_01,ca.4218183,96
2026-09-27,rbi_104_wh_hl_01,ca.3990746,185
2026-09-27,rbi_104_wh_hl_01,ca.4218797,100
2026-09-27,rbi_105_wh_hl_01,ca.3842415,232
2026-09-27,rbi_105_wh_hl_01,ca.3881350,118
2026-09-27,rbi_105_wh_hl_01,ca.4109404,22
2026-09-27,rbi_105_wh_hl_01,ca.4109407,43
2026-09-27,rbi_105_wh_hl_01,ca.4166042,78
2026-09-27,rbi_105_wh_hl_01,ca.4184304,316
2026-09-27,rbi_105_wh_hl_01,ca.4238800,72
2026-09-27,rbi_105_wh_hl_01,ca.4259898,128
2026-09-27,rbi_105_wh_hl_01,ca.4267002,9
2026-09-27,rbi_105_wh_hl_01,ca.4274234,179
2026-09-27,rbi_105_wh_hl_01,ca.4367798,131
2026-09-27,rbi_106_wh_hl_01,ca.3816999,143
2026-09-27,rbi_106_wh_hl_01,ca.3817050,554
2026-09-27,rbi_106_wh_hl_01,ca.3831083,475
2026-09-27,rbi_106_wh_hl_01,ca.3850178,25
2026-09-27,rbi_106_wh_hl_01,ca.3908683,21
2026-09-27,rbi_106_wh_hl_01,ca.3988921,4
2026-09-27,rbi_106_wh_hl_01,ca.4021775,136
2026-09-27,rbi_106_wh_hl_01,ca.4046390,131
2026-09-27,rbi_106_wh_hl_01,ca.4048772,64
2026-09-27,rbi_106_wh_hl_01,ca.4079635,150
2026-09-27,rbi_106_wh_hl_01,ca.4092515,2
2026-09-27,rbi_106_wh_hl_01,ca.4112703,181
2026-09-27,rbi_106_wh_hl_01,ca.4164818,175
2026-09-27,rbi_106_wh_hl_01,ca.4197438,128
2026-09-27,rbi_106_wh_hl_01,ca.4272343,665
2026-09-27,rbi_106_wh_hl_01,princekumar21.vc,2
2026-09-27,rbi_107_wh_hl_01,ca.4115673,143
2026-09-27,rbi_107_wh_hl_01,ca.4269460,13
2026-09-27,rbi_107_wh_hl_01,ca.4272031,72
2026-09-27,rbi_110_wh_hl_01,ca.4360873,19
2026-09-27,rbi_111_wh_hl_01,ca.4226308,20
2026-09-27,rbi_111_wh_hl_01,satishyadav1.vc,1
2026-09-27,rbi_114_wh_hl_01,ca.3975114,64
2026-09-27,rbi_114_wh_hl_01,ca.4097342,64
2026-09-27,rbi_114_wh_hl_01,ca.4272037,126
2026-09-27,rbi_115_wh_hl_01,ankitkumarsing2.vc,3
2026-09-27,rbi_115_wh_hl_01,ca.4011927,50
2026-09-27,rbi_115_wh_hl_01,ca.4149455,185
2026-09-27,rbi_115_wh_hl_01,ca.4165428,143
2026-09-27,rbi_115_wh_hl_01,ca.4213872,162
2026-09-27,rbi_115_wh_hl_01,ca.4271285,72
2026-09-27,rbi_115_wh_hl_01,ca.4281708,78
2026-09-27,rbi_117_wh_hl_01,ca.4165390,197
2026-09-27,rbi_117_wh_hl_01,ca.4178520,234
2026-09-27,rbi_117_wh_hl_01,ca.4195344,412
2026-09-27,rbi_117_wh_hl_01,ca.4235089,4
2026-09-27,rbi_117_wh_hl_01,ca.4250509,433
2026-09-27,rbi_117_wh_hl_01,ca.4261974,42
2026-09-27,rbi_117_wh_hl_01,ca.4269458,22
2026-09-27,rbi_117_wh_hl_01,ca.4269464,445
2026-09-27,rbi_117_wh_hl_01,ca.4272394,237
2026-09-27,rbi_117_wh_hl_01,mdfahimakhtar.vc,4
2026-09-27,rbi_118_wh_hl_01,ca.4023545,9
2026-09-27,rbi_121_wh_hl_01,ca.4272341,64
2026-09-27,rbi_126_wh_hl_01,ca.4287658,4
2026-09-27,rbi_131_wh_hl_01,ca.4196806,3
2026-09-27,rbi_133_wh_hl_01,ca.4201907,2
2026-09-27,rbi_134_wh_hl_01,ca.4041259,36
2026-09-27,rbi_134_wh_hl_01,ca.4200372,152
2026-09-27,rbi_134_wh_hl_01,ca.4203472,67
2026-09-27,rbi_134_wh_hl_01,ca.4227391,216
2026-09-27,rbi_134_wh_hl_01,ca.4266114,269
2026-09-27,rbi_135_wh_hl_01,ca.4220474,94
2026-09-27,rbi_138_wh_hl_01,asifkhan5.vc,168
2026-09-27,rbi_138_wh_hl_01,ca.4160508,177
2026-09-27,rbi_138_wh_hl_01,ca.4165139,98
2026-09-27,rbi_138_wh_hl_01,ca.4186355,229
2026-09-27,rbi_138_wh_hl_01,ca.4279447,209
2026-09-27,rbi_139_wh_hl_01,ca.4211342,163
2026-09-27,rbi_139_wh_hl_01,ca.4237507,54
2026-09-27,rbi_140_wh_hl_01,ca.4211778,3
2026-09-27,rbi_140_wh_hl_01,ca.4271867,4
2026-09-27,rgt_104_wh_hl_01,ca.4044810,1
2026-09-27,rjh_103_wh_hl_01,ca.4149276,57
2026-09-27,rjh_103_wh_hl_01,ca.4166688,2
2026-09-27,rjh_103_wh_hl_01,ca.4173247,188
2026-09-27,rjh_104_wh_hl_01,ca.4047765,12
2026-09-27,rjh_104_wh_hl_01,ca.4144730,174
2026-09-27,rjh_104_wh_hl_01,ca.4225919,72
2026-09-27,rjh_104_wh_hl_01,subhashs4.vc,1
2026-09-27,rjh_105_wh_hl_01,ca.4262092,1
2026-09-27,rka_111_wh_hl_01,ca.3834976,56
2026-09-27,rka_111_wh_hl_01,ca.3989232,18
2026-09-27,rka_117_wh_hl_01,ca.4385236,2
2026-09-27,rka_118_wh_hl_01,ca.3985640,14
2026-09-27,rka_119_wh_hl_01,ca.3983885,12
2026-09-27,rka_122_wh_hl_01,ca.4029177,27
2026-09-27,rka_122_wh_hl_01,ca.4040704,2
2026-09-27,rka_122_wh_hl_01,ca.4281499,31
2026-09-27,rka_125_wh_hl_01,ca.4041359,5
2026-09-27,rka_125_wh_hl_01,ca.4149593,5
2026-09-27,rka_125_wh_hl_01,ca.4315969,5
2026-09-27,rka_125_wh_hl_01,ca.4381318,7
2026-09-27,rka_901_wh_hl_01,ca.3940184,27
2026-09-27,rka_901_wh_hl_01,ca.4327152,300
2026-09-27,rka_901_wh_hl_01,ca.4327308,11
2026-09-27,rka_901_wh_hl_01,ca.4327317,23
2026-09-27,rka_901_wh_hl_01,ca.4360362,11
2026-09-27,rok_102_wh_hl_01,lma.100001539685,393
2026-09-27,rok_107_wh_hl_01,lma.100001558305,29
2026-09-27,rok_107_wh_hl_01,lma.100001585275,1
2026-09-27,rok_107_wh_hl_01,lma.100001586702,96
2026-09-27,rok_107_wh_hl_01,lma.100001594871,208
2026-09-27,rok_107_wh_hl_01,lma.100001609989,168
2026-09-27,rok_107_wh_hl_01,lma.100001616006,245
2026-09-27,rok_107_wh_hl_01,lma.100001632632,282
2026-09-27,rok_108_wh_hl_01,lma.100001558311,107
2026-09-27,rok_108_wh_hl_01,lma.100001561942,188
2026-09-27,rok_109_wh_hl_01,lma.100001538767,22
2026-09-27,roo_104_wh_hl_01,ca.3905944,167
2026-09-27,roo_104_wh_hl_01,ca.3958723,202
2026-09-27,roo_104_wh_hl_01,ca.4078506,143
2026-09-27,roo_104_wh_hl_01,ca.4151652,3
2026-09-27,roo_104_wh_hl_01,ca.4152502,10
2026-09-27,roo_104_wh_hl_01,ca.4219987,356
2026-09-27,roo_104_wh_hl_01,ca.4284180,117
2026-09-27,roo_104_wh_hl_01,sabujajena.vc,241
2026-09-27,roo_105_wh_hl_01,ca.4210558,190
2026-09-27,roo_113_wh_hl_01,ca.4282740,140
2026-09-27,rpu_101_wh_hl_01,ca.4206327,97
2026-09-27,rpu_101_wh_hl_01,ca.4228037,5
2026-09-27,rpu_102_wh_hl_01,ca.4096384,9
2026-09-27,rpu_102_wh_hl_01,ca.4270530,11
2026-09-27,rpu_115_wh_hl_01,ca.3928503,6
2026-09-27,rpu_115_wh_hl_01,ca.4221940,5
2026-09-27,rpu_122_wh_hl_01,ca.4234353,9
2026-09-27,rpu_122_wh_hl_01,ca.4250513,204
2026-09-27,rpu_122_wh_hl_01,ca.4346244,121
2026-09-27,rta_101_wh_hl_01,ca.3938538,17
2026-09-27,rta_101_wh_hl_01,ca.3954732,7
2026-09-27,rta_101_wh_hl_01,ca.4042926,10
2026-09-27,rta_101_wh_hl_01,ca.4268754,20
2026-09-27,rta_101_wh_hl_01,thamaraiselvat.vc,10
2026-09-27,rta_102_wh_hl_01,ca.4179459,12
2026-09-27,rta_104_wh_hl_01,ca.3899516,62
2026-09-27,rta_104_wh_hl_01,ca.3902437,38
2026-09-27,rta_104_wh_hl_01,ca.3903096,147
2026-09-27,rta_105_wh_hl_01,ca.3936930,32
2026-09-27,rta_106_wh_hl_01,ca.4271326,41
2026-09-27,rta_106_wh_hl_01,ca.4306764,25
2026-09-27,rta_106_wh_hl_01,ca.4311666,30
2026-09-27,rta_110_wh_hl_01,ca.4049107,123
2026-09-27,rta_110_wh_hl_01,ca.4121935,209
2026-09-27,rta_110_wh_hl_01,ca.4265952,40
2026-09-27,rta_110_wh_hl_01,ca.4268710,168
2026-09-27,rta_110_wh_hl_01,ca.4371490,71
2026-09-27,rta_111_wh_hl_01,ca.4025466,104
2026-09-27,rta_111_wh_hl_01,ca.4222740,85
2026-09-27,rta_111_wh_hl_01,ca.4271878,96
2026-09-27,rta_111_wh_hl_01,ca.4371841,64
2026-09-27,rta_113_wh_hl_01,ashwina.vc,10
2026-09-27,rta_113_wh_hl_01,ca.4020732,1
2026-09-27,rta_113_wh_hl_01,ca.4257753,10
2026-09-27,rta_113_wh_hl_01,veerapandiyanr.vc,1
2026-09-27,rte_101_wh_hl_01,ca.3944029,29
2026-09-27,rte_101_wh_hl_01,ca.4261370,21
2026-09-27,rte_101_wh_hl_01,ca.4280132,20
2026-09-27,ruk_101_wh_hl_01,ca.4077004,73
2026-09-27,ruk_101_wh_hl_01,ca.4115456,48
2026-09-27,ruk_101_wh_hl_01,ca.4194198,109
2026-09-27,ruk_101_wh_hl_01,ca.4228565,21
2026-09-27,ruk_101_wh_hl_01,rajangupta3.vc,34
2026-09-27,rup_101_wh_hl_01,ca.4265654,1
2026-09-27,rup_101_wh_hl_01,ca.4278704,197
2026-09-27,rup_102_wh_hl_01,ca.4342820,127
2026-09-27,rup_102_wh_hl_01,ca.4350436,137
2026-09-27,rup_103_wh_hl_01,ca.4012167,328
2026-09-27,rup_103_wh_hl_01,ca.4093527,76
2026-09-27,rup_103_wh_hl_01,ca.4093536,1
2026-09-27,rup_103_wh_hl_01,ca.4176638,420
2026-09-27,rup_103_wh_hl_01,ca.4205761,98
2026-09-27,rup_103_wh_hl_01,ca.4223424,82
2026-09-27,rup_103_wh_hl_01,ca.4272436,520
2026-09-27,rup_103_wh_hl_01,ca.4272439,430
2026-09-27,rup_104_wh_hl_01,ca.4095416,704
2026-09-27,rup_104_wh_hl_01,ca.4098767,760
2026-09-27,rup_104_wh_hl_01,ca.4143555,247
2026-09-27,rup_104_wh_hl_01,ca.4143559,331
2026-09-27,rup_104_wh_hl_01,ca.4180035,478
2026-09-27,rup_105_wh_hl_01,ca.3560599,5
2026-09-27,rup_105_wh_hl_01,ca.3893407,207
2026-09-27,rup_105_wh_hl_01,ca.3898803,218
2026-09-27,rup_105_wh_hl_01,ca.3990616,28
2026-09-27,rup_105_wh_hl_01,ca.4182554,673
2026-09-27,rup_105_wh_hl_01,ca.4184902,4
2026-09-27,rup_105_wh_hl_01,ca.4334992,60
2026-09-27,rup_105_wh_hl_01,ca.4381128,360
2026-09-27,rup_105_wh_hl_01,ca.4383140,274
2026-09-27,rup_105_wh_hl_01,shahjadhasan.vc,207
2026-09-27,rup_107_wh_hl_01,ca.4005438,152
2026-09-27,rup_107_wh_hl_01,ca.4133646,1
2026-09-27,rup_107_wh_hl_01,ca.4172601,106
2026-09-27,rup_111_wh_hl_01,ca.4304190,1
2026-09-27,rup_112_wh_hl_01,ca.4193953,233
2026-09-27,rup_112_wh_hl_01,ca.4193954,88
2026-09-27,rup_112_wh_hl_01,ca.4193959,1
2026-09-27,rup_112_wh_hl_01,ca.4193960,45
2026-09-27,rup_112_wh_hl_01,ca.4194684,93
2026-09-27,rup_112_wh_hl_01,ca.4284284,116
2026-09-27,rup_113_wh_hl_01,ca.4115945,31
2026-09-27,rup_113_wh_hl_01,ca.4196662,335
2026-09-27,rup_113_wh_hl_01,ghulammoinuddin.vc,36
2026-09-27,rup_115_wh_hl_01,ca.4092863,60
2026-09-27,rup_116_wh_hl_01,ca.3954558,74
2026-09-27,rup_116_wh_hl_01,ca.4032946,84
2026-09-27,rup_116_wh_hl_01,ca.4250424,7
2026-09-27,rup_118_wh_hl_01,ca.3907143,1
2026-09-27,rup_118_wh_hl_01,ca.3911773,117
2026-09-27,rup_118_wh_hl_01,ca.4166292,123
2026-09-27,rup_118_wh_hl_01,ca.4185776,92
2026-09-27,rup_126_wh_hl_01,ca.4131190,22
2026-09-27,rup_126_wh_hl_01,ca.4133537,18
2026-09-27,rup_126_wh_hl_01,ca.4156563,20
2026-09-27,rup_127_wh_hl_01,ca.4318649,38
2026-09-27,rup_128_wh_hl_01,ca.4125718,96
2026-09-27,rup_128_wh_hl_01,ca.4220265,168
2026-09-27,rup_129_wh_hl_01,ca.4033768,1
2026-09-27,rup_133_wh_hl_01,ca.4129989,1
2026-09-27,rup_137_wh_hl_01,ca.4091426,92
2026-09-27,rup_137_wh_hl_01,ca.4095244,46
2026-09-27,rup_137_wh_hl_01,ca.4115989,80
2026-09-27,rup_137_wh_hl_01,ca.4149703,147
2026-09-27,rup_137_wh_hl_01,niteshkumar19.vc,95
2026-09-27,rup_142_wh_hl_01,ca.4033008,199
2026-09-27,rup_142_wh_hl_01,ca.4034180,183
2026-09-27,rup_142_wh_hl_01,ca.4166345,243
2026-09-27,rup_142_wh_hl_01,ca.4181294,110
2026-09-27,rup_142_wh_hl_01,ca.4199801,175
2026-09-27,rup_142_wh_hl_01,ca.4220710,246
2026-09-27,rup_142_wh_hl_01,ca.4284670,377
2026-09-27,rwb_102_wh_hl_01,ca.4050546,44
2026-09-27,rwb_102_wh_hl_01,ca.4314284,51
2026-09-27,rwb_102_wh_hl_01,ca.4319791,152
2026-09-27,rwb_104_wh_hl_01,ca.4021704,17
2026-09-27,rwb_104_wh_hl_01,ca.4033643,89
2026-09-27,rwb_104_wh_hl_01,ca.4042068,145
2026-09-27,rwb_104_wh_hl_01,ca.4224178,20
2026-09-27,rwb_104_wh_hl_01,ca.4276611,249
2026-09-27,rwb_104_wh_hl_01,ca.4276612,53
2026-09-27,rwb_104_wh_hl_01,ca.4280827,206
2026-09-27,rwb_104_wh_hl_01,ca.4298548,158
2026-09-27,rwb_107_wh_hl_01,ca.3871250,13
2026-09-27,rwb_107_wh_hl_01,ca.4077264,120
2026-09-27,rwb_107_wh_hl_01,ca.4270138,80
2026-09-27,rwb_107_wh_hl_01,ca.4277435,43
2026-09-27,rwb_107_wh_hl_01,ca.4280478,58
2026-09-27,rwb_107_wh_hl_01,ranjitmondal1.vc,1
2026-09-27,rwb_109_wh_hl_01,ca.4087020,1
2026-09-27,rwb_109_wh_hl_01,ca.4244469,455
2026-09-27,rwb_109_wh_hl_01,ca.4265419,31
2026-09-27,rwb_109_wh_hl_01,ca.4279587,470
2026-09-27,rwb_109_wh_hl_01,rupamdebnath.vc,1
2026-09-27,rwb_111_wh_hl_01,ca.4139605,53
2026-09-27,rwb_111_wh_hl_01,ca.4155269,285
2026-09-27,rwb_111_wh_hl_01,ca.4193740,200
2026-09-27,rwb_111_wh_hl_01,ca.4204160,138
2026-09-27,rwb_111_wh_hl_01,ca.4272452,100
2026-09-27,rwb_113_wh_hl_01,ca.4048374,10
2026-09-27,rwb_115_wh_hl_01,ca.3861642,125
2026-09-27,rwb_115_wh_hl_01,ca.4188673,15
2026-09-27,rwb_115_wh_hl_01,nadishkhan.vc,1
2026-09-27,rwb_119_wh_hl_01,ca.4179597,91
2026-09-27,rwb_119_wh_hl_01,ca.4187222,8
2026-09-27,rwb_119_wh_hl_01,ca.4189401,3
2026-09-27,rwb_119_wh_hl_01,ca.4327828,52
2026-09-27,rwb_119_wh_hl_01,mdwasebali.vc,4
2026-09-27,vad_101_wh_hl_01,ca.3951584,31
2026-09-27,vad_101_wh_hl_01,ca.3951837,221
2026-09-27,vad_101_wh_hl_01,ca.3958288,461
2026-09-27,vad_101_wh_hl_01,ca.3965170,207
2026-09-27,vad_101_wh_hl_01,ca.4282577,422
2026-09-27,vad_101_wh_hl_01,ca.4375465,77
2026-09-27,vad_101_wh_hl_01,kishanbhupendv.vc,3
2026-09-27,vad_101_wh_hl_01,kolianil.vc,5
2026-09-27,vad_101_wh_hl_01,parmarp.vc,370
2026-09-27,vad_102_wh_hl_01,ca.4039785,118
2026-09-27,vad_102_wh_hl_01,ca.4082661,176
2026-09-27,vad_102_wh_hl_01,ca.4088625,48
2026-09-27,vad_102_wh_hl_01,ca.4255321,109
2026-09-27,vad_102_wh_hl_01,ca.4255534,771
2026-09-27,vad_102_wh_hl_01,ca.4291677,405
2026-09-27,vad_102_wh_hl_01,daymamahamadf.vc,177
2026-09-27,vad_102_wh_hl_01,vivek.b1,26
2026-09-27,vad_104_wh_hl_01,ca.4163801,142
2026-09-27,vad_104_wh_hl_01,minamas.vc,84
2026-09-27,vad_104_wh_hl_01,tusharkumarmavi.vc,1
2026-09-27,vad_105_wh_hl_01,ankita.shukla,15
2026-09-27,vad_105_wh_hl_01,ca.3981119,87
2026-09-27,vad_105_wh_hl_01,ca.3983183,277
2026-09-27,vad_105_wh_hl_01,ca.3983196,136
2026-09-27,vad_105_wh_hl_01,ca.3985343,258
2026-09-27,vad_105_wh_hl_01,ca.4271735,115
2026-09-27,vad_105_wh_hl_01,ca.4278983,208
2026-09-27,vad_105_wh_hl_01,ca.4278987,148
2026-09-27,vad_105_wh_hl_01,hardikkumarr.vc,49
2026-09-27,vad_105_wh_hl_01,rahulkumars2.vc,11
2026-09-27,vad_106_wh_hl_01,ca.4142914,580
2026-09-27,vad_106_wh_hl_01,ca.4227867,191
2026-09-27,vad_106_wh_hl_01,ca.4257357,190
2026-09-27,vad_106_wh_hl_01,ca.4272756,400
2026-09-27,vad_106_wh_hl_01,ca.4294668,386
2026-09-27,vad_106_wh_hl_01,ca.4295009,503
2026-09-27,vad_106_wh_hl_01,mavikuldipkumd.vc,38
2026-09-27,vad_109_wh_hl_01,ca.3999176,80
2026-09-27,var_101_wh_hl_01,ca.4017252,370
2026-09-27,var_101_wh_hl_01,ca.4084268,3
2026-09-27,var_101_wh_hl_01,ca.4151829,557
2026-09-27,var_101_wh_hl_01,ca.4181987,181
2026-09-27,var_101_wh_hl_01,ca.4274947,987
2026-09-27,var_101_wh_hl_01,ca.4281767,76
2026-09-27,var_101_wh_hl_01,ca.4284818,652
2026-09-27,var_101_wh_hl_01,ca.4288879,67
2026-09-27,var_101_wh_hl_01,pankajpal1.vc,1
2026-09-27,var_105_wh_hl_01,ca.4026793,45
2026-09-27,var_105_wh_hl_01,ca.4035844,254
2026-09-27,var_105_wh_hl_01,ca.4163593,1
2026-09-27,var_105_wh_hl_01,ca.4213491,4
2026-09-27,var_105_wh_hl_01,ca.4227617,48
2026-09-27,var_105_wh_hl_01,ca.4262119,48
2026-09-27,var_107_wh_hl_01,akhilv1.vc,2
2026-09-27,var_107_wh_hl_01,ca.3947255,51
2026-09-27,var_107_wh_hl_01,ca.4000731,72
2026-09-27,var_107_wh_hl_01,ca.4103811,72
2026-09-27,var_107_wh_hl_01,ca.4111690,130
2026-09-27,var_107_wh_hl_01,ca.4353843,83
2026-09-27,var_107_wh_hl_01,ca.4360424,73
2026-09-27,var_108_wh_hl_01,ca.3960165,100
2026-09-27,var_108_wh_hl_01,ca.3983313,128
2026-09-27,var_108_wh_hl_01,ca.4049760,252
2026-09-27,var_108_wh_hl_01,ca.4174772,38
2026-09-27,var_108_wh_hl_01,ca.4191011,219
2026-09-27,var_108_wh_hl_01,ca.4274217,15
2026-09-27,vel_101_wh_hl_01,ca.4137498,383
2026-09-27,vel_101_wh_hl_01,ca.4147852,438
2026-09-27,vel_101_wh_hl_01,ca.4153906,181
2026-09-27,vel_101_wh_hl_01,ca.4163494,296
2026-09-27,vel_101_wh_hl_01,ca.4288025,22
2026-09-27,vel_101_wh_hl_01,ca.4391700,17
2026-09-27,vel_101_wh_hl_01,sujithn.vc,12
2026-09-27,vel_103_wh_hl_01,ca.4108163,19
2026-09-27,vel_103_wh_hl_01,ca.4119588,630
2026-09-27,vel_103_wh_hl_01,ca.4119648,358
2026-09-27,vel_103_wh_hl_01,ca.4128370,618
2026-09-27,vel_103_wh_hl_01,ca.4142874,525
2026-09-27,viz_101_wh_hl_01,ca.4012218,89
2026-09-27,viz_101_wh_hl_01,ca.4167102,4
2026-09-27,viz_101_wh_hl_01,ca.4167112,28
2026-09-27,viz_101_wh_hl_01,ca.4244808,2
2026-09-27,viz_101_wh_hl_01,ca.4320845,1
2026-09-27,viz_101_wh_hl_01,ca.4324037,7
2026-09-27,viz_102_wh_hl_01,ca.4118373,97
2026-09-27,viz_106_wh_hl_01,ca.4063560,64
2026-09-27,viz_106_wh_hl_01,ca.4100014,51
2026-09-27,viz_107_wh_hl_01,ca.4063452,81
2026-09-27,viz_109_wh_hl_01,ca.4132017,6
2026-09-27,viz_109_wh_hl_01,ca.4182538,110
2026-09-28,ahm_101_wh_hl_01,ca.3804897,1315
2026-09-28,ahm_101_wh_hl_01,ca.3898043,105
2026-09-28,ahm_101_wh_hl_01,ca.3917319,9
2026-09-28,ahm_101_wh_hl_01,ca.4116166,121
2026-09-28,ahm_101_wh_hl_01,ca.4125974,50
2026-09-28,ahm_101_wh_hl_01,ca.4258946,725
2026-09-28,ahm_101_wh_hl_01,karanrajawat.vc,11
2026-09-28,ahm_102_wh_hl_01,ca.3777410,105
2026-09-28,ahm_102_wh_hl_01,ca.4007002,514
2026-09-28,ahm_102_wh_hl_01,ca.4135369,97
2026-09-28,ahm_102_wh_hl_01,ca.4251016,554
2026-09-28,ahm_102_wh_hl_01,ca.4277847,1092
2026-09-28,ahm_102_wh_hl_01,makwananayanp.vc,9
2026-09-28,ahm_103_wh_hl_01,ca.3570992,11
2026-09-28,ahm_103_wh_hl_01,ca.3926688,1
2026-09-28,ahm_104_wh_hl_01,abdulkalamkhan.vc,15
2026-09-28,ahm_104_wh_hl_01,ca.4137687,505
2026-09-28,ahm_104_wh_hl_01,ca.4160649,361
2026-09-28,ahm_104_wh_hl_01,ca.4165096,783
2026-09-28,ahm_104_wh_hl_01,ca.4200416,408
2026-09-28,ahm_104_wh_hl_01,ca.4261164,597
2026-09-28,ahm_107_wh_hl_01,ca.4033884,77
2026-09-28,ahm_107_wh_hl_01,ca.4035992,166
2026-09-28,ahm_107_wh_hl_01,ca.4244475,111
2026-09-28,ahm_107_wh_hl_01,rajnish.kumar5,4
2026-09-28,ahm_109_wh_hl_01,ca.3876849,1
2026-09-28,ahm_109_wh_hl_01,ca.3931793,557
2026-09-28,ahm_109_wh_hl_01,ca.4077433,22
2026-09-28,ahm_109_wh_hl_01,ca.4304015,407
2026-09-28,ahm_109_wh_hl_01,ca.4304017,125
2026-09-28,ahm_109_wh_hl_01,ca.4304021,185
2026-09-28,ahm_109_wh_hl_01,sejpaldixitb.vc,16
2026-09-28,ahm_111_wh_hl_01,ca.3828076,13
2026-09-28,ahm_111_wh_hl_01,ca.3828077,45
2026-09-28,ahm_111_wh_hl_01,ca.3984148,9
2026-09-28,ahm_112_wh_hl_01,ca.4228698,50
2026-09-28,ahm_112_wh_hl_01,ca.4230201,11
2026-09-28,ahm_112_wh_hl_01,ca.4230655,17
2026-09-28,ahm_112_wh_hl_01,ca.4233319,14
2026-09-28,ahm_112_wh_hl_01,ca.4245985,14
2026-09-28,ahm_112_wh_hl_01,ca.4272882,9
2026-09-28,ahm_112_wh_hl_01,ca.4296176,15
2026-09-28,ahm_112_wh_hl_01,ca.4296905,13
2026-09-28,ahm_112_wh_hl_01,ca.4380287,7
2026-09-28,ahm_112_wh_hl_01,desaijayeshkut.vc,19
2026-09-28,ahm_113_wh_hl_01,ca.4292591,1
2026-09-28,ahm_114_wh_hl_01,ca.3734707,264
2026-09-28,ahm_114_wh_hl_01,ca.3925979,268
2026-09-28,ahm_114_wh_hl_01,ca.3979159,344
2026-09-28,ahm_114_wh_hl_01,ca.4160433,235
2026-09-28,ahm_114_wh_hl_01,ca.4285930,165
2026-09-28,ahm_114_wh_hl_01,ca.4387270,253
2026-09-28,ahm_114_wh_hl_01,roopeshsingh.verm1,16
2026-09-28,ahm_115_wh_hl_01,ca.3604716,15
2026-09-28,ahm_115_wh_hl_01,ca.4276114,84
2026-09-28,ahm_119_wh_hl_01,ca.4079417,566
2026-09-28,ahm_119_wh_hl_01,ca.4117130,716
2026-09-28,ahm_119_wh_hl_01,ca.4207746,421
2026-09-28,ahm_119_wh_hl_01,ca.4225917,1068
2026-09-28,ahm_119_wh_hl_01,yogendrakumar1.vc,24
2026-09-28,ahm_120_wh_hl_01,ca.3745776,2
2026-09-28,ahm_120_wh_hl_01,ca.4174390,1
2026-09-28,ahm_122_wh_hl_01,ca.3959568,155
2026-09-28,ahm_122_wh_hl_01,ca.4028341,172
2026-09-28,ahm_122_wh_hl_01,ca.4047819,324
2026-09-28,ahm_122_wh_hl_01,ca.4112741,890
2026-09-28,ahm_122_wh_hl_01,ca.4260527,498
2026-09-28,ahm_122_wh_hl_01,ca.4308484,523
2026-09-28,ahm_122_wh_hl_01,niteshbaghel.vc,32
2026-09-28,ahm_124_wh_hl_01,abhaygautam.vc,3
2026-09-28,ahm_124_wh_hl_01,ca.3550721,90
2026-09-28,ahm_124_wh_hl_01,ca.4004885,96
2026-09-28,ahm_124_wh_hl_01,ca.4248503,39
2026-09-28,ahm_124_wh_hl_01,ca.4271118,62
2026-09-28,ahm_124_wh_hl_01,ca.4382587,28
2026-09-28,ahm_126_wh_hl_01,alpeshbaghel.vc,37
2026-09-28,ahm_126_wh_hl_01,ca.4058464,461
2026-09-28,ahm_126_wh_hl_01,ca.4165081,778
2026-09-28,ahm_126_wh_hl_01,ca.4249260,855
2026-09-28,ahm_126_wh_hl_01,ca.4270149,199
2026-09-28,ahm_126_wh_hl_01,ca.4286623,868
2026-09-28,ahm_126_wh_hl_01,ca.4295749,523
2026-09-28,ahm_126_wh_hl_01,ca.4295766,454
2026-09-28,ahm_127_wh_hl_01,ca.4192488,448
2026-09-28,ahm_127_wh_hl_01,ca.4207837,570
2026-09-28,ahm_127_wh_hl_01,ca.4229267,363
2026-09-28,ahm_127_wh_hl_01,ca.4240342,659
2026-09-28,ahm_127_wh_hl_01,ca.4265441,227
2026-09-28,ahm_127_wh_hl_01,kishanvarma.vc,202
2026-09-28,ahm_128_wh_hl_01,ca.4074111,1012
2026-09-28,ahm_128_wh_hl_01,ca.4145927,231
2026-09-28,ahm_128_wh_hl_01,ca.4159735,1179
2026-09-28,ahm_128_wh_hl_01,ca.4168559,360
2026-09-28,ahm_129_wh_hl_01,ca.4011989,56
2026-09-28,ahm_129_wh_hl_01,ca.4102168,3
2026-09-28,ahm_129_wh_hl_01,ca.4115358,24
2026-09-28,ahm_129_wh_hl_01,ca.4154156,3
2026-09-28,ahm_129_wh_hl_01,malip.vc,11
2026-09-28,ahm_129_wh_hl_01,swarnadeep.ghosh2,53
2026-09-28,ahm_130_wh_hl_01,ca.3864971,399
2026-09-28,ahm_130_wh_hl_01,ca.4139788,30
2026-09-28,ahm_130_wh_hl_01,ca.4146896,24
2026-09-28,ahm_130_wh_hl_01,ca.4252228,597
2026-09-28,ahm_130_wh_hl_01,ca.4257850,241
2026-09-28,ahm_130_wh_hl_01,ca.4367435,357
2026-09-28,ahm_130_wh_hl_01,pandey.ajay1,4
2026-09-28,ahm_131_wh_hl_01,ca.3914296,312
2026-09-28,ahm_131_wh_hl_01,ca.4096120,348
2026-09-28,ahm_131_wh_hl_01,ca.4163534,57
2026-09-28,ahm_131_wh_hl_01,ca.4166777,768
2026-09-28,ahm_131_wh_hl_01,ca.4181316,609
2026-09-28,ahm_131_wh_hl_01,ca.4281543,385
2026-09-28,ahm_131_wh_hl_01,gunti.a,18
2026-09-28,ahm_132_wh_hl_01,ca.4124009,505
2026-09-28,ahm_132_wh_hl_01,ca.4125343,498
2026-09-28,ahm_132_wh_hl_01,ca.4183393,307
2026-09-28,ahm_132_wh_hl_01,ca.4223575,338
2026-09-28,ahm_132_wh_hl_01,sanskarrawat.vc,3
2026-09-28,ahm_133_wh_hl_01,amitm.vc,16
2026-09-28,ahm_133_wh_hl_01,ca.3939530,555
2026-09-28,ahm_133_wh_hl_01,ca.3951448,243
2026-09-28,ahm_133_wh_hl_01,ca.4000620,570
2026-09-28,ahm_133_wh_hl_01,ca.4055367,817
2026-09-28,ahm_133_wh_hl_01,ca.4220995,744
2026-09-28,ahm_133_wh_hl_01,ca.4262439,354
2026-09-28,ahm_134_wh_hl_01,ankitkumar.patel,3
2026-09-28,ahm_134_wh_hl_01,ca.4175571,28
2026-09-28,ahm_135_wh_hl_01,ca.3997312,119
2026-09-28,ahm_135_wh_hl_01,ca.4015978,606
2026-09-28,ahm_135_wh_hl_01,ca.4033437,138
2026-09-28,ahm_135_wh_hl_01,ca.4042700,296
2026-09-28,ahm_135_wh_hl_01,ca.4263362,127
2026-09-28,ahm_135_wh_hl_01,ca.4271348,838
2026-09-28,ahm_135_wh_hl_01,ca.4306820,162
2026-09-28,ahm_135_wh_hl_01,saiyadmahammak.vc,15
2026-09-28,ahm_136_wh_hl_01,ca.4077427,21
2026-09-28,ahm_136_wh_hl_01,ca.4094040,372
2026-09-28,ahm_136_wh_hl_01,ca.4122552,245
2026-09-28,ahm_136_wh_hl_01,ca.4274527,41
2026-09-28,ahm_136_wh_hl_01,ca.4277919,45
2026-09-28,ahm_136_wh_hl_01,gautampremkums.vc,63
2026-09-28,ahm_141_wh_hl_01,ca.4137135,249
2026-09-28,ahm_141_wh_hl_01,ca.4209143,275
2026-09-28,ahm_142_wh_hl_01,ca.4012554,1
2026-09-28,ahm_142_wh_hl_01,ca.4023107,8
2026-09-28,ahm_142_wh_hl_01,ca.4057015,31
2026-09-28,ahm_917_wh_hl_01,ca.3819216,197
2026-09-28,ahm_917_wh_hl_01,ca.3852803,256
2026-09-28,ahm_917_wh_hl_01,ca.4174577,294
2026-09-28,ahm_917_wh_hl_01,ca.4226383,193
2026-09-28,ahm_917_wh_hl_01,desaihirenkumd.vc,8
2026-09-28,amr_102_wh_hl_01,ca.4291853,167
2026-09-28,amr_102_wh_hl_01,ca.4292365,103
2026-09-28,amr_102_wh_hl_01,ca.4292688,45
2026-09-28,amr_102_wh_hl_01,ca.4293626,125
2026-09-28,amr_102_wh_hl_01,ca.4294855,96
2026-09-28,amr_102_wh_hl_01,ca.4295928,134
2026-09-28,amr_102_wh_hl_01,rajankumar5.vc,11
2026-09-28,amr_103_wh_hl_01,ca.4292233,89
2026-09-28,amr_103_wh_hl_01,ca.4297190,111
2026-09-28,amr_103_wh_hl_01,ca.4353253,185
2026-09-28,amr_103_wh_hl_01,ca.4355223,123
2026-09-28,amr_103_wh_hl_01,ca.4380055,179
2026-09-28,amr_103_wh_hl_01,nishantshukla.vc,4
2026-09-28,amr_104_wh_hl_01,ca.4292256,136
2026-09-28,amr_104_wh_hl_01,ca.4295096,144
2026-09-28,amr_104_wh_hl_01,ca.4309721,83
2026-09-28,amr_104_wh_hl_01,ca.4317137,30
2026-09-28,amr_104_wh_hl_01,gurditsingh.vc,6
2026-09-28,bar_102_wh_hl_01,ca.4083483,270
2026-09-28,bar_102_wh_hl_01,ca.4163797,330
2026-09-28,bar_102_wh_hl_01,ca.4163810,201
2026-09-28,bar_102_wh_hl_01,nitinn13.vc,5
2026-09-28,bar_103_wh_hl_01,mohammadzeesha1.vc,1
2026-09-28,bar_104_wh_hl_01,ca.4125398,4
2026-09-28,ben_003_wh_hl_01,ca.3982300,128
2026-09-28,ben_003_wh_hl_01,ca.4116185,132
2026-09-28,ben_003_wh_hl_01,ca.4313422,164
2026-09-28,ben_003_wh_hl_01,darshanm2.vc,1
2026-09-28,ben_007_wh_hl_01,ca.3840773,998
2026-09-28,ben_007_wh_hl_01,ca.3901563,751
2026-09-28,ben_007_wh_hl_01,ca.3921806,1
2026-09-28,ben_007_wh_hl_01,ca.4033644,1045
2026-09-28,ben_007_wh_hl_01,ca.4195268,596
2026-09-28,ben_007_wh_hl_01,ca.4214237,3
2026-09-28,ben_007_wh_hl_01,ca.4225212,20
2026-09-28,ben_007_wh_hl_01,ca.4229362,10
2026-09-28,ben_007_wh_hl_01,ca.4230232,361
2026-09-28,ben_007_wh_hl_01,ca.4281360,1248
2026-09-28,ben_007_wh_hl_01,ca.4285961,593
2026-09-28,ben_007_wh_hl_01,ca.4297432,6
2026-09-28,ben_007_wh_hl_01,ca.4360934,24
2026-09-28,ben_007_wh_hl_01,priyankaa1.vc,12
2026-09-28,ben_013_wh_hl_01,ca.3321446,65
2026-09-28,ben_013_wh_hl_01,ca.4173907,18
2026-09-28,ben_013_wh_hl_01,chaithrahm.vc,111
2026-09-28,ben_013_wh_hl_01,manjurajak.vc,20
2026-09-28,ben_016_wh_hl_01,ca.3417448,116
2026-09-28,ben_016_wh_hl_01,ca.3961825,97
2026-09-28,ben_016_wh_hl_01,ca.3961827,77
2026-09-28,ben_016_wh_hl_01,ca.4092090,70
2026-09-28,ben_016_wh_hl_01,ca.4373157,46
2026-09-28,ben_016_wh_hl_01,srinivasbv.vc,3
2026-09-28,ben_017_wh_hl_01,ca.3285803,130
2026-09-28,ben_017_wh_hl_01,ca.3883671,58
2026-09-28,ben_017_wh_hl_01,ca.3887466,828
2026-09-28,ben_017_wh_hl_01,ca.3982905,292
2026-09-28,ben_017_wh_hl_01,ca.4013413,250
2026-09-28,ben_017_wh_hl_01,ca.4013418,462
2026-09-28,ben_017_wh_hl_01,ca.4263096,320
2026-09-28,ben_017_wh_hl_01,ca.4263785,942
2026-09-28,ben_017_wh_hl_01,ca.4267745,312
2026-09-28,ben_017_wh_hl_01,rajeshk6.vc,13
2026-09-28,ben_018_wh_hl_01,ca.3463537,3
2026-09-28,ben_018_wh_hl_01,ca.3565963,394
2026-09-28,ben_018_wh_hl_01,ca.3896059,306
2026-09-28,ben_018_wh_hl_01,ca.4034996,140
2026-09-28,ben_018_wh_hl_01,ca.4044012,407
2026-09-28,ben_018_wh_hl_01,ca.4053243,205
2026-09-28,ben_018_wh_hl_01,ca.4275630,271
2026-09-28,ben_024_wh_hl_01,ca.3587752,32
2026-09-28,ben_024_wh_hl_01,ca.3626219,8
2026-09-28,ben_024_wh_hl_01,ca.3830648,160
2026-09-28,ben_024_wh_hl_01,ca.4024836,214
2026-09-28,ben_024_wh_hl_01,ca.4053228,549
2026-09-28,ben_024_wh_hl_01,ca.4064785,465
2026-09-28,ben_024_wh_hl_01,ca.4064787,17
2026-09-28,ben_024_wh_hl_01,ca.4134770,217
2026-09-28,ben_024_wh_hl_01,ca.4204122,499
2026-09-28,ben_024_wh_hl_01,ca.4279541,5
2026-09-28,ben_024_wh_hl_01,yallanagouday.vc,4
2026-09-28,ben_027_wh_hl_01,ca.3461822,125
2026-09-28,ben_027_wh_hl_01,ca.4138002,1002
2026-09-28,ben_027_wh_hl_01,ca.4205513,558
2026-09-28,ben_027_wh_hl_01,ca.4240815,217
2026-09-28,ben_027_wh_hl_01,ca.4307468,171
2026-09-28,ben_027_wh_hl_01,ca.4339213,1129
2026-09-28,ben_027_wh_hl_01,ca.4354633,617
2026-09-28,ben_029_wh_hl_01,ca.3870728,5
2026-09-28,ben_029_wh_hl_01,ca.3906622,752
2026-09-28,ben_029_wh_hl_01,ca.4264296,221
2026-09-28,ben_029_wh_hl_01,ca.4285553,283
2026-09-28,ben_029_wh_hl_01,ca.4294686,335
2026-09-28,ben_029_wh_hl_01,sameers3.vc,4
2026-09-28,ben_031_wh_hl_01,ca.3538769,47
2026-09-28,ben_031_wh_hl_01,ca.3626385,15
2026-09-28,ben_031_wh_hl_01,ca.3890447,3
2026-09-28,ben_031_wh_hl_01,ca.4030852,80
2026-09-28,ben_031_wh_hl_01,ca.4261720,526
2026-09-28,ben_031_wh_hl_01,ca.4288243,154
2026-09-28,ben_031_wh_hl_01,ca.4289762,183
2026-09-28,ben_031_wh_hl_01,ca.4316168,314
2026-09-28,ben_031_wh_hl_01,ca.4316171,459
2026-09-28,ben_031_wh_hl_01,nikileshk.vc,1
2026-09-28,ben_034_wh_hl_01,ca.3830383,513
2026-09-28,ben_034_wh_hl_01,ca.3901818,496
2026-09-28,ben_034_wh_hl_01,ca.3976599,472
2026-09-28,ben_034_wh_hl_01,ca.4157565,625
2026-09-28,ben_034_wh_hl_01,ca.4206694,216
2026-09-28,ben_034_wh_hl_01,ca.4276876,5
2026-09-28,ben_034_wh_hl_01,ca.4340970,271
2026-09-28,ben_034_wh_hl_01,syedabdulrouf.vc,20
2026-09-28,ben_036_wh_hl_01,ca.3847359,850
2026-09-28,ben_036_wh_hl_01,ca.3850390,83
2026-09-28,ben_036_wh_hl_01,ca.3966639,710
2026-09-28,ben_036_wh_hl_01,ca.4233886,1063
2026-09-28,ben_036_wh_hl_01,ca.4233897,1021
2026-09-28,ben_036_wh_hl_01,ca.4297796,348
2026-09-28,ben_036_wh_hl_01,ca.4309591,335
2026-09-28,ben_036_wh_hl_01,sagarbr1.vc,4
2026-09-28,ben_036_wh_hl_01,yashwanthkt.vc,1
2026-09-28,ben_039_wh_hl_01,ca.3879797,328
2026-09-28,ben_039_wh_hl_01,ca.4035520,3
2026-09-28,ben_039_wh_hl_01,ca.4250832,6
2026-09-28,ben_039_wh_hl_01,ca.4320191,6
2026-09-28,ben_040_wh_hl_01,ca.4210182,9
2026-09-28,ben_040_wh_hl_01,ca.4212083,627
2026-09-28,ben_040_wh_hl_01,ca.4254178,95
2026-09-28,ben_040_wh_hl_01,ca.4307899,459
2026-09-28,ben_040_wh_hl_01,ca.4317185,698
2026-09-28,ben_040_wh_hl_01,ca.4383061,1
2026-09-28,ben_040_wh_hl_01,lohithk.vc,1
2026-09-28,ben_042_wh_hl_01,ca.4070215,499
2026-09-28,ben_042_wh_hl_01,ca.4381150,54
2026-09-28,ben_042_wh_hl_01,k.srinivasan1,506
2026-09-28,ben_042_wh_hl_01,santhoshp1.vc,7
2026-09-28,ben_042_wh_hl_01,syedsalman1.vc,237
2026-09-28,ben_043_wh_hl_01,ca.3478104,18
2026-09-28,ben_043_wh_hl_01,ca.3659561,57
2026-09-28,ben_043_wh_hl_01,ca.3879113,255
2026-09-28,ben_043_wh_hl_01,ca.3897728,25
2026-09-28,ben_043_wh_hl_01,ca.4031257,23
2026-09-28,ben_043_wh_hl_01,ca.4100139,289
2026-09-28,ben_043_wh_hl_01,ca.4145192,37
2026-09-28,ben_043_wh_hl_01,ca.4227497,394
2026-09-28,ben_043_wh_hl_01,ca.4230845,51
2026-09-28,ben_043_wh_hl_01,ca.4249973,172
2026-09-28,ben_043_wh_hl_01,madhankumarm.vc,486
2026-09-28,ben_043_wh_hl_01,santimireddin.vc,71
2026-09-28,ben_050_wh_hl_01,ca.3841253,86
2026-09-28,ben_050_wh_hl_01,ca.3996501,304
2026-09-28,ben_050_wh_hl_01,ca.4007146,248
2026-09-28,ben_050_wh_hl_01,ca.4189812,305
2026-09-28,ben_050_wh_hl_01,ca.4218353,784
2026-09-28,ben_050_wh_hl_01,ca.4236175,2
2026-09-28,ben_050_wh_hl_01,ca.4247754,263
2026-09-28,ben_050_wh_hl_01,ca.4258790,308
2026-09-28,ben_050_wh_hl_01,ca.4271370,121
2026-09-28,ben_050_wh_hl_01,ca.4271372,182
2026-09-28,ben_050_wh_hl_01,ca.4332025,230
2026-09-28,ben_050_wh_hl_01,ca.4371512,18
2026-09-28,ben_050_wh_hl_01,ca.4373065,249
2026-09-28,ben_050_wh_hl_01,ca.4373105,62
2026-09-28,ben_050_wh_hl_01,ca.4378423,121
2026-09-28,ben_050_wh_hl_01,ca.4378427,345
2026-09-28,ben_050_wh_hl_01,ca.4385065,152
2026-09-28,ben_050_wh_hl_01,ca.4385081,40
2026-09-28,ben_050_wh_hl_01,gagankc.vc,2
2026-09-28,ben_050_wh_hl_01,manjunathg.vc,2
2026-09-28,ben_054_wh_hl_01,ca.3354196,270
2026-09-28,ben_054_wh_hl_01,ca.3633237,3
2026-09-28,ben_054_wh_hl_01,ca.3714035,237
2026-09-28,ben_054_wh_hl_01,ca.3870923,866
2026-09-28,ben_054_wh_hl_01,ca.3925774,631
2026-09-28,ben_054_wh_hl_01,ca.4076370,39
2026-09-28,ben_054_wh_hl_01,ca.4167870,391
2026-09-28,ben_054_wh_hl_01,ca.4221189,47
2026-09-28,ben_054_wh_hl_01,ca.4236028,708
2026-09-28,ben_054_wh_hl_01,ca.4250596,297
2026-09-28,ben_054_wh_hl_01,ca.4337153,54
2026-09-28,ben_054_wh_hl_01,suhass2.vc,1
2026-09-28,ben_055_wh_hl_01,ca.3406590,217
2026-09-28,ben_055_wh_hl_01,ca.3546418,19
2026-09-28,ben_055_wh_hl_01,ca.3681178,121
2026-09-28,ben_055_wh_hl_01,ca.3966906,93
2026-09-28,ben_055_wh_hl_01,ca.4166289,121
2026-09-28,ben_055_wh_hl_01,ca.4261659,74
2026-09-28,ben_055_wh_hl_01,lakshmang.vc,1
2026-09-28,ben_056_wh_hl_01,ca.3428950,107
2026-09-28,ben_056_wh_hl_01,ca.3683950,65
2026-09-28,ben_056_wh_hl_01,ca.3939599,357
2026-09-28,ben_056_wh_hl_01,ca.4362154,89
2026-09-28,ben_056_wh_hl_01,najukn.vc,38
2026-09-28,ben_057_wh_hl_01,bharathkishores.vc,61
2026-09-28,ben_057_wh_hl_01,ca.3932403,12
2026-09-28,ben_057_wh_hl_01,ca.4209053,69
2026-09-28,ben_057_wh_hl_01,ca.4384409,113
2026-09-28,ben_058_wh_hl_01,ca.4058888,121
2026-09-28,ben_058_wh_hl_01,ca.4189597,1
2026-09-28,ben_058_wh_hl_01,ca.4307635,161
2026-09-28,ben_060_wh_hl_01,ca.4039503,196
2026-09-28,ben_060_wh_hl_01,ca.4047492,112
2026-09-28,ben_060_wh_hl_01,ca.4146012,3
2026-09-28,ben_060_wh_hl_01,ca.4182518,435
2026-09-28,ben_060_wh_hl_01,ca.4183945,253
2026-09-28,ben_060_wh_hl_01,gopinath.v2,16
2026-09-28,ben_061_wh_hl_01,ca.3365501,259
2026-09-28,ben_061_wh_hl_01,ca.4007764,138
2026-09-28,ben_061_wh_hl_01,ca.4078561,163
2026-09-28,ben_061_wh_hl_01,ca.4113556,78
2026-09-28,ben_061_wh_hl_01,ca.4113565,2
2026-09-28,ben_061_wh_hl_01,ca.4209271,5
2026-09-28,ben_061_wh_hl_01,ca.4255965,186
2026-09-28,ben_061_wh_hl_01,ca.4288319,311
2026-09-28,ben_061_wh_hl_01,ca.4288330,138
2026-09-28,ben_061_wh_hl_01,ca.4326559,136
2026-09-28,ben_061_wh_hl_01,ca.4345413,69
2026-09-28,ben_061_wh_hl_01,ca.4359711,149
2026-09-28,ben_061_wh_hl_01,suryakumarmn.vc,2
2026-09-28,ben_062_wh_hl_01,ca.4045238,2
2026-09-28,ben_062_wh_hl_01,ca.4135968,54
2026-09-28,ben_062_wh_hl_01,ca.4191531,162
2026-09-28,ben_062_wh_hl_01,dhanendrak.vc,5
2026-09-28,ben_063_wh_hl_01,akashkathait.vc,196
2026-09-28,ben_063_wh_hl_01,ca.4074588,599
2026-09-28,ben_063_wh_hl_01,ca.4242006,258
2026-09-28,ben_063_wh_hl_01,ca.4245238,183
2026-09-28,ben_063_wh_hl_01,ca.4246983,141
2026-09-28,ben_063_wh_hl_01,ca.4256101,1
2026-09-28,ben_063_wh_hl_01,ca.4256367,618
2026-09-28,ben_063_wh_hl_01,ca.4258838,462
2026-09-28,ben_063_wh_hl_01,ca.4260109,509
2026-09-28,ben_063_wh_hl_01,ca.4276844,83
2026-09-28,ben_063_wh_hl_01,ca.4379134,27
2026-09-28,ben_063_wh_hl_01,muhammadalhan.vc,5
2026-09-28,ben_102_wh_hl_01,ca.3483968,65
2026-09-28,ben_102_wh_hl_01,ca.3531713,164
2026-09-28,ben_102_wh_hl_01,ca.4210143,465
2026-09-28,ben_102_wh_hl_01,ca.4214203,42
2026-09-28,ben_102_wh_hl_01,ca.4223666,326
2026-09-28,ben_102_wh_hl_01,darshanm4.vc,1
2026-09-28,ben_102_wh_hl_01,rashid.3plben41,137
2026-09-28,ben_103_wh_hl_01,ca.3853029,91
2026-09-28,ben_103_wh_hl_01,ca.3959390,20
2026-09-28,ben_103_wh_hl_01,ca.3965043,5
2026-09-28,ben_103_wh_hl_01,ca.3995695,18
2026-09-28,ben_103_wh_hl_01,ca.4070447,138
2026-09-28,ben_103_wh_hl_01,ca.4274549,2
2026-09-28,ben_103_wh_hl_01,gururajcp.vc,86
2026-09-28,ben_104_wh_hl_01,ca.3718508,16
2026-09-28,ben_104_wh_hl_01,ca.3839355,23
2026-09-28,ben_104_wh_hl_01,ca.3914197,17
2026-09-28,ben_104_wh_hl_01,ca.4214475,74
2026-09-28,ben_104_wh_hl_01,ca.4227593,44
2026-09-28,ben_104_wh_hl_01,harishkumarr2.vc,1
2026-09-28,ben_105_wh_hl_01,ca.3553036,183
2026-09-28,ben_105_wh_hl_01,ca.3752457,327
2026-09-28,ben_105_wh_hl_01,ca.4047087,267
2026-09-28,ben_105_wh_hl_01,ca.4181171,231
2026-09-28,ben_105_wh_hl_01,ca.4232801,562
2026-09-28,ben_105_wh_hl_01,ca.4275581,40
2026-09-28,ben_105_wh_hl_01,vasudevav2.vc,8
2026-09-28,ben_106_wh_hl_01,ca.3532241,60
2026-09-28,ben_106_wh_hl_01,ca.3601752,419
2026-09-28,ben_106_wh_hl_01,ca.3903239,58
2026-09-28,ben_106_wh_hl_01,ca.4099322,79
2026-09-28,ben_106_wh_hl_01,ca.4223696,116
2026-09-28,ben_106_wh_hl_01,vinayb1.vc,32
2026-09-28,ben_107_wh_hl_01,ca.3884892,481
2026-09-28,ben_107_wh_hl_01,ca.3908546,588
2026-09-28,ben_107_wh_hl_01,ca.4058395,342
2026-09-28,ben_107_wh_hl_01,ca.4107051,24
2026-09-28,ben_107_wh_hl_01,ca.4141044,894
2026-09-28,ben_107_wh_hl_01,ca.4208868,284
2026-09-28,ben_107_wh_hl_01,ca.4284972,311
2026-09-28,ben_107_wh_hl_01,ca.4288665,1
2026-09-28,ben_107_wh_hl_01,ca.4295847,235
2026-09-28,ben_107_wh_hl_01,shwetan.vc,15
2026-09-28,ben_108_wh_hl_01,ca.3471993,10
2026-09-28,ben_108_wh_hl_01,ca.3899330,47
2026-09-28,ben_108_wh_hl_01,ca.4039200,165
2026-09-28,ben_108_wh_hl_01,ca.4040283,4
2026-09-28,ben_108_wh_hl_01,ca.4173607,138
2026-09-28,ben_108_wh_hl_01,ca.4228441,102
2026-09-28,ben_108_wh_hl_01,ca.4256374,42
2026-09-28,ben_108_wh_hl_01,ca.4256920,115
2026-09-28,ben_108_wh_hl_01,ca.4256922,105
2026-09-28,ben_108_wh_hl_01,venkatesh.a2,17
2026-09-28,ben_110_wh_hl_01,ca.4011293,890
2026-09-28,ben_110_wh_hl_01,ca.4068677,530
2026-09-28,ben_110_wh_hl_01,ca.4115621,236
2026-09-28,ben_110_wh_hl_01,ca.4234481,381
2026-09-28,ben_110_wh_hl_01,ca.4274920,204
2026-09-28,ben_110_wh_hl_01,ca.4288732,552
2026-09-28,ben_110_wh_hl_01,ca.4362929,295
2026-09-28,ben_112_wh_hl_01,ca.3608330,364
2026-09-28,ben_112_wh_hl_01,ca.3859366,125
2026-09-28,ben_112_wh_hl_01,ca.3881044,76
2026-09-28,ben_112_wh_hl_01,ca.3988350,127
2026-09-28,ben_112_wh_hl_01,ca.4012688,146
2026-09-28,ben_112_wh_hl_01,ca.4210117,116
2026-09-28,ben_112_wh_hl_01,ca.4283813,242
2026-09-28,ben_112_wh_hl_01,harishaav.vc,9
2026-09-28,ben_113_wh_hl_01,ca.4135302,131
2026-09-28,ben_113_wh_hl_01,ca.4289660,61
2026-09-28,ben_113_wh_hl_01,ca.4295570,22
2026-09-28,ben_113_wh_hl_01,ca.4295577,92
2026-09-28,ben_113_wh_hl_01,ca.4305303,113
2026-09-28,ben_113_wh_hl_01,ca.4305304,33
2026-09-28,ben_113_wh_hl_01,ca.4343608,105
2026-09-28,ben_114_wh_hl_01,ca.4024988,183
2026-09-28,ben_114_wh_hl_01,ca.4029072,457
2026-09-28,ben_114_wh_hl_01,ca.4051407,56
2026-09-28,ben_114_wh_hl_01,ca.4123034,273
2026-09-28,ben_114_wh_hl_01,ca.4132744,65
2026-09-28,ben_114_wh_hl_01,ca.4166349,205
2026-09-28,ben_114_wh_hl_01,ca.4264866,66
2026-09-28,ben_114_wh_hl_01,ca.4294535,32
2026-09-28,ben_114_wh_hl_01,ca.4316652,93
2026-09-28,ben_114_wh_hl_01,ca.4390792,269
2026-09-28,ben_114_wh_hl_01,chethanc2.vc,143
2026-09-28,ben_115_wh_hl_01,ca.3633427,12
2026-09-28,ben_115_wh_hl_01,ca.4018705,18
2026-09-28,ben_115_wh_hl_01,ca.4029233,60
2026-09-28,ben_115_wh_hl_01,ca.4146321,49
2026-09-28,ben_115_wh_hl_01,ca.4286159,157
2026-09-28,ben_115_wh_hl_01,ca.4307187,17
2026-09-28,ben_115_wh_hl_01,ca.4307198,34
2026-09-28,ben_116_wh_hl_01,ca.3554091,31
2026-09-28,ben_116_wh_hl_01,ca.3984530,1
2026-09-28,ben_116_wh_hl_01,ca.4167820,68
2026-09-28,ben_116_wh_hl_01,ca.4167825,34
2026-09-28,ben_116_wh_hl_01,ca.4181635,154
2026-09-28,ben_116_wh_hl_01,ca.4283279,178
2026-09-28,ben_116_wh_hl_01,ca.4373444,378
2026-09-28,ben_116_wh_hl_01,ca.4385700,22
2026-09-28,ben_116_wh_hl_01,zabiulla.z1,8
2026-09-28,ben_117_wh_hl_01,ca.3669237,287
2026-09-28,ben_117_wh_hl_01,ca.4009646,146
2026-09-28,ben_117_wh_hl_01,ca.4170207,95
2026-09-28,ben_117_wh_hl_01,ca.4174917,463
2026-09-28,ben_117_wh_hl_01,ca.4269581,1029
2026-09-28,ben_117_wh_hl_01,ca.4285333,1090
2026-09-28,ben_117_wh_hl_01,ca.4288660,355
2026-09-28,ben_117_wh_hl_01,ca.4302681,52
2026-09-28,ben_117_wh_hl_01,ca.4303000,469
2026-09-28,ben_117_wh_hl_01,ca.4325211,1555
2026-09-28,ben_117_wh_hl_01,ca.4354344,401
2026-09-28,ben_117_wh_hl_01,tgurutejareddy.vc,5
2026-09-28,ben_118_wh_hl_01,balayesuvickys.vc,10
2026-09-28,ben_118_wh_hl_01,ca.3882869,112
2026-09-28,ben_118_wh_hl_01,ca.3909660,134
2026-09-28,ben_118_wh_hl_01,ca.4040072,29
2026-09-28,ben_118_wh_hl_01,ca.4113693,176
2026-09-28,ben_118_wh_hl_01,ca.4165168,64
2026-09-28,ben_118_wh_hl_01,ca.4203597,115
2026-09-28,ben_118_wh_hl_01,ca.4259923,418
2026-09-28,ben_118_wh_hl_01,ca.4291192,325
2026-09-28,ben_118_wh_hl_01,ca.4331024,43
2026-09-28,ben_118_wh_hl_01,ca.4344559,22
2026-09-28,ben_118_wh_hl_01,ca.4345198,60
2026-09-28,ben_118_wh_hl_01,ca.4350675,11
2026-09-28,ben_118_wh_hl_01,ca.4355162,33
2026-09-28,ben_119_wh_hl_01,ca.3963560,67
2026-09-28,ben_119_wh_hl_01,ca.3970477,23
2026-09-28,ben_119_wh_hl_01,ca.4073415,3
2026-09-28,ben_119_wh_hl_01,ca.4140739,136
2026-09-28,ben_119_wh_hl_01,ca.4140751,15
2026-09-28,ben_119_wh_hl_01,ca.4140765,126
2026-09-28,ben_119_wh_hl_01,ca.4171316,385
2026-09-28,ben_119_wh_hl_01,ca.4205713,1
2026-09-28,ben_119_wh_hl_01,jiaurrahman.vc,19
2026-09-28,ben_120_wh_hl_01,ca.3462556,1
2026-09-28,ben_120_wh_hl_01,ca.3950280,40
2026-09-28,ben_120_wh_hl_01,ca.4026170,444
2026-09-28,ben_120_wh_hl_01,ca.4047494,91
2026-09-28,ben_120_wh_hl_01,ca.4143000,68
2026-09-28,ben_120_wh_hl_01,ca.4146453,186
2026-09-28,ben_120_wh_hl_01,ca.4177108,316
2026-09-28,ben_120_wh_hl_01,ca.4188297,459
2026-09-28,ben_120_wh_hl_01,ca.4193672,214
2026-09-28,ben_120_wh_hl_01,ca.4301521,94
2026-09-28,ben_120_wh_hl_01,ca.4343592,66
2026-09-28,ben_121_wh_hl_01,ca.3450824,233
2026-09-28,ben_121_wh_hl_01,ca.3704482,811
2026-09-28,ben_121_wh_hl_01,ca.3863475,53
2026-09-28,ben_121_wh_hl_01,ca.3909934,570
2026-09-28,ben_121_wh_hl_01,ca.3930298,403
2026-09-28,ben_121_wh_hl_01,ca.4057684,1009
2026-09-28,ben_121_wh_hl_01,ca.4133705,68
2026-09-28,ben_121_wh_hl_01,ca.4234082,294
2026-09-28,ben_121_wh_hl_01,ca.4284628,877
2026-09-28,ben_121_wh_hl_01,rohith.br,3
2026-09-28,ben_123_wh_hl_01,ca.4066375,6
2026-09-28,ben_123_wh_hl_01,ca.4177791,347
2026-09-28,ben_123_wh_hl_01,ca.4227185,46
2026-09-28,ben_123_wh_hl_01,ca.4233203,147
2026-09-28,ben_123_wh_hl_01,ca.4245756,410
2026-09-28,ben_123_wh_hl_01,ca.4275311,19
2026-09-28,ben_123_wh_hl_01,ca.4371448,10
2026-09-28,ben_123_wh_hl_01,ca.4379198,194
2026-09-28,ben_123_wh_hl_01,ca.4401313,12
2026-09-28,ben_123_wh_hl_01,gaddam.shanmuk,2
2026-09-28,ben_125_wh_hl_01,ca.3474355,429
2026-09-28,ben_125_wh_hl_01,ca.3578963,184
2026-09-28,ben_125_wh_hl_01,ca.3732818,31
2026-09-28,ben_125_wh_hl_01,ca.3927409,74
2026-09-28,ben_125_wh_hl_01,ca.4099089,9
2026-09-28,ben_125_wh_hl_01,ca.4176927,357
2026-09-28,ben_125_wh_hl_01,ca.4216487,258
2026-09-28,ben_125_wh_hl_01,ca.4227599,743
2026-09-28,ben_125_wh_hl_01,ca.4291519,728
2026-09-28,ben_125_wh_hl_01,ca.4341138,899
2026-09-28,ben_125_wh_hl_01,ca.4345171,34
2026-09-28,ben_125_wh_hl_01,javeedkjamadar.vc,4
2026-09-28,ben_125_wh_hl_01,naveena.vc,27
2026-09-28,ben_127_wh_hl_01,ca.3570230,24
2026-09-28,ben_127_wh_hl_01,ca.4115186,297
2026-09-28,ben_127_wh_hl_01,ca.4180271,160
2026-09-28,ben_127_wh_hl_01,ca.4238076,108
2026-09-28,ben_127_wh_hl_01,ca.4256255,48
2026-09-28,ben_127_wh_hl_01,ca.4268285,163
2026-09-28,ben_127_wh_hl_01,vinay.kumark,2
2026-09-28,ben_128_wh_hl_01,ca.4006893,116
2026-09-28,ben_128_wh_hl_01,ca.4107502,143
2026-09-28,ben_128_wh_hl_01,ca.4136928,51
2026-09-28,ben_128_wh_hl_01,ca.4205889,358
2026-09-28,ben_128_wh_hl_01,ca.4211985,9
2026-09-28,ben_128_wh_hl_01,ca.4234381,156
2026-09-28,ben_128_wh_hl_01,ca.4290546,84
2026-09-28,ben_128_wh_hl_01,ca.4306072,52
2026-09-28,ben_128_wh_hl_01,ca.4311307,70
2026-09-28,ben_128_wh_hl_01,ca.4324779,116
2026-09-28,ben_128_wh_hl_01,ca.4324784,81
2026-09-28,ben_128_wh_hl_01,ca.4342588,2
2026-09-28,ben_128_wh_hl_01,ca.4355082,104
2026-09-28,ben_128_wh_hl_01,ca.4377038,106
2026-09-28,ben_128_wh_hl_01,ca.4378430,129
2026-09-28,ben_128_wh_hl_01,ca.4386407,58
2026-09-28,ben_128_wh_hl_01,ca.4386483,6
2026-09-28,ben_128_wh_hl_01,ullikantireddy.vc,6
2026-09-28,ben_133_wh_hl_01,ca.3413600,154
2026-09-28,ben_133_wh_hl_01,ca.3834918,391
2026-09-28,ben_133_wh_hl_01,ca.3917283,263
2026-09-28,ben_133_wh_hl_01,ca.3917294,47
2026-09-28,ben_133_wh_hl_01,ca.3998797,127
2026-09-28,ben_133_wh_hl_01,ca.4043118,105
2026-09-28,ben_133_wh_hl_01,ca.4221931,42
2026-09-28,ben_133_wh_hl_01,ca.4258544,268
2026-09-28,ben_133_wh_hl_01,ca.4272900,179
2026-09-28,ben_133_wh_hl_01,malingarayam.3plpha7,53
2026-09-28,ben_135_wh_hl_01,ca.3764546,489
2026-09-28,ben_135_wh_hl_01,ca.3894946,9
2026-09-28,ben_135_wh_hl_01,ca.4059977,485
2026-09-28,ben_135_wh_hl_01,ca.4063454,341
2026-09-28,ben_135_wh_hl_01,ca.4086505,83
2026-09-28,ben_135_wh_hl_01,ca.4106890,739
2026-09-28,ben_135_wh_hl_01,ca.4187585,1368
2026-09-28,ben_135_wh_hl_01,ca.4243505,444
2026-09-28,ben_135_wh_hl_01,praveenkumary.vc,1346
2026-09-28,ben_136_wh_hl_01,ca.4182462,29
2026-09-28,ben_136_wh_hl_01,ca.4346192,127
2026-09-28,ben_136_wh_hl_01,ca.4349448,143
2026-09-28,ben_137_wh_hl_01,ca.4122580,111
2026-09-28,ben_137_wh_hl_01,ca.4215964,732
2026-09-28,ben_137_wh_hl_01,ca.4286199,5
2026-09-28,ben_137_wh_hl_01,ca.4295579,142
2026-09-28,ben_137_wh_hl_01,ca.4305017,149
2026-09-28,ben_137_wh_hl_01,ca.4305019,975
2026-09-28,ben_137_wh_hl_01,ca.4338459,110
2026-09-28,ben_137_wh_hl_01,mdehsanansari.vc,2
2026-09-28,ben_138_wh_hl_01,ca.4150468,92
2026-09-28,ben_138_wh_hl_01,ca.4223710,48
2026-09-28,ben_140_wh_hl_01,ca.3789135,333
2026-09-28,ben_140_wh_hl_01,ca.3987388,310
2026-09-28,ben_140_wh_hl_01,ca.4051460,183
2026-09-28,ben_140_wh_hl_01,ca.4103277,1038
2026-09-28,ben_140_wh_hl_01,ca.4215737,440
2026-09-28,ben_140_wh_hl_01,ca.4282478,632
2026-09-28,ben_141_wh_hl_01,ca.3495116,56
2026-09-28,ben_141_wh_hl_01,ca.3601739,109
2026-09-28,ben_141_wh_hl_01,ca.3708339,53
2026-09-28,ben_141_wh_hl_01,ca.3771619,116
2026-09-28,ben_141_wh_hl_01,ca.3857640,38
2026-09-28,ben_141_wh_hl_01,ca.3899544,28
2026-09-28,ben_143_wh_hl_01,bonalat.vc,1
2026-09-28,ben_143_wh_hl_01,ca.3847273,486
2026-09-28,ben_143_wh_hl_01,ca.3991692,6
2026-09-28,ben_143_wh_hl_01,ca.4067728,227
2026-09-28,ben_143_wh_hl_01,ca.4228523,143
2026-09-28,ben_143_wh_hl_01,ca.4281574,305
2026-09-28,ben_143_wh_hl_01,ca.4284246,92
2026-09-28,ben_143_wh_hl_01,ca.4289625,184
2026-09-28,ben_143_wh_hl_01,ca.4294575,770
2026-09-28,ben_143_wh_hl_01,ca.4299143,327
2026-09-28,ben_143_wh_hl_01,ca.4317500,222
2026-09-28,ben_143_wh_hl_01,ca.4317557,210
2026-09-28,ben_143_wh_hl_01,praveenmk.vc,13
2026-09-28,ben_144_wh_hl_01,ca.3479738,26
2026-09-28,ben_144_wh_hl_01,ca.3901472,184
2026-09-28,ben_144_wh_hl_01,ca.3969515,329
2026-09-28,ben_144_wh_hl_01,ca.3981751,175
2026-09-28,ben_144_wh_hl_01,ca.4152395,146
2026-09-28,ben_144_wh_hl_01,ca.4158244,1304
2026-09-28,ben_144_wh_hl_01,ca.4193595,280
2026-09-28,ben_144_wh_hl_01,ca.4307013,136
2026-09-28,ben_144_wh_hl_01,sreevathsaj.vc,5
2026-09-28,ben_145_wh_hl_01,ca.3874370,491
2026-09-28,ben_145_wh_hl_01,ca.4037584,472
2026-09-28,ben_145_wh_hl_01,ca.4189600,220
2026-09-28,ben_145_wh_hl_01,ca.4259773,145
2026-09-28,ben_145_wh_hl_01,ca.4289662,4
2026-09-28,ben_145_wh_hl_01,ca.4304955,353
2026-09-28,ben_145_wh_hl_01,ca.4325645,1
2026-09-28,ben_145_wh_hl_01,ca.4350969,417
2026-09-28,ben_145_wh_hl_01,ca.4373832,2
2026-09-28,ben_145_wh_hl_01,harshac.vc,346
2026-09-28,ben_147_wh_hl_01,ca.4252230,555
2026-09-28,ben_147_wh_hl_01,ca.4320568,154
2026-09-28,ben_150_wh_hl_01,abhikumarr.vc,5
2026-09-28,ben_150_wh_hl_01,ca.4047229,64
2026-09-28,ben_150_wh_hl_01,ca.4062490,335
2026-09-28,ben_150_wh_hl_01,ca.4091178,311
2026-09-28,ben_150_wh_hl_01,ca.4092626,41
2026-09-28,ben_150_wh_hl_01,ca.4246375,399
2026-09-28,ben_150_wh_hl_01,ca.4359882,322
2026-09-28,ben_150_wh_hl_01,ca.4360983,449
2026-09-28,ben_152_wh_hl_01,ca.4001300,129
2026-09-28,ben_152_wh_hl_01,ca.4039192,1
2026-09-28,ben_152_wh_hl_01,ca.4039512,118
2026-09-28,ben_152_wh_hl_01,ca.4261466,95
2026-09-28,ben_152_wh_hl_01,ca.4276192,176
2026-09-28,ben_152_wh_hl_01,ca.4279520,270
2026-09-28,ben_152_wh_hl_01,ca.4288671,396
2026-09-28,ben_153_wh_hl_01,ca.3781127,206
2026-09-28,ben_153_wh_hl_01,ca.3866620,4
2026-09-28,ben_153_wh_hl_01,ca.4201726,564
2026-09-28,ben_153_wh_hl_01,ca.4264128,373
2026-09-28,ben_153_wh_hl_01,ca.4313124,333
2026-09-28,ben_155_wh_hl_01,ca.4117894,1
2026-09-28,ben_155_wh_hl_01,surykantpatel.vc,8
2026-09-28,ben_160_wh_hl_01,ca.3896979,2
2026-09-28,ben_160_wh_hl_01,ca.4003910,27
2026-09-28,ben_160_wh_hl_01,ca.4042908,67
2026-09-28,ben_160_wh_hl_01,ca.4228529,2
2026-09-28,ben_160_wh_hl_01,ca.4232511,3
2026-09-28,ben_160_wh_hl_01,harekrushnam2.vc,10
2026-09-28,ben_162_wh_hl_01,ca.3934891,97
2026-09-28,ben_162_wh_hl_01,ca.3934892,112
2026-09-28,ben_162_wh_hl_01,ca.3941206,433
2026-09-28,ben_162_wh_hl_01,ca.3995553,182
2026-09-28,ben_162_wh_hl_01,ca.4147242,249
2026-09-28,ben_162_wh_hl_01,ca.4171566,113
2026-09-28,ben_162_wh_hl_01,ca.4197026,660
2026-09-28,ben_162_wh_hl_01,ca.4236998,944
2026-09-28,ben_162_wh_hl_01,ca.4322520,61
2026-09-28,ben_162_wh_hl_01,ca.4343609,23
2026-09-28,ben_162_wh_hl_01,ca.4343613,522
2026-09-28,ben_162_wh_hl_01,ca.4367405,265
2026-09-28,ben_162_wh_hl_01,ca.4391639,186
2026-09-28,ben_162_wh_hl_01,maruthipn.vc,101
2026-09-28,ben_163_wh_hl_01,ca.4207314,11
2026-09-28,ben_163_wh_hl_01,ca.4269962,65
2026-09-28,ben_163_wh_hl_01,ca.4274537,1
2026-09-28,ben_163_wh_hl_01,ca.4297778,7
2026-09-28,ben_163_wh_hl_01,ca.4316075,22
2026-09-28,ben_163_wh_hl_01,ca.4321746,28
2026-09-28,ben_163_wh_hl_01,ca.4344935,122
2026-09-28,ben_163_wh_hl_01,ca.4371551,29
2026-09-28,ben_163_wh_hl_01,ca.4372079,76
2026-09-28,ben_166_wh_hl_01,ca.3944154,3
2026-09-28,ben_166_wh_hl_01,ca.4007226,293
2026-09-28,ben_166_wh_hl_01,ca.4182384,110
2026-09-28,ben_166_wh_hl_01,ca.4197518,105
2026-09-28,ben_166_wh_hl_01,ca.4223260,167
2026-09-28,ben_166_wh_hl_01,ca.4257280,228
2026-09-28,ben_166_wh_hl_01,ca.4278378,119
2026-09-28,ben_166_wh_hl_01,ca.4281634,115
2026-09-28,ben_166_wh_hl_01,ca.4281642,96
2026-09-28,ben_167_wh_hl_01,ca.3983318,89
2026-09-28,ben_167_wh_hl_01,ca.3998001,3
2026-09-28,ben_167_wh_hl_01,ca.4025406,147
2026-09-28,ben_167_wh_hl_01,ca.4026252,15
2026-09-28,ben_167_wh_hl_01,mojeshs.vc,1
2026-09-28,ben_172_wh_hl_01,ca.3734481,28
2026-09-28,ben_172_wh_hl_01,ca.3856289,129
2026-09-28,ben_172_wh_hl_01,ca.4190305,32
2026-09-28,ben_172_wh_hl_01,ca.4194780,104
2026-09-28,ben_172_wh_hl_01,ca.4283720,517
2026-09-28,ben_172_wh_hl_01,ca.4283726,10
2026-09-28,ben_172_wh_hl_01,ca.4286466,28
2026-09-28,ben_172_wh_hl_01,ca.4358805,27
2026-09-28,ben_172_wh_hl_01,ca.4379537,2
2026-09-28,ben_172_wh_hl_01,ca.4391544,98
2026-09-28,ben_172_wh_hl_01,ca.4392377,79
2026-09-28,ben_174_wh_hl_01,ca.3990724,223
2026-09-28,ben_174_wh_hl_01,ca.4072796,242
2026-09-28,ben_174_wh_hl_01,ca.4141628,34
2026-09-28,ben_174_wh_hl_01,ca.4233365,65
2026-09-28,ben_174_wh_hl_01,ca.4284004,53
2026-09-28,ben_174_wh_hl_01,ca.4344603,106
2026-09-28,ben_174_wh_hl_01,ca.4357334,41
2026-09-28,ben_174_wh_hl_01,madhann.vc,15
2026-09-28,ben_176_wh_hl_01,ca.4222273,50
2026-09-28,ben_176_wh_hl_01,ca.4296618,41
2026-09-28,ben_178_wh_hl_01,ca.3679508,395
2026-09-28,ben_178_wh_hl_01,ca.3679515,6
2026-09-28,ben_178_wh_hl_01,ca.3722017,60
2026-09-28,ben_178_wh_hl_01,ca.3786936,206
2026-09-28,ben_178_wh_hl_01,ca.3859879,99
2026-09-28,ben_178_wh_hl_01,ca.3948462,267
2026-09-28,ben_178_wh_hl_01,ca.4044912,63
2026-09-28,ben_178_wh_hl_01,ca.4268277,137
2026-09-28,ben_178_wh_hl_01,ca.4386141,23
2026-09-28,ben_178_wh_hl_01,ca.4386753,62
2026-09-28,ben_179_wh_hl_01,ca.3832073,117
2026-09-28,ben_179_wh_hl_01,manojr3.vc,146
2026-09-28,ben_180_wh_hl_01,ca.4000048,18
2026-09-28,ben_180_wh_hl_01,ca.4136356,99
2026-09-28,ben_180_wh_hl_01,ca.4159021,24
2026-09-28,ben_180_wh_hl_01,ca.4349501,3
2026-09-28,ben_180_wh_hl_01,ca.4354220,112
2026-09-28,ben_180_wh_hl_01,ca.4359074,172
2026-09-28,ben_184_wh_hl_01,ca.4053352,442
2026-09-28,ben_184_wh_hl_01,ca.4221115,357
2026-09-28,ben_184_wh_hl_01,ca.4286504,418
2026-09-28,ben_184_wh_hl_01,ca.4286506,11
2026-09-28,ben_184_wh_hl_01,ca.4371101,607
2026-09-28,ben_184_wh_hl_01,ca.4375634,504
2026-09-28,ben_184_wh_hl_01,padmap.vc,527
2026-09-28,ben_185_wh_hl_01,ca.4067298,343
2026-09-28,ben_185_wh_hl_01,ca.4145435,12
2026-09-28,ben_185_wh_hl_01,ca.4161536,99
2026-09-28,ben_185_wh_hl_01,ca.4262850,522
2026-09-28,ben_185_wh_hl_01,ca.4272888,14
2026-09-28,ben_185_wh_hl_01,ca.4281327,141
2026-09-28,ben_185_wh_hl_01,ca.4320301,493
2026-09-28,ben_185_wh_hl_01,koushikhr.vc,1
2026-09-28,ben_186_wh_hl_01,ca.3755751,24
2026-09-28,ben_186_wh_hl_01,ca.3972712,134
2026-09-28,ben_186_wh_hl_01,ca.3972714,1
2026-09-28,ben_186_wh_hl_01,ca.4044245,305
2026-09-28,ben_186_wh_hl_01,ca.4066572,9
2026-09-28,ben_186_wh_hl_01,ca.4083105,32
2026-09-28,ben_186_wh_hl_01,ca.4254081,479
2026-09-28,ben_186_wh_hl_01,ca.4274650,56
2026-09-28,ben_186_wh_hl_01,ca.4279343,190
2026-09-28,ben_186_wh_hl_01,ca.4289814,324
2026-09-28,ben_186_wh_hl_01,ca.4332256,81
2026-09-28,ben_191_wh_hl_01,ca.4288478,115
2026-09-28,ben_191_wh_hl_01,ca.4297526,68
2026-09-28,ben_193_wh_hl_01,ca.3955978,431
2026-09-28,ben_193_wh_hl_01,ca.3974341,215
2026-09-28,ben_193_wh_hl_01,ca.3983127,35
2026-09-28,ben_193_wh_hl_01,ca.4000051,898
2026-09-28,ben_193_wh_hl_01,ca.4128171,767
2026-09-28,ben_193_wh_hl_01,ca.4227384,45
2026-09-28,ben_193_wh_hl_01,ca.4245186,294
2026-09-28,ben_193_wh_hl_01,ca.4245199,27
2026-09-28,ben_193_wh_hl_01,ca.4265786,419
2026-09-28,ben_193_wh_hl_01,ca.4269873,375
2026-09-28,ben_193_wh_hl_01,ca.4298255,58
2026-09-28,ben_193_wh_hl_01,ca.4327094,106
2026-09-28,ben_193_wh_hl_01,ca.4361383,20
2026-09-28,ben_193_wh_hl_01,vamsigv.vc,3
2026-09-28,ben_194_wh_hl_01,ca.3903831,17
2026-09-28,ben_194_wh_hl_01,ca.3943285,382
2026-09-28,ben_194_wh_hl_01,ca.3951797,197
2026-09-28,ben_194_wh_hl_01,ca.4121813,81
2026-09-28,ben_194_wh_hl_01,ca.4129338,188
2026-09-28,ben_194_wh_hl_01,ca.4187633,442
2026-09-28,ben_194_wh_hl_01,ca.4196543,225
2026-09-28,ben_194_wh_hl_01,ca.4206645,22
2026-09-28,ben_194_wh_hl_01,ca.4214582,263
2026-09-28,ben_195_wh_hl_01,ca.3855244,89
2026-09-28,ben_195_wh_hl_01,ca.4035968,169
2026-09-28,ben_195_wh_hl_01,ca.4191552,329
2026-09-28,ben_195_wh_hl_01,ca.4230381,129
2026-09-28,ben_195_wh_hl_01,ca.4281802,16
2026-09-28,ben_195_wh_hl_01,ca.4292977,1
2026-09-28,ben_195_wh_hl_01,ca.4330432,141
2026-09-28,ben_195_wh_hl_01,ca.4343278,177
2026-09-28,ben_195_wh_hl_01,vijaycn.vc,1
2026-09-28,ben_195_wh_hl_01,yenugondas.vc,10
2026-09-28,ben_196_wh_hl_01,ca.3971636,113
2026-09-28,ben_196_wh_hl_01,ca.4143298,447
2026-09-28,ben_196_wh_hl_01,ca.4226138,429
2026-09-28,ben_196_wh_hl_01,ca.4255261,412
2026-09-28,ben_196_wh_hl_01,ca.4256453,388
2026-09-28,ben_196_wh_hl_01,ca.4361662,348
2026-09-28,ben_196_wh_hl_01,mohann2.vc,9
2026-09-28,ben_198_wh_hl_01,ca.3820531,15
2026-09-28,ben_198_wh_hl_01,ca.4049914,179
2026-09-28,ben_198_wh_hl_01,ca.4107328,5
2026-09-28,ben_198_wh_hl_01,ca.4163337,29
2026-09-28,ben_198_wh_hl_01,ca.4175324,223
2026-09-28,ben_198_wh_hl_01,ca.4252865,112
2026-09-28,ben_198_wh_hl_01,hemanthag.vc,25
2026-09-28,ben_201_wh_hl_01,arunkumarr1.vc,1
2026-09-28,ben_201_wh_hl_01,ca.4030417,510
2026-09-28,ben_201_wh_hl_01,ca.4170757,1
2026-09-28,ben_201_wh_hl_01,ca.4264157,70
2026-09-28,ben_201_wh_hl_01,ca.4264180,207
2026-09-28,ben_201_wh_hl_01,mallanagouda.3plben,106
2026-09-28,ben_204_wh_hl_01,ca.4163803,461
2026-09-28,ben_204_wh_hl_01,ca.4187002,136
2026-09-28,ben_204_wh_hl_01,ca.4234554,23
2026-09-28,ben_204_wh_hl_01,rajeshcc.vc,12
2026-09-28,ben_205_wh_hl_01,ca.4055986,152
2026-09-28,ben_205_wh_hl_01,ca.4173058,63
2026-09-28,ben_205_wh_hl_01,ca.4236569,23
2026-09-28,ben_205_wh_hl_01,ca.4276170,35
2026-09-28,ben_205_wh_hl_01,ca.4305872,100
2026-09-28,ben_205_wh_hl_01,rajashekarr2.vc,1
2026-09-28,ben_206_wh_hl_01,ca.4174347,71
2026-09-28,ben_206_wh_hl_01,ca.4223057,54
2026-09-28,ben_206_wh_hl_01,ca.4223918,208
2026-09-28,ben_206_wh_hl_01,puneethse.vc,92
2026-09-28,ben_210_wh_hl_01,ca.3873913,535
2026-09-28,ben_210_wh_hl_01,ca.3875026,29
2026-09-28,ben_210_wh_hl_01,ca.3911584,302
2026-09-28,ben_210_wh_hl_01,ca.4213200,441
2026-09-28,ben_210_wh_hl_01,ca.4248648,296
2026-09-28,ben_210_wh_hl_01,ca.4286162,534
2026-09-28,ben_210_wh_hl_01,riyazahmedhm.vc,316
2026-09-28,ben_214_wh_hl_01,ca.3960746,57
2026-09-28,ben_214_wh_hl_01,ca.4231462,120
2026-09-28,ben_214_wh_hl_01,ca.4251228,159
2026-09-28,ben_214_wh_hl_01,ca.4274000,13
2026-09-28,ben_214_wh_hl_01,ca.4284706,54
2026-09-28,ben_214_wh_hl_01,raghavendrap.vc,73
2026-09-28,ben_216_wh_hl_01,ca.3581618,7
2026-09-28,ben_216_wh_hl_01,ca.4113575,177
2026-09-28,ben_216_wh_hl_01,ca.4146285,3
2026-09-28,ben_216_wh_hl_01,ca.4149136,81
2026-09-28,ben_216_wh_hl_01,ca.4157104,227
2026-09-28,ben_216_wh_hl_01,ca.4258868,4
2026-09-28,ben_216_wh_hl_01,ca.4271360,93
2026-09-28,ben_216_wh_hl_01,ca.4359445,65
2026-09-28,ben_216_wh_hl_01,gurukiranhs.vc,1
2026-09-28,ben_216_wh_hl_01,nithishkumarn.vc,2
2026-09-28,ben_217_wh_hl_01,lma.100001569167,36
2026-09-28,ben_217_wh_hl_01,lma.100001569439,50
2026-09-28,ben_217_wh_hl_01,lma.100001569518,55
2026-09-28,ben_217_wh_hl_01,lma.100001569519,131
2026-09-28,ben_217_wh_hl_01,lma.100001569522,18
2026-09-28,ben_217_wh_hl_01,lma.100001586139,129
2026-09-28,ben_217_wh_hl_01,lma.100001592018,24
2026-09-28,ben_218_wh_hl_01,ca.3844089,11
2026-09-28,ben_218_wh_hl_01,ca.3901715,82
2026-09-28,ben_218_wh_hl_01,ca.4257606,53
2026-09-28,ben_218_wh_hl_01,ca.4265056,185
2026-09-28,ben_218_wh_hl_01,ca.4278489,11
2026-09-28,ben_218_wh_hl_01,ca.4288784,33
2026-09-28,ben_218_wh_hl_01,rohithkumarg2.vc,8
2026-09-28,ben_219_wh_hl_01,ca.4116536,243
2026-09-28,ben_219_wh_hl_01,ca.4197178,235
2026-09-28,ben_219_wh_hl_01,ca.4222313,125
2026-09-28,ben_219_wh_hl_01,ca.4225201,333
2026-09-28,ben_219_wh_hl_01,ca.4294916,356
2026-09-28,ben_219_wh_hl_01,ca.4372184,244
2026-09-28,ben_219_wh_hl_01,priyadharshing.vc,14
2026-09-28,ben_222_wh_hl_01,ca.4206359,86
2026-09-28,ben_222_wh_hl_01,ca.4206441,62
2026-09-28,ben_222_wh_hl_01,ca.4221518,138
2026-09-28,ben_222_wh_hl_01,ca.4223420,393
2026-09-28,ben_222_wh_hl_01,ca.4263747,96
2026-09-28,ben_222_wh_hl_01,ca.4345376,112
2026-09-28,ben_222_wh_hl_01,manojr2.vc,36
2026-09-28,ben_223_wh_hl_01,ca.3856428,111
2026-09-28,ben_223_wh_hl_01,ca.3858162,68
2026-09-28,ben_223_wh_hl_01,ca.3988746,331
2026-09-28,ben_223_wh_hl_01,ca.4046255,254
2026-09-28,ben_223_wh_hl_01,ca.4122478,81
2026-09-28,ben_223_wh_hl_01,ca.4262834,401
2026-09-28,ben_223_wh_hl_01,ca.4262859,97
2026-09-28,ben_223_wh_hl_01,ca.4278105,741
2026-09-28,ben_223_wh_hl_01,ca.4278122,22
2026-09-28,ben_223_wh_hl_01,samronoldom.vc,46
2026-09-28,ben_223_wh_hl_01,suryak1.vc,14
2026-09-28,ben_224_wh_hl_01,anjusagarta.vc,15
2026-09-28,ben_224_wh_hl_01,ca.4031245,250
2026-09-28,ben_224_wh_hl_01,ca.4180177,463
2026-09-28,ben_224_wh_hl_01,ca.4201340,128
2026-09-28,ben_224_wh_hl_01,ca.4276160,353
2026-09-28,ben_224_wh_hl_01,ca.4286052,510
2026-09-28,ben_224_wh_hl_01,ca.4304973,692
2026-09-28,ben_225_wh_hl_01,ca.3921959,1
2026-09-28,ben_225_wh_hl_01,ca.3940435,198
2026-09-28,ben_225_wh_hl_01,ca.3986363,7
2026-09-28,ben_225_wh_hl_01,ca.4030691,78
2026-09-28,ben_225_wh_hl_01,ca.4091679,2
2026-09-28,ben_225_wh_hl_01,ca.4200270,296
2026-09-28,ben_225_wh_hl_01,ca.4224117,86
2026-09-28,ben_225_wh_hl_01,ca.4234236,193
2026-09-28,ben_225_wh_hl_01,ca.4275412,360
2026-09-28,ben_225_wh_hl_01,ca.4346266,10
2026-09-28,ben_225_wh_hl_01,manug.vc,23
2026-09-28,ben_226_wh_hl_01,shahidkhan3.vc,3
2026-09-28,ben_227_wh_hl_01,ca.3828137,23
2026-09-28,ben_227_wh_hl_01,ca.4222711,66
2026-09-28,ben_227_wh_hl_01,ca.4229304,156
2026-09-28,ben_227_wh_hl_01,ca.4232269,24
2026-09-28,ben_227_wh_hl_01,ca.4235728,33
2026-09-28,ben_227_wh_hl_01,ca.4237856,58
2026-09-28,ben_227_wh_hl_01,ca.4279547,41
2026-09-28,ben_227_wh_hl_01,ca.4340569,47
2026-09-28,ben_227_wh_hl_01,ca.4371220,16
2026-09-28,ben_228_wh_hl_01,ca.4021200,31
2026-09-28,ben_228_wh_hl_01,ca.4148696,173
2026-09-28,ben_228_wh_hl_01,ca.4175587,53
2026-09-28,ben_228_wh_hl_01,ca.4210164,216
2026-09-28,ben_228_wh_hl_01,ca.4230991,39
2026-09-28,ben_228_wh_hl_01,ca.4255486,86
2026-09-28,ben_228_wh_hl_01,ca.4271480,49
2026-09-28,ben_228_wh_hl_01,ca.4356373,23
2026-09-28,ben_228_wh_hl_01,navyaha.vc,7
2026-09-28,ben_229_wh_hl_01,lma.100001521135,42
2026-09-28,ben_229_wh_hl_01,lma.100001521202,126
2026-09-28,ben_229_wh_hl_01,lma.100001521722,129
2026-09-28,ben_229_wh_hl_01,lma.100001543941,4
2026-09-28,ben_229_wh_hl_01,lma.100001647484,150
2026-09-28,ben_231_wh_hl_01,ca.4106325,155
2026-09-28,ben_231_wh_hl_01,ca.4125869,175
2026-09-28,ben_231_wh_hl_01,ca.4125978,77
2026-09-28,ben_231_wh_hl_01,ca.4126995,113
2026-09-28,ben_231_wh_hl_01,ca.4203111,164
2026-09-28,ben_231_wh_hl_01,santhoshkp1.vc,2
2026-09-28,ben_232_wh_hl_01,ca.4170005,2
2026-09-28,ben_234_wh_hl_01,ca.3864191,780
2026-09-28,ben_234_wh_hl_01,ca.4072807,483
2026-09-28,ben_234_wh_hl_01,ca.4128219,11
2026-09-28,ben_234_wh_hl_01,ca.4181610,129
2026-09-28,ben_234_wh_hl_01,ca.4191356,562
2026-09-28,ben_234_wh_hl_01,ca.4201348,53
2026-09-28,ben_234_wh_hl_01,ca.4207404,35
2026-09-28,ben_234_wh_hl_01,ca.4213351,2
2026-09-28,ben_234_wh_hl_01,ca.4221347,88
2026-09-28,ben_234_wh_hl_01,ca.4235460,126
2026-09-28,ben_234_wh_hl_01,jabirh.vc,691
2026-09-28,ben_235_wh_hl_01,anveshdeepak.vc,4
2026-09-28,ben_235_wh_hl_01,ca.4036109,41
2026-09-28,ben_235_wh_hl_01,ca.4230410,564
2026-09-28,ben_235_wh_hl_01,ca.4238233,136
2026-09-28,ben_235_wh_hl_01,ca.4317144,395
2026-09-28,ben_235_wh_hl_01,ca.4396761,123
2026-09-28,ben_235_wh_hl_01,ca.4397798,266
2026-09-28,ben_238_wh_hl_01,ca.3879778,5
2026-09-28,ben_238_wh_hl_01,ca.3880958,146
2026-09-28,ben_238_wh_hl_01,ca.4012303,96
2026-09-28,ben_238_wh_hl_01,ca.4046575,129
2026-09-28,ben_238_wh_hl_01,ca.4175565,226
2026-09-28,ben_240_wh_hl_01,lma.100001563491,28
2026-09-28,ben_240_wh_hl_01,lma.100001565110,29
2026-09-28,ben_240_wh_hl_01,lma.100001582128,129
2026-09-28,ben_240_wh_hl_01,lma.100001616377,42
2026-09-28,ben_241_wh_hl_01,abhishekk16.vc,931
2026-09-28,ben_241_wh_hl_01,ca.4107557,4
2026-09-28,ben_241_wh_hl_01,ca.4152445,7
2026-09-28,ben_241_wh_hl_01,ca.4331978,146
2026-09-28,ben_241_wh_hl_01,ca.4332003,447
2026-09-28,ben_241_wh_hl_01,ca.4349596,212
2026-09-28,ben_241_wh_hl_01,mohanns.vc,42
2026-09-28,ben_242_wh_hl_01,ca.4151828,100
2026-09-28,ben_242_wh_hl_01,ca.4203550,2
2026-09-28,ben_242_wh_hl_01,ca.4253655,71
2026-09-28,ben_242_wh_hl_01,ca.4318473,107
2026-09-28,ben_242_wh_hl_01,ca.4350291,152
2026-09-28,ben_242_wh_hl_01,maheshkumarg2.vc,11
2026-09-28,ben_243_wh_hl_01,ca.3929559,404
2026-09-28,ben_243_wh_hl_01,ca.3945783,260
2026-09-28,ben_243_wh_hl_01,ca.3946529,251
2026-09-28,ben_243_wh_hl_01,ca.4043166,144
2026-09-28,ben_243_wh_hl_01,ca.4233414,632
2026-09-28,ben_243_wh_hl_01,ca.4267375,429
2026-09-28,ben_243_wh_hl_01,suhash.vc,3
2026-09-28,ben_247_wh_hl_01,ca.4186573,6
2026-09-28,ben_247_wh_hl_01,sagarm1.vc,2
2026-09-28,ben_248_wh_hl_01,lma.100001604801,281
2026-09-28,ben_248_wh_hl_01,lma.100001614986,878
2026-09-28,ben_248_wh_hl_01,lma.100001615050,489
2026-09-28,ben_250_wh_hl_01,ca.4235060,36
2026-09-28,ben_250_wh_hl_01,ca.4262500,7
2026-09-28,ben_256_wh_hl_01,bhimisettyn.vc,3
2026-09-28,ben_256_wh_hl_01,ca.4101980,49
2026-09-28,ben_256_wh_hl_01,ca.4193638,366
2026-09-28,ben_256_wh_hl_01,ca.4215938,6
2026-09-28,ben_256_wh_hl_01,ca.4309797,67
2026-09-28,ben_257_wh_hl_01,ca.3950424,53
2026-09-28,ben_257_wh_hl_01,ca.4248845,240
2026-09-28,ben_257_wh_hl_01,ca.4260854,294
2026-09-28,ben_257_wh_hl_01,ca.4320014,301
2026-09-28,ben_257_wh_hl_01,ca.4320015,258
2026-09-28,ben_257_wh_hl_01,ca.4320016,366
2026-09-28,ben_257_wh_hl_01,ca.4320017,44
2026-09-28,ben_257_wh_hl_01,ca.4370073,14
2026-09-28,ben_257_wh_hl_01,rohitrajbs.vc,13
2026-09-28,ben_258_wh_hl_01,mamatha.g1,75
2026-09-28,ben_258_wh_hl_01,sanjays25.vc,106
2026-09-28,ben_265_wh_hl_01,lma.100001630120,5
2026-09-28,ben_265_wh_hl_01,lma.100001635482,64
2026-09-28,ben_265_wh_hl_01,lma.100001635528,26
2026-09-28,ben_278_wh_hl_01,ca.4299121,128
2026-09-28,ben_278_wh_hl_01,ca.4319858,163
2026-09-28,ben_278_wh_hl_01,ca.4341321,203
2026-09-28,ben_278_wh_hl_01,ctharun.vc,107
2026-09-28,ben_278_wh_hl_01,sreevatsaks.vc,82
2026-09-28,ben_286_wh_hl_01,lma.100001657732,1
2026-09-28,ben_287_wh_hl_01,lma.100001640744,257
2026-09-28,ben_287_wh_hl_01,lma.100001640767,43
2026-09-28,ben_287_wh_hl_01,lma.100001640989,49
2026-09-28,ben_287_wh_hl_01,lma.100001641002,47
2026-09-28,ben_287_wh_hl_01,lma.100001641004,84
2026-09-28,ben_287_wh_hl_01,lma.100001641434,261
2026-09-28,ben_287_wh_hl_01,lma.100001642568,233
2026-09-28,ben_288_wh_hl_01,ca.4344422,284
2026-09-28,ben_288_wh_hl_01,ca.4361936,705
2026-09-28,ben_288_wh_hl_01,ca.4371668,533
2026-09-28,ben_901_wh_hl_01,lma.100001617813,326
2026-09-28,ben_901_wh_hl_01,lma.100001617975,552
2026-09-28,ben_901_wh_hl_01,lma.100001618024,342
2026-09-28,ben_901_wh_hl_01,lma.100001622180,8
2026-09-28,ben_901_wh_hl_01,lma.100001622188,435
2026-09-28,ben_901_wh_hl_01,lma.100001629957,7
2026-09-28,ben_908_wh_hl_01,lma.100001636896,2
2026-09-28,ben_908_wh_hl_01,lma.100001656009,225
2026-09-28,ben_917_wh_hl_01,ca.4098181,126
2026-09-28,ben_917_wh_hl_01,ca.4172985,658
2026-09-28,ben_917_wh_hl_01,ca.4199212,65
2026-09-28,ben_917_wh_hl_01,ca.4205593,97
2026-09-28,ben_917_wh_hl_01,ca.4222375,385
2026-09-28,ben_917_wh_hl_01,ca.4225112,196
2026-09-28,ben_917_wh_hl_01,ca.4266481,325
2026-09-28,ben_917_wh_hl_01,ca.4361936,169
2026-09-28,ben_917_wh_hl_01,raushankumar18.vc,14
2026-09-28,bhp_104_wh_hl_01,ca.3977899,6
2026-09-28,bhp_104_wh_hl_01,ca.4175760,101
2026-09-28,bhp_104_wh_hl_01,ca.4206957,24
2026-09-28,bhp_104_wh_hl_01,ca.4282283,38
2026-09-28,bhp_104_wh_hl_01,ca.4301316,148
2026-09-28,bhp_106_wh_hl_01,ca.4053932,16
2026-09-28,bhp_106_wh_hl_01,ca.4057995,41
2026-09-28,bhp_106_wh_hl_01,ca.4101332,90
2026-09-28,bhp_106_wh_hl_01,vinodv5.vc,2
2026-09-28,bhp_107_wh_hl_01,arbazahmad.vc,3
2026-09-28,bhp_107_wh_hl_01,ca.4028849,39
2026-09-28,bhp_107_wh_hl_01,ca.4028854,103
2026-09-28,bhp_107_wh_hl_01,ca.4029044,79
2026-09-28,bhp_107_wh_hl_01,ca.4036742,25
2026-09-28,bhp_107_wh_hl_01,ca.4256518,47
2026-09-28,bhp_108_wh_hl_01,ashokmewada.vc,68
2026-09-28,bhp_108_wh_hl_01,ca.3992435,62
2026-09-28,bhp_108_wh_hl_01,ca.4056891,18
2026-09-28,bhp_108_wh_hl_01,ca.4172995,32
2026-09-28,bhp_108_wh_hl_01,ca.4222242,184
2026-09-28,bhp_108_wh_hl_01,rajeshgurjar.vc,3
2026-09-28,bhp_109_wh_hl_01,ca.4315481,18
2026-09-28,bhp_109_wh_hl_01,ca.4315538,3
2026-09-28,bhp_109_wh_hl_01,rishir5.vc,1
2026-09-28,bhu_101_wh_hl_01,ca.3955319,970
2026-09-28,bhu_101_wh_hl_01,ca.3966386,507
2026-09-28,bhu_101_wh_hl_01,ca.4051052,767
2026-09-28,bhu_101_wh_hl_01,ca.4058694,60
2026-09-28,bhu_101_wh_hl_01,ca.4170591,822
2026-09-28,bhu_101_wh_hl_01,ca.4203928,350
2026-09-28,bhu_101_wh_hl_01,ca.4205010,326
2026-09-28,bhu_101_wh_hl_01,himanshupatra.vc,5
2026-09-28,bhu_103_wh_hl_01,ca.3965243,12
2026-09-28,bhu_103_wh_hl_01,ca.3965423,13
2026-09-28,bhu_103_wh_hl_01,ca.3966247,302
2026-09-28,bhu_103_wh_hl_01,ca.4281553,148
2026-09-28,bhu_103_wh_hl_01,ca.4401108,4
2026-09-28,bhu_103_wh_hl_01,ca.4401110,40
2026-09-28,bhu_103_wh_hl_01,maheswarsahu.vc,134
2026-09-28,bhu_105_wh_hl_01,ca.4043661,295
2026-09-28,bhu_105_wh_hl_01,ca.4043788,328
2026-09-28,bhu_105_wh_hl_01,ca.4049768,261
2026-09-28,bhu_105_wh_hl_01,ca.4224815,412
2026-09-28,bhu_105_wh_hl_01,soumyakar.vc,32
2026-09-28,bhu_106_wh_hl_01,ca.4134569,51
2026-09-28,bhu_106_wh_hl_01,ca.4140022,199
2026-09-28,bhu_106_wh_hl_01,ca.4329632,159
2026-09-28,bhu_106_wh_hl_01,ca.4336249,118
2026-09-28,bhu_106_wh_hl_01,ca.4338400,553
2026-09-28,bhu_106_wh_hl_01,jyotir2.vc,40
2026-09-28,bhu_107_wh_hl_01,ca.4160440,541
2026-09-28,bhu_107_wh_hl_01,ca.4160466,464
2026-09-28,bhu_107_wh_hl_01,ca.4241846,479
2026-09-28,bhu_107_wh_hl_01,ca.4274501,366
2026-09-28,bhu_107_wh_hl_01,ritusmitap.vc,221
2026-09-28,bhu_107_wh_hl_01,sarajkumardas.vc,12
2026-09-28,bhu_108_wh_hl_01,ca.3846292,712
2026-09-28,bhu_108_wh_hl_01,ca.4132273,77
2026-09-28,bhu_108_wh_hl_01,ca.4217934,808
2026-09-28,bhu_108_wh_hl_01,ca.4244061,288
2026-09-28,bhu_108_wh_hl_01,ca.4244066,137
2026-09-28,bhu_108_wh_hl_01,ca.4245176,491
2026-09-28,bhu_108_wh_hl_01,rudranarayans1.vc,233
2026-09-28,bhu_109_wh_hl_01,bikashc.vc,2
2026-09-28,bhu_109_wh_hl_01,ca.4302952,465
2026-09-28,bhu_109_wh_hl_01,ca.4309801,16
2026-09-28,bhu_109_wh_hl_01,ca.4381564,403
2026-09-28,bhu_109_wh_hl_01,satyabratanayak.vc,412
2026-09-28,bhu_110_wh_hl_01,ca.4236019,190
2026-09-28,bhu_110_wh_hl_01,ca.4244836,150
2026-09-28,bhu_110_wh_hl_01,jibansahoo.vc,231
2026-09-28,bhu_115_wh_hl_01,ca.4192431,14
2026-09-28,bhu_115_wh_hl_01,ca.4192845,39
2026-09-28,cha_102_wh_hl_01,ca.4037372,446
2026-09-28,cha_102_wh_hl_01,ca.4042601,665
2026-09-28,cha_102_wh_hl_01,ca.4048612,573
2026-09-28,cha_102_wh_hl_01,ca.4157696,13
2026-09-28,cha_102_wh_hl_01,ca.4245831,402
2026-09-28,cha_102_wh_hl_01,ca.4268500,275
2026-09-28,cha_102_wh_hl_01,mohdmurtza.vc,11
2026-09-28,cha_104_wh_hl_01,ca.3833202,862
2026-09-28,cha_104_wh_hl_01,ca.3996714,392
2026-09-28,cha_104_wh_hl_01,ca.4224008,439
2026-09-28,cha_104_wh_hl_01,ca.4266521,11
2026-09-28,cha_104_wh_hl_01,ca.4273850,475
2026-09-28,cha_104_wh_hl_01,ca.4273856,160
2026-09-28,cha_104_wh_hl_01,ca.4350708,21
2026-09-28,cha_104_wh_hl_01,ca.4379917,131
2026-09-28,cha_104_wh_hl_01,ca.4379943,280
2026-09-28,cha_104_wh_hl_01,sawans.vc,14
2026-09-28,cha_107_wh_hl_01,ca.3722486,62
2026-09-28,cha_107_wh_hl_01,ca.4324610,19
2026-09-28,cha_107_wh_hl_01,ca.4324614,53
2026-09-28,cha_107_wh_hl_01,ca.4378367,84
2026-09-28,cha_107_wh_hl_01,ca.4379202,91
2026-09-28,cha_108_wh_hl_01,ca.3841141,594
2026-09-28,cha_108_wh_hl_01,ca.3851488,41
2026-09-28,cha_108_wh_hl_01,ca.3854337,893
2026-09-28,cha_108_wh_hl_01,ca.3897909,566
2026-09-28,cha_108_wh_hl_01,ca.3919385,598
2026-09-28,cha_108_wh_hl_01,ramyadav2.vc,7
2026-09-28,che_101_wh_hl_02,arivumania.vc,11
2026-09-28,che_101_wh_hl_02,ca.3698088,727
2026-09-28,che_101_wh_hl_02,ca.4176483,1026
2026-09-28,che_101_wh_hl_02,ca.4263365,8
2026-09-28,che_101_wh_hl_02,ca.4271724,294
2026-09-28,che_101_wh_hl_02,ca.4294097,608
2026-09-28,che_102_wh_hl_01,ca.4049702,2
2026-09-28,che_102_wh_hl_01,ca.4051658,202
2026-09-28,che_102_wh_hl_01,ca.4071739,384
2026-09-28,che_102_wh_hl_01,ca.4202108,361
2026-09-28,che_102_wh_hl_01,ca.4272694,210
2026-09-28,che_102_wh_hl_01,gokulrajs.vc,5
2026-09-28,che_103_wh_hl_01,arshathahameds.vc,321
2026-09-28,che_103_wh_hl_01,ca.3575542,406
2026-09-28,che_103_wh_hl_01,ca.3958244,272
2026-09-28,che_103_wh_hl_01,ca.4202228,1178
2026-09-28,che_103_wh_hl_01,ca.4341486,468
2026-09-28,che_104_wh_hl_01,ca.3515545,322
2026-09-28,che_104_wh_hl_01,ca.3516937,287
2026-09-28,che_104_wh_hl_01,ca.3533235,1
2026-09-28,che_104_wh_hl_01,ca.3940514,114
2026-09-28,che_104_wh_hl_01,ca.3964612,222
2026-09-28,che_104_wh_hl_01,ca.4265640,83
2026-09-28,che_104_wh_hl_01,ca.4306921,79
2026-09-28,che_104_wh_hl_01,ca.4344742,7
2026-09-28,che_104_wh_hl_01,ca.4367735,61
2026-09-28,che_105_wh_hl_01,ca.3850638,1
2026-09-28,che_105_wh_hl_01,ca.4056680,1123
2026-09-28,che_105_wh_hl_01,ca.4096836,1090
2026-09-28,che_105_wh_hl_01,ca.4164417,112
2026-09-28,che_105_wh_hl_01,ca.4265333,903
2026-09-28,che_105_wh_hl_01,ca.4384559,1
2026-09-28,che_107_wh_hl_01,ca.4024258,314
2026-09-28,che_107_wh_hl_01,ca.4168740,226
2026-09-28,che_107_wh_hl_01,ca.4175462,444
2026-09-28,che_107_wh_hl_01,ca.4190671,66
2026-09-28,che_107_wh_hl_01,ca.4222723,1403
2026-09-28,che_107_wh_hl_01,ca.4239117,1
2026-09-28,che_107_wh_hl_01,ca.4271546,291
2026-09-28,che_107_wh_hl_01,ca.4271810,435
2026-09-28,che_107_wh_hl_01,ca.4276558,521
2026-09-28,che_107_wh_hl_01,manjithm.vc,67
2026-09-28,che_107_wh_hl_01,tamilchitraraa.vc,61
2026-09-28,che_110_wh_hl_01,ca.4147523,88
2026-09-28,che_110_wh_hl_01,ca.4209984,46
2026-09-28,che_110_wh_hl_01,ca.4236437,42
2026-09-28,che_111_wh_hl_01,ca.3570860,49
2026-09-28,che_111_wh_hl_01,ca.3982366,394
2026-09-28,che_111_wh_hl_01,ca.4111635,157
2026-09-28,che_111_wh_hl_01,ca.4271387,385
2026-09-28,che_111_wh_hl_01,ca.4395869,222
2026-09-28,che_114_wh_hl_01,ca.3557338,406
2026-09-28,che_114_wh_hl_01,ca.3754795,269
2026-09-28,che_114_wh_hl_01,ca.4078187,14
2026-09-28,che_114_wh_hl_01,ca.4170536,128
2026-09-28,che_114_wh_hl_01,ca.4202580,92
2026-09-28,che_114_wh_hl_01,ca.4207363,144
2026-09-28,che_114_wh_hl_01,ca.4210987,161
2026-09-28,che_114_wh_hl_01,ca.4241105,174
2026-09-28,che_114_wh_hl_01,ca.4257921,633
2026-09-28,che_114_wh_hl_01,ca.4271429,272
2026-09-28,che_114_wh_hl_01,ca.4317683,169
2026-09-28,che_114_wh_hl_01,ca.4341271,51
2026-09-28,che_115_wh_hl_01,ca.3538946,204
2026-09-28,che_115_wh_hl_01,ca.3541736,469
2026-09-28,che_115_wh_hl_01,ca.3693111,339
2026-09-28,che_115_wh_hl_01,ca.3997754,29
2026-09-28,che_116_wh_hl_01,ca.4078169,211
2026-09-28,che_116_wh_hl_01,ca.4202307,698
2026-09-28,che_116_wh_hl_01,ca.4226620,132
2026-09-28,che_116_wh_hl_01,ca.4228284,399
2026-09-28,che_116_wh_hl_01,ca.4252966,452
2026-09-28,che_116_wh_hl_01,ca.4305916,546
2026-09-28,che_116_wh_hl_01,ca.4320622,1
2026-09-28,che_116_wh_hl_01,ca.4341698,280
2026-09-28,che_116_wh_hl_01,sivakumars3.vc,11
2026-09-28,che_118_wh_hl_01,ca.3943882,1
2026-09-28,che_118_wh_hl_01,ca.3948894,284
2026-09-28,che_118_wh_hl_01,ca.3948908,511
2026-09-28,che_118_wh_hl_01,ca.4093406,18
2026-09-28,che_118_wh_hl_01,ca.4202304,615
2026-09-28,che_118_wh_hl_01,ca.4261494,117
2026-09-28,che_118_wh_hl_01,gnanagurug.vc,14
2026-09-28,che_118_wh_hl_01,harishs6.vc,168
2026-09-28,che_120_wh_hl_01,ca.4114537,673
2026-09-28,che_120_wh_hl_01,ca.4157952,319
2026-09-28,che_120_wh_hl_01,ca.4225217,208
2026-09-28,che_120_wh_hl_01,ca.4235559,150
2026-09-28,che_120_wh_hl_01,ca.4282487,8
2026-09-28,che_120_wh_hl_01,ca.4379456,253
2026-09-28,che_120_wh_hl_01,ca.4391300,207
2026-09-28,che_121_wh_hl_01,ca.3829570,768
2026-09-28,che_121_wh_hl_01,ca.4065244,240
2026-09-28,che_121_wh_hl_01,ca.4090085,318
2026-09-28,che_121_wh_hl_01,ca.4159469,153
2026-09-28,che_121_wh_hl_01,ca.4298041,608
2026-09-28,che_122_wh_hl_01,ca.4079955,230
2026-09-28,che_122_wh_hl_01,ca.4079956,301
2026-09-28,che_122_wh_hl_01,ca.4174778,239
2026-09-28,che_122_wh_hl_01,ca.4188016,347
2026-09-28,che_123_wh_hl_01,ca.3816517,348
2026-09-28,che_123_wh_hl_01,ca.3943910,365
2026-09-28,che_123_wh_hl_01,ca.4183671,657
2026-09-28,che_123_wh_hl_01,ca.4203780,2
2026-09-28,che_123_wh_hl_01,nareshrajini.vc,21
2026-09-28,che_123_wh_hl_01,shakthisvaranm.vc,210
2026-09-28,che_124_wh_hl_01,ajithkumard1.vc,12
2026-09-28,che_124_wh_hl_01,ca.3911146,521
2026-09-28,che_124_wh_hl_01,ca.4138913,53
2026-09-28,che_124_wh_hl_01,ca.4179677,547
2026-09-28,che_124_wh_hl_01,ca.4268047,102
2026-09-28,che_124_wh_hl_01,ca.4269268,172
2026-09-28,che_124_wh_hl_01,ca.4281884,376
2026-09-28,che_124_wh_hl_01,ca.4396494,374
2026-09-28,che_124_wh_hl_01,musthaqeema.vc,321
2026-09-28,che_125_wh_hl_01,ca.3902063,19
2026-09-28,che_125_wh_hl_01,ca.4007738,47
2026-09-28,che_125_wh_hl_01,ca.4071021,499
2026-09-28,che_125_wh_hl_01,ca.4079999,1
2026-09-28,che_125_wh_hl_01,ca.4089950,284
2026-09-28,che_125_wh_hl_01,ca.4150982,634
2026-09-28,che_125_wh_hl_01,ca.4182738,204
2026-09-28,che_125_wh_hl_01,ca.4186282,106
2026-09-28,che_125_wh_hl_01,ca.4228926,197
2026-09-28,che_125_wh_hl_01,ca.4269487,229
2026-09-28,che_125_wh_hl_01,ca.4337989,25
2026-09-28,che_125_wh_hl_01,ca.4386100,587
2026-09-28,che_125_wh_hl_01,ca.4391291,102
2026-09-28,che_126_wh_hl_01,ca.3674556,285
2026-09-28,che_126_wh_hl_01,ca.3742864,120
2026-09-28,che_126_wh_hl_01,ca.3862998,2
2026-09-28,che_126_wh_hl_01,ca.3958143,158
2026-09-28,che_126_wh_hl_01,ca.3990910,604
2026-09-28,che_126_wh_hl_01,ca.4244481,960
2026-09-28,che_126_wh_hl_01,ca.4301153,517
2026-09-28,che_126_wh_hl_01,ca.4368879,493
2026-09-28,che_126_wh_hl_01,sundarm.vc,9
2026-09-28,che_130_wh_hl_01,ca.3942085,46
2026-09-28,che_130_wh_hl_01,ca.4250365,292
2026-09-28,che_130_wh_hl_01,ca.4261965,268
2026-09-28,che_130_wh_hl_01,irudayaalens.vc,494
2026-09-28,che_132_wh_hl_01,ca.3618738,86
2026-09-28,che_132_wh_hl_01,ca.3629732,289
2026-09-28,che_132_wh_hl_01,ca.3744239,182
2026-09-28,che_132_wh_hl_01,ca.3761605,76
2026-09-28,che_132_wh_hl_01,ca.3974866,130
2026-09-28,che_132_wh_hl_01,ca.4225438,86
2026-09-28,che_132_wh_hl_01,pradeep.c,4
2026-09-28,che_134_wh_hl_01,ajaij.vc,229
2026-09-28,che_134_wh_hl_01,akash.k1,141
2026-09-28,che_134_wh_hl_01,ca.4062028,491
2026-09-28,che_134_wh_hl_01,ca.4115507,24
2026-09-28,che_134_wh_hl_01,ca.4247405,838
2026-09-28,che_134_wh_hl_01,ca.4299597,441
2026-09-28,che_135_wh_hl_01,ca.3869729,793
2026-09-28,che_135_wh_hl_01,ca.3925695,19
2026-09-28,che_135_wh_hl_01,ca.3926436,102
2026-09-28,che_135_wh_hl_01,ca.4306725,616
2026-09-28,che_135_wh_hl_01,mohammedafrosey.vc,461
2026-09-28,che_136_wh_hl_01,ca.4019787,254
2026-09-28,che_136_wh_hl_01,ca.4021543,408
2026-09-28,che_136_wh_hl_01,ca.4023270,17
2026-09-28,che_136_wh_hl_01,ca.4023274,497
2026-09-28,che_136_wh_hl_01,ca.4159883,378
2026-09-28,che_136_wh_hl_01,ca.4189308,392
2026-09-28,che_136_wh_hl_01,ca.4267252,1
2026-09-28,che_136_wh_hl_01,ca.4288036,820
2026-09-28,che_136_wh_hl_01,kamaleshg.vc,18
2026-09-28,che_136_wh_hl_01,kiranvigneshm.vc,25
2026-09-28,che_136_wh_hl_01,saranrajk1.vc,25
2026-09-28,che_137_wh_hl_01,ajithkumark2.vc,241
2026-09-28,che_137_wh_hl_01,ca.4023137,871
2026-09-28,che_137_wh_hl_01,ca.4120763,642
2026-09-28,che_137_wh_hl_01,ca.4219309,143
2026-09-28,che_137_wh_hl_01,ca.4276848,13
2026-09-28,che_137_wh_hl_01,ca.4309513,232
2026-09-28,che_137_wh_hl_01,ganesh.subramani,327
2026-09-28,che_137_wh_hl_01,prasanthr1.vc,247
2026-09-28,che_137_wh_hl_01,priyadharshinp.vc,1
2026-09-28,che_138_wh_hl_01,ca.3936173,1354
2026-09-28,che_138_wh_hl_01,ca.3944063,500
2026-09-28,che_138_wh_hl_01,ca.3944658,397
2026-09-28,che_138_wh_hl_01,ca.4233915,2
2026-09-28,che_138_wh_hl_01,ca.4295318,299
2026-09-28,che_138_wh_hl_01,karthikr5.vc,32
2026-09-28,che_139_wh_hl_01,ca.4083742,147
2026-09-28,che_139_wh_hl_01,ca.4085353,50
2026-09-28,che_139_wh_hl_01,ca.4147652,45
2026-09-28,che_139_wh_hl_01,ca.4157940,139
2026-09-28,che_139_wh_hl_01,ca.4185635,41
2026-09-28,che_139_wh_hl_01,ca.4224459,108
2026-09-28,che_139_wh_hl_01,ca.4294542,1
2026-09-28,che_139_wh_hl_01,ca.4308051,1
2026-09-28,che_139_wh_hl_01,vannamuthus.vc,1
2026-09-28,che_140_wh_hl_01,ca.4084318,56
2026-09-28,che_140_wh_hl_01,ca.4193497,29
2026-09-28,che_140_wh_hl_01,ca.4316246,3
2026-09-28,che_141_wh_hl_01,lma.100001555358,177
2026-09-28,che_141_wh_hl_01,lma.100001555378,187
2026-09-28,che_141_wh_hl_01,lma.100001568414,10
2026-09-28,che_141_wh_hl_01,lma.100001568418,212
2026-09-28,che_141_wh_hl_01,lma.100001568422,108
2026-09-28,che_141_wh_hl_01,lma.100001568427,248
2026-09-28,che_141_wh_hl_01,lma.100001644466,122
2026-09-28,che_142_wh_hl_01,ca.3891287,152
2026-09-28,che_142_wh_hl_01,ca.4012472,69
2026-09-28,che_142_wh_hl_01,ca.4127823,392
2026-09-28,che_142_wh_hl_01,ca.4157711,477
2026-09-28,che_142_wh_hl_01,ca.4178432,236
2026-09-28,che_142_wh_hl_01,ca.4185911,31
2026-09-28,che_142_wh_hl_01,ca.4186354,128
2026-09-28,che_142_wh_hl_01,ca.4245706,113
2026-09-28,che_142_wh_hl_01,ca.4260678,700
2026-09-28,che_142_wh_hl_01,ca.4262518,270
2026-09-28,che_142_wh_hl_01,ca.4281093,12
2026-09-28,che_143_wh_hl_01,ca.3815445,272
2026-09-28,che_143_wh_hl_01,ca.3896774,383
2026-09-28,che_143_wh_hl_01,ca.4148919,285
2026-09-28,che_143_wh_hl_01,ca.4154271,70
2026-09-28,che_143_wh_hl_01,ca.4179385,619
2026-09-28,che_143_wh_hl_01,ca.4263626,12
2026-09-28,che_143_wh_hl_01,ca.4263630,452
2026-09-28,che_145_wh_hl_01,ca.4124668,144
2026-09-28,che_145_wh_hl_01,s.nareshkumar1,55
2026-09-28,che_145_wh_hl_01,surendrakumarj.vc,9
2026-09-28,che_146_wh_hl_01,ca.3758491,840
2026-09-28,che_146_wh_hl_01,ca.4218550,585
2026-09-28,che_146_wh_hl_01,ca.4248368,452
2026-09-28,che_146_wh_hl_01,ca.4249959,825
2026-09-28,che_146_wh_hl_01,ca.4271838,378
2026-09-28,che_146_wh_hl_01,vinothkumars.vc,44
2026-09-28,che_147_wh_hl_01,ca.3601891,23
2026-09-28,che_147_wh_hl_01,ca.3939827,177
2026-09-28,che_147_wh_hl_01,ca.3969091,292
2026-09-28,che_147_wh_hl_01,ca.4128262,671
2026-09-28,che_147_wh_hl_01,ca.4171712,40
2026-09-28,che_147_wh_hl_01,ca.4247235,1
2026-09-28,che_149_wh_hl_01,ca.4037340,2
2026-09-28,che_149_wh_hl_01,ca.4067481,64
2026-09-28,che_149_wh_hl_01,ca.4203032,544
2026-09-28,che_149_wh_hl_01,ca.4265559,373
2026-09-28,che_149_wh_hl_01,ca.4276144,12
2026-09-28,che_149_wh_hl_01,ca.4285736,77
2026-09-28,che_149_wh_hl_01,ca.4290103,97
2026-09-28,che_149_wh_hl_01,dharmat.vc,119
2026-09-28,che_150_wh_hl_01,ca.4078015,30
2026-09-28,che_150_wh_hl_01,ca.4127682,2
2026-09-28,che_150_wh_hl_01,ca.4135129,23
2026-09-28,che_150_wh_hl_01,ca.4254724,276
2026-09-28,che_150_wh_hl_01,ca.4286576,90
2026-09-28,che_150_wh_hl_01,ca.4292667,495
2026-09-28,che_150_wh_hl_01,ca.4297988,349
2026-09-28,che_150_wh_hl_01,ca.4297989,388
2026-09-28,che_150_wh_hl_01,ca.4341165,471
2026-09-28,che_155_wh_hl_01,ca.4339182,37
2026-09-28,che_155_wh_hl_01,ca.4339393,82
2026-09-28,che_155_wh_hl_01,ca.4339706,10
2026-09-28,che_155_wh_hl_01,ca.4343233,70
2026-09-28,che_155_wh_hl_01,ca.4343538,27
2026-09-28,che_155_wh_hl_01,ca.4353955,34
2026-09-28,che_157_wh_hl_01,ca.3910530,157
2026-09-28,che_157_wh_hl_01,ca.3916053,181
2026-09-28,che_157_wh_hl_01,ca.4033268,210
2026-09-28,che_157_wh_hl_01,ca.4228987,91
2026-09-28,che_157_wh_hl_01,ca.4303862,84
2026-09-28,che_157_wh_hl_01,firdoseahmed.vc,13
2026-09-28,che_158_wh_hl_01,ca.4270128,1
2026-09-28,che_158_wh_hl_01,ca.4299240,3
2026-09-28,che_159_wh_hl_01,ca.4041191,304
2026-09-28,che_159_wh_hl_01,ca.4124647,363
2026-09-28,che_159_wh_hl_01,ca.4169199,3
2026-09-28,che_159_wh_hl_01,ca.4178065,194
2026-09-28,che_159_wh_hl_01,ca.4263761,851
2026-09-28,che_159_wh_hl_01,ca.4300903,191
2026-09-28,che_159_wh_hl_01,ca.4361689,485
2026-09-28,che_159_wh_hl_01,sairamvd.vc,120
2026-09-28,che_160_wh_hl_01,bavithran.vc,10
2026-09-28,che_160_wh_hl_01,ca.4191200,488
2026-09-28,che_160_wh_hl_01,ca.4262239,299
2026-09-28,che_160_wh_hl_01,suriyamoorthis.vc,132
2026-09-28,che_162_wh_hl_01,santhosha2.vc,3
2026-09-28,che_165_wh_hl_01,ca.3951603,53
2026-09-28,che_165_wh_hl_01,ca.3954160,50
2026-09-28,che_165_wh_hl_01,ca.4005981,258
2026-09-28,che_165_wh_hl_01,ca.4026945,65
2026-09-28,che_165_wh_hl_01,ca.4268233,2
2026-09-28,che_165_wh_hl_01,ca.4297461,182
2026-09-28,che_165_wh_hl_01,ca.4339904,22
2026-09-28,che_165_wh_hl_01,ezhilarasan.e1,69
2026-09-28,che_167_wh_hl_01,ca.4267209,1
2026-09-28,che_167_wh_hl_01,ca.4379443,39
2026-09-28,che_168_wh_hl_01,ca.3994607,668
2026-09-28,che_168_wh_hl_01,ca.4115055,110
2026-09-28,che_168_wh_hl_01,ca.4157590,24
2026-09-28,che_168_wh_hl_01,ca.4243766,203
2026-09-28,che_168_wh_hl_01,ca.4292644,209
2026-09-28,che_168_wh_hl_01,ca.4351989,193
2026-09-28,che_168_wh_hl_01,ca.4391715,245
2026-09-28,che_168_wh_hl_01,ramanujamm.vc,6
2026-09-28,che_171_wh_hl_01,ca.4220156,116
2026-09-28,che_171_wh_hl_01,ca.4236677,127
2026-09-28,che_171_wh_hl_01,ca.4275144,29
2026-09-28,che_171_wh_hl_01,ca.4281853,32
2026-09-28,che_171_wh_hl_01,ca.4281893,75
2026-09-28,che_171_wh_hl_01,ca.4292643,121
2026-09-28,che_171_wh_hl_01,ca.4304461,184
2026-09-28,che_171_wh_hl_01,ca.4344014,21
2026-09-28,che_171_wh_hl_01,periyanayagir.vc,183
2026-09-28,che_172_wh_hl_01,ca.4174880,402
2026-09-28,che_172_wh_hl_01,ca.4190264,585
2026-09-28,che_172_wh_hl_01,ca.4236156,161
2026-09-28,che_172_wh_hl_01,ca.4236162,350
2026-09-28,che_172_wh_hl_01,ca.4266785,380
2026-09-28,che_172_wh_hl_01,ca.4269776,130
2026-09-28,che_172_wh_hl_01,ca.4276614,143
2026-09-28,che_172_wh_hl_01,ca.4288988,5
2026-09-28,che_174_wh_hl_01,arunm5.vc,32
2026-09-28,che_174_wh_hl_01,ca.4020318,17
2026-09-28,che_174_wh_hl_01,ca.4020723,53
2026-09-28,che_174_wh_hl_01,ca.4030295,42
2026-09-28,che_174_wh_hl_01,ca.4178450,122
2026-09-28,che_174_wh_hl_01,ca.4190192,180
2026-09-28,che_174_wh_hl_01,ca.4272247,196
2026-09-28,che_175_wh_hl_01,ca.4337880,54
2026-09-28,che_176_wh_hl_01,ca.4150180,321
2026-09-28,che_176_wh_hl_01,ca.4150211,47
2026-09-28,che_176_wh_hl_01,ca.4156687,228
2026-09-28,che_176_wh_hl_01,ca.4179727,99
2026-09-28,che_176_wh_hl_01,ca.4207702,174
2026-09-28,che_176_wh_hl_01,ca.4299573,102
2026-09-28,che_176_wh_hl_01,kirubananthank.vc,1
2026-09-28,che_177_wh_hl_01,ca.3969987,20
2026-09-28,che_177_wh_hl_01,ca.4044539,131
2026-09-28,che_177_wh_hl_01,ca.4290787,536
2026-09-28,che_177_wh_hl_01,ca.4393381,420
2026-09-28,che_177_wh_hl_01,chitrad.vc,646
2026-09-28,che_179_wh_hl_01,balajia.vc,7
2026-09-28,che_179_wh_hl_01,ca.4061113,19
2026-09-28,che_179_wh_hl_01,ca.4232886,1068
2026-09-28,che_179_wh_hl_01,ca.4241606,291
2026-09-28,che_179_wh_hl_01,ca.4281790,219
2026-09-28,che_179_wh_hl_01,ca.4309215,269
2026-09-28,che_179_wh_hl_01,deepakd51.vc,553
2026-09-28,che_179_wh_hl_01,r.raghavan,14
2026-09-28,che_180_wh_hl_01,ca.4198116,248
2026-09-28,che_180_wh_hl_01,ca.4316263,213
2026-09-28,che_181_wh_hl_01,ca.4220185,1
2026-09-28,che_181_wh_hl_01,nirmalm.vc,14
2026-09-28,che_182_wh_hl_01,ca.4159305,92
2026-09-28,che_182_wh_hl_01,ca.4177943,154
2026-09-28,che_182_wh_hl_01,ca.4231398,127
2026-09-28,che_182_wh_hl_01,ca.4263847,221
2026-09-28,che_182_wh_hl_01,ca.4313385,59
2026-09-28,che_183_wh_hl_01,ca.4234871,39
2026-09-28,che_183_wh_hl_01,ca.4269522,51
2026-09-28,che_183_wh_hl_01,ca.4317087,53
2026-09-28,che_183_wh_hl_01,ca.4361540,49
2026-09-28,che_184_wh_hl_01,ca.3867651,16
2026-09-28,che_184_wh_hl_01,ca.4175618,64
2026-09-28,che_184_wh_hl_01,ca.4209689,76
2026-09-28,che_184_wh_hl_01,ca.4256785,13
2026-09-28,che_184_wh_hl_01,ca.4271351,40
2026-09-28,che_184_wh_hl_01,karthickkumar.vc,16
2026-09-28,che_185_wh_hl_01,ca.4103444,10
2026-09-28,che_185_wh_hl_01,ca.4154725,8
2026-09-28,che_185_wh_hl_01,ca.4203838,6
2026-09-28,che_185_wh_hl_01,ca.4227403,1
2026-09-28,che_185_wh_hl_01,jaialwinraj.vc,2
2026-09-28,che_186_wh_hl_01,ca.4164933,22
2026-09-28,che_186_wh_hl_01,ca.4284378,36
2026-09-28,che_186_wh_hl_01,ca.4284422,8
2026-09-28,che_188_wh_hl_01,ca.4104030,6
2026-09-28,che_188_wh_hl_01,ca.4116124,144
2026-09-28,che_188_wh_hl_01,ca.4275389,7
2026-09-28,che_188_wh_hl_01,ca.4308364,51
2026-09-28,che_188_wh_hl_01,ca.4369822,1
2026-09-28,che_188_wh_hl_01,kathiravan.md,2
2026-09-28,che_189_wh_hl_01,ca.4038709,448
2026-09-28,che_189_wh_hl_01,ca.4040636,1
2026-09-28,che_189_wh_hl_01,ca.4098747,691
2026-09-28,che_189_wh_hl_01,ca.4199395,500
2026-09-28,che_189_wh_hl_01,ca.4319158,953
2026-09-28,che_189_wh_hl_01,sarang.vc,16
2026-09-28,che_190_wh_hl_01,ca.4160342,217
2026-09-28,che_190_wh_hl_01,ca.4168745,280
2026-09-28,che_190_wh_hl_01,ca.4176444,215
2026-09-28,che_190_wh_hl_01,ca.4178882,94
2026-09-28,che_190_wh_hl_01,ca.4189419,169
2026-09-28,che_190_wh_hl_01,vikneshr.vc,3
2026-09-28,che_192_wh_hl_01,ca.4238870,25
2026-09-28,che_192_wh_hl_01,ca.4243801,80
2026-09-28,che_192_wh_hl_01,ca.4250647,96
2026-09-28,che_192_wh_hl_01,ca.4250652,153
2026-09-28,che_192_wh_hl_01,ca.4338463,116
2026-09-28,che_192_wh_hl_01,ca.4397424,58
2026-09-28,che_193_wh_hl_01,ca.4124078,432
2026-09-28,che_193_wh_hl_01,ca.4125462,290
2026-09-28,che_193_wh_hl_01,ca.4190411,12
2026-09-28,che_193_wh_hl_01,ca.4249897,122
2026-09-28,che_193_wh_hl_01,ca.4341442,431
2026-09-28,che_195_wh_hl_01,ca.4289325,295
2026-09-28,che_195_wh_hl_01,ca.4290210,3
2026-09-28,che_195_wh_hl_01,ca.4296100,53
2026-09-28,che_195_wh_hl_01,ca.4315877,40
2026-09-28,che_195_wh_hl_01,ca.4318874,57
2026-09-28,che_195_wh_hl_01,ca.4333653,30
2026-09-28,che_195_wh_hl_01,ca.4341194,241
2026-09-28,che_195_wh_hl_01,christopherc.vc,16
2026-09-28,che_196_wh_hl_01,ca.4142172,731
2026-09-28,che_196_wh_hl_01,ca.4173898,813
2026-09-28,che_196_wh_hl_01,ca.4231409,74
2026-09-28,che_196_wh_hl_01,ca.4254909,1
2026-09-28,che_196_wh_hl_01,ca.4255863,304
2026-09-28,che_196_wh_hl_01,ca.4378631,156
2026-09-28,che_197_wh_hl_01,ca.4126244,300
2026-09-28,che_197_wh_hl_01,ca.4147217,190
2026-09-28,che_197_wh_hl_01,ca.4149918,66
2026-09-28,che_197_wh_hl_01,ca.4225675,442
2026-09-28,che_197_wh_hl_01,ca.4250000,671
2026-09-28,che_197_wh_hl_01,ca.4308251,183
2026-09-28,che_197_wh_hl_01,ca.4336646,140
2026-09-28,che_197_wh_hl_01,ca.4378793,792
2026-09-28,che_199_wh_hl_01,ca.4151156,4
2026-09-28,che_199_wh_hl_01,ca.4276255,52
2026-09-28,che_199_wh_hl_01,madhanrajr.vc,11
2026-09-28,coc_102_wh_hl_01,lma.100001622168,3
2026-09-28,coc_102_wh_hl_01,lma.100001622808,36
2026-09-28,coc_102_wh_hl_01,lma.100001630592,78
2026-09-28,coc_102_wh_hl_01,lma.100001630713,53
2026-09-28,coc_102_wh_hl_01,lma.100001630726,32
2026-09-28,coc_102_wh_hl_01,lma.100001632083,92
2026-09-28,coc_102_wh_hl_01,lma.100001635272,16
2026-09-28,coc_104_wh_hl_01,lma.100001558073,6
2026-09-28,coc_104_wh_hl_01,lma.100001563543,24
2026-09-28,coc_104_wh_hl_01,lma.100001572277,8
2026-09-28,coc_104_wh_hl_01,lma.100001575546,62
2026-09-28,coc_104_wh_hl_01,lma.100001577259,208
2026-09-28,coc_104_wh_hl_01,lma.100001579099,657
2026-09-28,coc_105_wh_hl_01,lma.100001577202,102
2026-09-28,coc_105_wh_hl_01,lma.100001581624,248
2026-09-28,coc_105_wh_hl_01,lma.100001581636,323
2026-09-28,coc_105_wh_hl_01,lma.100001586445,67
2026-09-28,coc_106_wh_hl_01,lma.100001578465,204
2026-09-28,coc_106_wh_hl_01,lma.100001626652,233
2026-09-28,coc_106_wh_hl_01,lma.100001626664,314
2026-09-28,coc_107_wh_hl_01,lma.100001550342,14
2026-09-28,coc_107_wh_hl_01,lma.100001615270,216
2026-09-28,coc_107_wh_hl_01,lma.100001626792,18
2026-09-28,coc_107_wh_hl_01,lma.100001626867,227
2026-09-28,coc_107_wh_hl_01,lma.100001626890,25
2026-09-28,coi_103_wh_hl_01,ca.3947657,529
2026-09-28,coi_103_wh_hl_01,ca.3955936,273
2026-09-28,coi_103_wh_hl_01,ca.4001964,441
2026-09-28,coi_103_wh_hl_01,ca.4121891,333
2026-09-28,coi_103_wh_hl_01,ca.4121898,11
2026-09-28,coi_103_wh_hl_01,ca.4276615,683
2026-09-28,coi_104_wh_hl_01,arthib.vc,194
2026-09-28,coi_104_wh_hl_01,ca.4059155,378
2026-09-28,coi_104_wh_hl_01,ca.4238837,518
2026-09-28,coi_104_wh_hl_01,ca.4306525,151
2026-09-28,coi_104_wh_hl_01,s.sasitharan,39
2026-09-28,coi_105_wh_hl_01,ca.3906157,221
2026-09-28,coi_105_wh_hl_01,ca.3935223,462
2026-09-28,coi_105_wh_hl_01,ca.4274897,411
2026-09-28,coi_105_wh_hl_01,ca.4283471,206
2026-09-28,coi_105_wh_hl_01,ca.4285819,18
2026-09-28,coi_105_wh_hl_01,ca.4368110,818
2026-09-28,coi_105_wh_hl_01,sudharsans1.vc,23
2026-09-28,coi_106_wh_hl_01,ca.4109166,447
2026-09-28,coi_106_wh_hl_01,ca.4234450,10
2026-09-28,coi_106_wh_hl_01,ca.4259088,222
2026-09-28,coi_106_wh_hl_01,ca.4263174,151
2026-09-28,coi_106_wh_hl_01,ca.4265979,383
2026-09-28,coi_106_wh_hl_01,ca.4300043,279
2026-09-28,coi_107_wh_hl_02,ca.4042425,319
2026-09-28,coi_107_wh_hl_02,ca.4047890,80
2026-09-28,coi_107_wh_hl_02,ca.4054064,9
2026-09-28,coi_107_wh_hl_02,ca.4055355,429
2026-09-28,coi_107_wh_hl_02,ca.4097479,487
2026-09-28,coi_107_wh_hl_02,ca.4190423,149
2026-09-28,coi_107_wh_hl_02,ca.4218599,144
2026-09-28,coi_108_wh_hl_01,ca.3899174,489
2026-09-28,coi_108_wh_hl_01,ca.3957030,29
2026-09-28,coi_108_wh_hl_01,ca.3958876,886
2026-09-28,coi_108_wh_hl_01,ca.4070629,10
2026-09-28,coi_108_wh_hl_01,ca.4176386,291
2026-09-28,coi_108_wh_hl_01,ca.4246460,40
2026-09-28,coi_108_wh_hl_01,ca.4261078,104
2026-09-28,coi_108_wh_hl_01,ca.4380730,266
2026-09-28,coi_109_wh_hl_01,ca.4154199,410
2026-09-28,coi_109_wh_hl_01,ca.4164041,291
2026-09-28,coi_109_wh_hl_01,ca.4202324,152
2026-09-28,coi_109_wh_hl_01,ca.4246997,276
2026-09-28,coi_109_wh_hl_01,ca.4285367,153
2026-09-28,coi_109_wh_hl_01,selvamkanagaraj.vc,10
2026-09-28,coi_110_wh_hl_01,ca.4200477,56
2026-09-28,coi_110_wh_hl_01,ca.4214093,27
2026-09-28,coi_110_wh_hl_01,ca.4231708,429
2026-09-28,coi_110_wh_hl_01,ca.4237947,400
2026-09-28,coi_110_wh_hl_01,singaravels.vc,4
2026-09-28,coi_112_wh_hl_01,ca.4204207,41
2026-09-28,coi_112_wh_hl_01,ca.4206121,246
2026-09-28,coi_112_wh_hl_01,ca.4236602,532
2026-09-28,coi_112_wh_hl_01,ca.4289300,630
2026-09-28,coi_112_wh_hl_01,ganesanm.vc,78
2026-09-28,deh_101_wh_hl_01,ca.4269979,4
2026-09-28,deh_102_wh_hl_01,ca.4225578,2
2026-09-28,deh_102_wh_hl_01,ravindrakumar4.vc,1
2026-09-28,deh_103_wh_hl_01,ca.3906912,26
2026-09-28,deh_103_wh_hl_01,ca.4185761,1
2026-09-28,deh_103_wh_hl_01,sonus30.vc,1
2026-09-28,deh_104_wh_hl_01,ca.3973345,90
2026-09-28,deh_104_wh_hl_01,ca.3985746,10
2026-09-28,deh_104_wh_hl_01,ca.3998490,204
2026-09-28,deh_104_wh_hl_01,ca.4114998,139
2026-09-28,deh_104_wh_hl_01,ca.4174605,198
2026-09-28,deh_104_wh_hl_01,ca.4175365,2
2026-09-28,deh_104_wh_hl_01,ca.4272991,76
2026-09-28,deh_104_wh_hl_01,ca.4293572,80
2026-09-28,deh_104_wh_hl_01,pawansingh5.vc,7
2026-09-28,del_001_wh_hl_01,ca.3576439,196
2026-09-28,del_001_wh_hl_01,ca.3630315,42
2026-09-28,del_001_wh_hl_01,ca.3699095,272
2026-09-28,del_001_wh_hl_01,ca.3897940,569
2026-09-28,del_001_wh_hl_01,ca.4156797,775
2026-09-28,del_001_wh_hl_01,ca.4224508,745
2026-09-28,del_001_wh_hl_01,ca.4276131,339
2026-09-28,del_001_wh_hl_01,ca.4290585,103
2026-09-28,del_001_wh_hl_01,rahul.3pldel,377
2026-09-28,del_004_wh_hl_01,akashpramanik.vc,2
2026-09-28,del_004_wh_hl_01,ca.3459003,47
2026-09-28,del_004_wh_hl_01,ca.4233370,71
2026-09-28,del_004_wh_hl_01,ca.4351632,37
2026-09-28,del_007_wh_hl_01,amitkumar83.vc,3
2026-09-28,del_007_wh_hl_01,ca.4023302,164
2026-09-28,del_007_wh_hl_01,ca.4036315,263
2026-09-28,del_007_wh_hl_01,ca.4102071,240
2026-09-28,del_007_wh_hl_01,ca.4159430,410
2026-09-28,del_007_wh_hl_01,ca.4183052,79
2026-09-28,del_007_wh_hl_01,ca.4184499,475
2026-09-28,del_007_wh_hl_01,ca.4228057,219
2026-09-28,del_007_wh_hl_01,ca.4282910,179
2026-09-28,del_010_wh_hl_01,ca.3751257,396
2026-09-28,del_010_wh_hl_01,ca.3891825,169
2026-09-28,del_010_wh_hl_01,ca.4050082,586
2026-09-28,del_010_wh_hl_01,ca.4063343,95
2026-09-28,del_010_wh_hl_01,ca.4112424,469
2026-09-28,del_010_wh_hl_01,ca.4115288,110
2026-09-28,del_010_wh_hl_01,ca.4143094,40
2026-09-28,del_010_wh_hl_01,ca.4158171,11
2026-09-28,del_010_wh_hl_01,ca.4256417,293
2026-09-28,del_010_wh_hl_01,vinayyadav.vc,6
2026-09-28,del_013_wh_hl_01,ajaya27.vc,12
2026-09-28,del_013_wh_hl_01,ca.3460766,594
2026-09-28,del_013_wh_hl_01,ca.3893672,565
2026-09-28,del_013_wh_hl_01,ca.4013060,565
2026-09-28,del_013_wh_hl_01,ca.4288980,195
2026-09-28,del_013_wh_hl_01,ca.4295137,116
2026-09-28,del_013_wh_hl_01,ca.4342425,447
2026-09-28,del_013_wh_hl_01,ca.4350369,41
2026-09-28,del_015_wh_hl_01,ca.3831104,1
2026-09-28,del_015_wh_hl_01,ca.4118411,550
2026-09-28,del_015_wh_hl_01,ca.4187499,203
2026-09-28,del_015_wh_hl_01,ca.4283871,1102
2026-09-28,del_015_wh_hl_01,ca.4285687,726
2026-09-28,del_015_wh_hl_01,ca.4290830,726
2026-09-28,del_015_wh_hl_01,rahulkumar44.vc,9
2026-09-28,del_017_wh_hl_01,ca.4046246,11
2026-09-28,del_017_wh_hl_01,ca.4046568,261
2026-09-28,del_017_wh_hl_01,ca.4067306,248
2026-09-28,del_017_wh_hl_01,ca.4230607,20
2026-09-28,del_017_wh_hl_01,ca.4295515,94
2026-09-28,del_017_wh_hl_01,ca.4346644,1
2026-09-28,del_017_wh_hl_01,sachins22.vc,3
2026-09-28,del_018_wh_hl_01,ca.4020333,4
2026-09-28,del_018_wh_hl_01,ca.4260476,413
2026-09-28,del_018_wh_hl_01,ca.4262247,699
2026-09-28,del_018_wh_hl_01,ca.4274490,1
2026-09-28,del_018_wh_hl_01,ca.4356636,572
2026-09-28,del_018_wh_hl_01,satenders.vc,2
2026-09-28,del_021_wh_hl_01,ca.3475653,891
2026-09-28,del_021_wh_hl_01,ca.3570891,1964
2026-09-28,del_021_wh_hl_01,ca.3814708,1544
2026-09-28,del_021_wh_hl_01,ca.4120490,1937
2026-09-28,del_021_wh_hl_01,ca.4167989,22
2026-09-28,del_021_wh_hl_01,ca.4233930,44
2026-09-28,del_021_wh_hl_01,vivekkumar28.vc,45
2026-09-28,del_023_wh_hl_01,ca.3263285,476
2026-09-28,del_023_wh_hl_01,ca.3850486,276
2026-09-28,del_023_wh_hl_01,ca.3865644,894
2026-09-28,del_023_wh_hl_01,ca.3938580,512
2026-09-28,del_023_wh_hl_01,ca.3939080,333
2026-09-28,del_023_wh_hl_01,ca.4017553,611
2026-09-28,del_023_wh_hl_01,ca.4336090,548
2026-09-28,del_023_wh_hl_01,himanshu.kumar7,45
2026-09-28,del_025_wh_hl_01,ca.3329942,600
2026-09-28,del_025_wh_hl_01,ca.3464630,1254
2026-09-28,del_025_wh_hl_01,ca.3593303,272
2026-09-28,del_025_wh_hl_01,ca.3724916,1201
2026-09-28,del_025_wh_hl_01,ca.3839643,981
2026-09-28,del_025_wh_hl_01,ca.3846766,1521
2026-09-28,del_025_wh_hl_01,ca.3890816,694
2026-09-28,del_025_wh_hl_01,ca.4192549,718
2026-09-28,del_025_wh_hl_01,ca.4192550,331
2026-09-28,del_025_wh_hl_01,vijaygoswami.vc,100
2026-09-28,del_026_wh_hl_01,ca.3504344,704
2026-09-28,del_026_wh_hl_01,ca.4016576,204
2026-09-28,del_026_wh_hl_01,ca.4204655,951
2026-09-28,del_026_wh_hl_01,ca.4247303,910
2026-09-28,del_026_wh_hl_01,ca.4261361,607
2026-09-28,del_026_wh_hl_01,ca.4330964,821
2026-09-28,del_026_wh_hl_01,ca.4360732,838
2026-09-28,del_026_wh_hl_01,vaibhavdixit.vc,12
2026-09-28,del_032_wh_hl_01,ca.4071080,5
2026-09-28,del_032_wh_hl_01,ca.4274699,2
2026-09-28,del_039_wh_hl_01,ca.3751019,806
2026-09-28,del_039_wh_hl_01,ca.3886504,55
2026-09-28,del_039_wh_hl_01,ca.3890932,123
2026-09-28,del_039_wh_hl_01,ca.4088920,1436
2026-09-28,del_039_wh_hl_01,ca.4202800,958
2026-09-28,del_039_wh_hl_01,ca.4209514,343
2026-09-28,del_039_wh_hl_01,ca.4213803,79
2026-09-28,del_039_wh_hl_01,ca.4238774,667
2026-09-28,del_039_wh_hl_01,ca.4251635,407
2026-09-28,del_039_wh_hl_01,ca.4268372,613
2026-09-28,del_039_wh_hl_01,ca.4272715,959
2026-09-28,del_039_wh_hl_01,ca.4294052,18
2026-09-28,del_039_wh_hl_01,ca.4303659,54
2026-09-28,del_039_wh_hl_01,vishalmandal.vc,54
2026-09-28,del_042_wh_hl_01,ca.3573180,276
2026-09-28,del_042_wh_hl_01,ca.3951693,211
2026-09-28,del_042_wh_hl_01,ca.4070805,872
2026-09-28,del_042_wh_hl_01,ca.4106926,792
2026-09-28,del_042_wh_hl_01,ca.4176796,40
2026-09-28,del_042_wh_hl_01,ca.4202321,126
2026-09-28,del_042_wh_hl_01,ca.4210414,88
2026-09-28,del_042_wh_hl_01,ca.4212890,402
2026-09-28,del_042_wh_hl_01,ca.4224352,617
2026-09-28,del_042_wh_hl_01,ca.4289722,565
2026-09-28,del_042_wh_hl_01,ca.4290196,36
2026-09-28,del_042_wh_hl_01,ca.4301606,214
2026-09-28,del_042_wh_hl_01,ravinderkumar5.vc,24
2026-09-28,del_044_wh_hl_01,ca.3771467,76
2026-09-28,del_044_wh_hl_01,ca.3966305,113
2026-09-28,del_044_wh_hl_01,ca.4031717,66
2026-09-28,del_044_wh_hl_01,ca.4112324,330
2026-09-28,del_044_wh_hl_01,ca.4149006,79
2026-09-28,del_044_wh_hl_01,ca.4187802,94
2026-09-28,del_044_wh_hl_01,ca.4244446,83
2026-09-28,del_044_wh_hl_01,ca.4256114,176
2026-09-28,del_044_wh_hl_01,ca.4256115,151
2026-09-28,del_044_wh_hl_01,ca.4280421,95
2026-09-28,del_044_wh_hl_01,ca.4292996,126
2026-09-28,del_044_wh_hl_01,ca.4345624,133
2026-09-28,del_044_wh_hl_01,mohammadmustaa.vc,5
2026-09-28,del_045_wh_hl_01,ca.3600146,35
2026-09-28,del_045_wh_hl_01,ca.4174601,1048
2026-09-28,del_045_wh_hl_01,ca.4280383,714
2026-09-28,del_045_wh_hl_01,ca.4280389,800
2026-09-28,del_045_wh_hl_01,ca.4289467,917
2026-09-28,del_045_wh_hl_01,ca.4324973,413
2026-09-28,del_045_wh_hl_01,nitinn8.vc,717
2026-09-28,del_045_wh_hl_01,sumitkumar46.vc,905
2026-09-28,del_046_wh_hl_01,ca.3320727,965
2026-09-28,del_046_wh_hl_01,ca.4221628,616
2026-09-28,del_046_wh_hl_01,ca.4238121,118
2026-09-28,del_046_wh_hl_01,ca.4287411,953
2026-09-28,del_046_wh_hl_01,ca.4293192,142
2026-09-28,del_046_wh_hl_01,ca.4318344,116
2026-09-28,del_046_wh_hl_01,vickyshakya1.vc,61
2026-09-28,del_047_wh_hl_01,abhishektiwari1.vc,6
2026-09-28,del_047_wh_hl_01,ca.3447533,151
2026-09-28,del_047_wh_hl_01,ca.3764073,321
2026-09-28,del_047_wh_hl_01,ca.4074950,499
2026-09-28,del_047_wh_hl_01,ca.4203241,456
2026-09-28,del_047_wh_hl_01,ca.4206162,626
2026-09-28,del_047_wh_hl_01,ca.4206174,839
2026-09-28,del_048_wh_hl_01,ca.3859219,202
2026-09-28,del_048_wh_hl_01,ca.3995700,82
2026-09-28,del_048_wh_hl_01,ca.4126306,69
2026-09-28,del_048_wh_hl_01,ca.4144570,495
2026-09-28,del_048_wh_hl_01,ca.4204425,140
2026-09-28,del_049_wh_hl_01,ca.3266281,635
2026-09-28,del_049_wh_hl_01,ca.3463351,20
2026-09-28,del_049_wh_hl_01,ca.3524254,561
2026-09-28,del_049_wh_hl_01,ca.3815245,145
2026-09-28,del_049_wh_hl_01,ca.3843104,66
2026-09-28,del_049_wh_hl_01,ca.3975410,889
2026-09-28,del_049_wh_hl_01,ca.4027334,720
2026-09-28,del_049_wh_hl_01,ca.4127922,1243
2026-09-28,del_049_wh_hl_01,ca.4147500,109
2026-09-28,del_049_wh_hl_01,ca.4278312,89
2026-09-28,del_049_wh_hl_01,ca.4284599,527
2026-09-28,del_049_wh_hl_01,ca.4317086,1288
2026-09-28,del_049_wh_hl_01,ca.4325245,696
2026-09-28,del_049_wh_hl_01,tasifali.vc,11
2026-09-28,del_055_wh_hl_01,ca.3761607,341
2026-09-28,del_055_wh_hl_01,ca.3885472,866
2026-09-28,del_055_wh_hl_01,ca.4133200,713
2026-09-28,del_055_wh_hl_01,ca.4195710,688
2026-09-28,del_055_wh_hl_01,ca.4307229,610
2026-09-28,del_055_wh_hl_01,manishkumar.3pldncr4,5
2026-09-28,del_059_wh_hl_01,ca.3362593,251
2026-09-28,del_059_wh_hl_01,ca.3454141,400
2026-09-28,del_059_wh_hl_01,ca.3523882,482
2026-09-28,del_059_wh_hl_01,ca.3855726,94
2026-09-28,del_059_wh_hl_01,ca.3996347,302
2026-09-28,del_059_wh_hl_01,ca.4122236,1673
2026-09-28,del_059_wh_hl_01,ca.4129945,290
2026-09-28,del_059_wh_hl_01,ca.4257984,638
2026-09-28,del_059_wh_hl_01,ca.4344169,64
2026-09-28,del_059_wh_hl_01,kishanpal.vc,7
2026-09-28,del_061_wh_hl_01,ca.3831450,422
2026-09-28,del_061_wh_hl_01,ca.3832739,1711
2026-09-28,del_061_wh_hl_01,ca.3848982,94
2026-09-28,del_061_wh_hl_01,ca.3853052,1667
2026-09-28,del_061_wh_hl_01,ca.3858492,68
2026-09-28,del_061_wh_hl_01,ca.3993100,418
2026-09-28,del_061_wh_hl_01,ca.4020113,44
2026-09-28,del_061_wh_hl_01,ca.4354105,312
2026-09-28,del_061_wh_hl_01,faimf.vc,4
2026-09-28,del_063_wh_hl_01,ca.3255246,618
2026-09-28,del_063_wh_hl_01,ca.3337722,84
2026-09-28,del_063_wh_hl_01,ca.3898913,1211
2026-09-28,del_063_wh_hl_01,ca.4107746,1159
2026-09-28,del_063_wh_hl_01,ca.4185676,62
2026-09-28,del_063_wh_hl_01,ca.4364335,94
2026-09-28,del_063_wh_hl_01,shivamkumarp1.vc,521
2026-09-28,del_064_wh_hl_01,ca.3888538,127
2026-09-28,del_064_wh_hl_01,ca.4207697,1052
2026-09-28,del_064_wh_hl_01,ca.4240208,2022
2026-09-28,del_064_wh_hl_01,ca.4240209,2153
2026-09-28,del_064_wh_hl_01,ca.4273578,29
2026-09-28,del_064_wh_hl_01,kunjalbhati.vc,21
2026-09-28,del_069_wh_hl_01,ca.3891133,189
2026-09-28,del_069_wh_hl_01,ca.4001961,372
2026-09-28,del_069_wh_hl_01,ca.4001965,131
2026-09-28,del_069_wh_hl_01,ca.4101562,786
2026-09-28,del_069_wh_hl_01,ca.4134975,11
2026-09-28,del_069_wh_hl_01,ca.4173476,896
2026-09-28,del_069_wh_hl_01,ca.4215025,129
2026-09-28,del_069_wh_hl_01,ca.4282246,116
2026-09-28,del_069_wh_hl_01,ca.4302091,658
2026-09-28,del_069_wh_hl_01,deepakk6.vc,2
2026-09-28,del_069_wh_hl_01,shivamyadav8.vc,3
2026-09-28,del_071_wh_hl_01,ca.3461577,743
2026-09-28,del_071_wh_hl_01,ca.3957364,130
2026-09-28,del_071_wh_hl_01,ca.4033705,243
2026-09-28,del_071_wh_hl_01,ca.4195534,405
2026-09-28,del_071_wh_hl_01,ca.4197334,125
2026-09-28,del_071_wh_hl_01,ca.4204275,7
2026-09-28,del_071_wh_hl_01,ca.4217736,222
2026-09-28,del_071_wh_hl_01,ca.4218198,212
2026-09-28,del_071_wh_hl_01,ca.4228291,1113
2026-09-28,del_071_wh_hl_01,mohdsameer.3pldel,120
2026-09-28,del_072_wh_hl_01,bharatkumar3.vc,10
2026-09-28,del_072_wh_hl_01,ca.3912589,83
2026-09-28,del_072_wh_hl_01,ca.4012444,109
2026-09-28,del_072_wh_hl_01,ca.4063829,262
2026-09-28,del_072_wh_hl_01,ca.4174380,66
2026-09-28,del_072_wh_hl_01,ca.4271295,117
2026-09-28,del_072_wh_hl_01,ca.4273759,41
2026-09-28,del_072_wh_hl_01,ca.4279655,121
2026-09-28,del_072_wh_hl_01,ca.4289733,28
2026-09-28,del_072_wh_hl_01,ca.4290847,99
2026-09-28,del_072_wh_hl_01,ca.4290900,44
2026-09-28,del_074_wh_hl_01,ca.3882288,483
2026-09-28,del_074_wh_hl_01,ca.4080582,503
2026-09-28,del_074_wh_hl_01,ca.4177912,734
2026-09-28,del_074_wh_hl_01,ca.4272190,11
2026-09-28,del_074_wh_hl_01,ca.4280831,305
2026-09-28,del_074_wh_hl_01,ca.4287955,44
2026-09-28,del_074_wh_hl_01,ca.4293114,34
2026-09-28,del_074_wh_hl_01,ca.4296146,561
2026-09-28,del_074_wh_hl_01,ca.4320213,57
2026-09-28,del_074_wh_hl_01,rajatchauhan.vc,809
2026-09-28,del_075_wh_hl_01,ca.3457087,149
2026-09-28,del_075_wh_hl_01,ca.3854470,46
2026-09-28,del_075_wh_hl_01,ca.3977818,17
2026-09-28,del_075_wh_hl_01,ca.4133293,26
2026-09-28,del_075_wh_hl_01,ca.4184908,218
2026-09-28,del_075_wh_hl_01,ca.4281638,206
2026-09-28,del_075_wh_hl_01,ca.4291360,97
2026-09-28,del_075_wh_hl_01,nikhiltalwar.vc,2
2026-09-28,del_078_wh_hl_01,ca.3853612,1425
2026-09-28,del_078_wh_hl_01,ca.3972922,866
2026-09-28,del_078_wh_hl_01,ca.4088934,1333
2026-09-28,del_078_wh_hl_01,ca.4262664,546
2026-09-28,del_078_wh_hl_01,ca.4276579,471
2026-09-28,del_080_wh_hl_01,ca.4181967,136
2026-09-28,del_080_wh_hl_01,ca.4223868,622
2026-09-28,del_080_wh_hl_01,ca.4237578,468
2026-09-28,del_080_wh_hl_01,ca.4256014,349
2026-09-28,del_080_wh_hl_01,ca.4264182,173
2026-09-28,del_080_wh_hl_01,ca.4291658,334
2026-09-28,del_080_wh_hl_01,ca.4320344,343
2026-09-28,del_080_wh_hl_01,ca.4354222,320
2026-09-28,del_080_wh_hl_01,vineetk1.vc,23
2026-09-28,del_082_wh_hl_01,ca.4014169,74
2026-09-28,del_082_wh_hl_01,ca.4014443,95
2026-09-28,del_082_wh_hl_01,ca.4143381,64
2026-09-28,del_082_wh_hl_01,ca.4155396,745
2026-09-28,del_082_wh_hl_01,ca.4168505,361
2026-09-28,del_082_wh_hl_01,ca.4251059,197
2026-09-28,del_082_wh_hl_01,ca.4294947,1657
2026-09-28,del_082_wh_hl_01,ca.4296628,123
2026-09-28,del_082_wh_hl_01,ca.4325185,385
2026-09-28,del_082_wh_hl_01,rohitdivakar.vc,10
2026-09-28,del_084_wh_hl_01,ca.3563213,14
2026-09-28,del_084_wh_hl_01,ca.3581523,18
2026-09-28,del_084_wh_hl_01,ca.3581794,8
2026-09-28,del_084_wh_hl_01,ca.4107843,35
2026-09-28,del_084_wh_hl_01,ca.4272188,76
2026-09-28,del_084_wh_hl_01,ravinderr9.vc,1
2026-09-28,del_088_wh_hl_01,ca.3701048,522
2026-09-28,del_088_wh_hl_01,ca.3924144,194
2026-09-28,del_088_wh_hl_01,ca.4138041,25
2026-09-28,del_088_wh_hl_01,ca.4231426,548
2026-09-28,del_088_wh_hl_01,ca.4364140,452
2026-09-28,del_088_wh_hl_01,ca.4364151,217
2026-09-28,del_088_wh_hl_01,mohdkaif2.vc,3
2026-09-28,del_101_wh_hl_01,ca.3751655,13
2026-09-28,del_101_wh_hl_01,ca.4115278,1
2026-09-28,del_101_wh_hl_01,ca.4207393,16
2026-09-28,del_101_wh_hl_01,ca.4213431,454
2026-09-28,del_102_wh_hl_01,ca.3863580,143
2026-09-28,del_102_wh_hl_01,ca.3992547,242
2026-09-28,del_102_wh_hl_01,ca.4015846,60
2026-09-28,del_102_wh_hl_01,ca.4046165,59
2026-09-28,del_102_wh_hl_01,ca.4049836,2
2026-09-28,del_102_wh_hl_01,ca.4185490,81
2026-09-28,del_102_wh_hl_01,ca.4224976,117
2026-09-28,del_102_wh_hl_01,ca.4238779,481
2026-09-28,del_102_wh_hl_01,ca.4268356,345
2026-09-28,del_102_wh_hl_01,ca.4274871,356
2026-09-28,del_102_wh_hl_01,ca.4291887,138
2026-09-28,del_102_wh_hl_01,ca.4356904,640
2026-09-28,del_102_wh_hl_01,ca.4356915,228
2026-09-28,del_102_wh_hl_01,krishankumar6.vc,527
2026-09-28,del_103_wh_hl_01,ca.4082163,469
2026-09-28,del_103_wh_hl_01,ca.4175833,25
2026-09-28,del_103_wh_hl_01,ca.4269944,10
2026-09-28,del_103_wh_hl_01,ca.4272730,13
2026-09-28,del_104_wh_hl_01,ca.3593431,141
2026-09-28,del_104_wh_hl_01,ca.3599644,701
2026-09-28,del_104_wh_hl_01,ca.3857885,248
2026-09-28,del_104_wh_hl_01,ca.4138053,426
2026-09-28,del_104_wh_hl_01,ca.4169838,1074
2026-09-28,del_104_wh_hl_01,pankajp13.vc,162
2026-09-28,del_104_wh_hl_01,sourabhmehra.vc,1
2026-09-28,del_105_wh_hl_01,ca.3401412,445
2026-09-28,del_106_wh_hl_01,ankita22.vc,52
2026-09-28,del_106_wh_hl_01,ca.3819860,567
2026-09-28,del_106_wh_hl_01,ca.4042484,161
2026-09-28,del_106_wh_hl_01,ca.4048093,27
2026-09-28,del_106_wh_hl_01,ca.4205980,907
2026-09-28,del_106_wh_hl_01,ca.4212613,219
2026-09-28,del_106_wh_hl_01,ca.4228195,96
2026-09-28,del_106_wh_hl_01,ca.4273146,291
2026-09-28,del_107_wh_hl_01,ca.3591005,164
2026-09-28,del_107_wh_hl_01,ca.3692671,310
2026-09-28,del_107_wh_hl_01,ca.3831585,879
2026-09-28,del_107_wh_hl_01,ca.3885375,140
2026-09-28,del_107_wh_hl_01,ca.3967707,353
2026-09-28,del_107_wh_hl_01,ca.4006160,1307
2026-09-28,del_107_wh_hl_01,shubhamkumar13.vc,9
2026-09-28,del_108_wh_hl_01,ca.3473843,157
2026-09-28,del_108_wh_hl_01,ca.3882330,363
2026-09-28,del_108_wh_hl_01,ca.3887534,3
2026-09-28,del_108_wh_hl_01,ca.4217454,19
2026-09-28,del_108_wh_hl_01,ca.4278687,88
2026-09-28,del_108_wh_hl_01,ca.4343764,3
2026-09-28,del_108_wh_hl_01,ca.4343775,9
2026-09-28,del_108_wh_hl_01,ca.4344610,189
2026-09-28,del_108_wh_hl_01,ca.4344638,334
2026-09-28,del_108_wh_hl_01,ca.4363750,78
2026-09-28,del_108_wh_hl_01,ca.4380011,136
2026-09-28,del_108_wh_hl_01,praduymnp.3pldel,2
2026-09-28,del_109_wh_hl_01,ca.4012741,33
2026-09-28,del_109_wh_hl_01,ca.4057985,3
2026-09-28,del_109_wh_hl_01,ca.4238190,291
2026-09-28,del_110_wh_hl_01,ajaykatariya.vc,20
2026-09-28,del_110_wh_hl_01,ca.3922872,399
2026-09-28,del_110_wh_hl_01,ca.4037643,405
2026-09-28,del_110_wh_hl_01,ca.4147989,994
2026-09-28,del_110_wh_hl_01,ca.4239699,971
2026-09-28,del_111_wh_hl_01,ca.3836794,484
2026-09-28,del_111_wh_hl_01,ca.3879145,364
2026-09-28,del_111_wh_hl_01,ca.4124745,677
2026-09-28,del_111_wh_hl_01,ca.4267224,551
2026-09-28,del_111_wh_hl_01,ca.4274801,292
2026-09-28,del_111_wh_hl_01,ca.4282523,1113
2026-09-28,del_111_wh_hl_01,ca.4302531,399
2026-09-28,del_111_wh_hl_01,naveenkumar24.vc,1
2026-09-28,del_112_wh_hl_01,adityaraj1.vc,3
2026-09-28,del_112_wh_hl_01,ca.3555085,39
2026-09-28,del_112_wh_hl_01,ca.3998522,218
2026-09-28,del_112_wh_hl_01,ca.4027219,322
2026-09-28,del_112_wh_hl_01,ca.4161703,276
2026-09-28,del_112_wh_hl_01,ca.4242893,333
2026-09-28,del_112_wh_hl_01,ca.4271132,146
2026-09-28,del_113_wh_hl_01,ca.3854426,158
2026-09-28,del_113_wh_hl_01,ca.3947755,134
2026-09-28,del_113_wh_hl_01,ca.3948654,213
2026-09-28,del_113_wh_hl_01,ca.4022505,42
2026-09-28,del_113_wh_hl_01,ca.4135474,310
2026-09-28,del_113_wh_hl_01,ca.4150685,286
2026-09-28,del_113_wh_hl_01,ca.4168549,2
2026-09-28,del_113_wh_hl_01,imranali.vc,7
2026-09-28,del_113_wh_hl_01,umeshmaheshwari.3pldel1,1
2026-09-28,del_116_wh_hl_01,ca.3897919,600
2026-09-28,del_116_wh_hl_01,ca.3898123,495
2026-09-28,del_116_wh_hl_01,ca.4116128,304
2026-09-28,del_116_wh_hl_01,ca.4121692,422
2026-09-28,del_116_wh_hl_01,ca.4211934,239
2026-09-28,del_116_wh_hl_01,ca.4217546,86
2026-09-28,del_116_wh_hl_01,ca.4359447,90
2026-09-28,del_116_wh_hl_01,ca.4359458,19
2026-09-28,del_116_wh_hl_01,ca.4359480,117
2026-09-28,del_116_wh_hl_01,ca.4364269,58
2026-09-28,del_116_wh_hl_01,faizahmadmd.vc,5
2026-09-28,del_117_wh_hl_01,ajaya28.vc,998
2026-09-28,del_117_wh_hl_01,ca.3965508,1111
2026-09-28,del_117_wh_hl_01,ca.4210271,609
2026-09-28,del_117_wh_hl_01,shivamyadav10.vc,121
2026-09-28,del_117_wh_hl_01,vickyv8.vc,517
2026-09-28,del_118_wh_hl_01,ca.3871428,1418
2026-09-28,del_118_wh_hl_01,ca.3884658,206
2026-09-28,del_118_wh_hl_01,ca.4028393,1225
2026-09-28,del_118_wh_hl_01,ca.4117944,1334
2026-09-28,del_118_wh_hl_01,ca.4198847,259
2026-09-28,del_118_wh_hl_01,ca.4275725,287
2026-09-28,del_119_wh_hl_01,akashkumar19.vc,5
2026-09-28,del_119_wh_hl_01,ca.3893034,562
2026-09-28,del_119_wh_hl_01,ca.3906010,101
2026-09-28,del_119_wh_hl_01,ca.4014699,7
2026-09-28,del_119_wh_hl_01,ca.4102155,1097
2026-09-28,del_121_wh_hl_01,anujkumar16.vc,222
2026-09-28,del_121_wh_hl_01,ca.3521224,1
2026-09-28,del_121_wh_hl_01,ca.3905136,7
2026-09-28,del_121_wh_hl_01,ca.4019608,1
2026-09-28,del_121_wh_hl_01,ca.4056655,187
2026-09-28,del_121_wh_hl_01,nijamudinn1.vc,133
2026-09-28,del_121_wh_hl_01,rajeshyadav3.vc,31
2026-09-28,del_122_wh_hl_01,ca.3659438,59
2026-09-28,del_122_wh_hl_01,ca.3908921,465
2026-09-28,del_122_wh_hl_01,ca.4134548,88
2026-09-28,del_122_wh_hl_01,ca.4139992,1005
2026-09-28,del_122_wh_hl_01,ca.4140724,787
2026-09-28,del_122_wh_hl_01,ca.4240813,558
2026-09-28,del_122_wh_hl_01,ca.4367417,91
2026-09-28,del_123_wh_hl_01,ca.3886024,4
2026-09-28,del_123_wh_hl_01,ca.3890844,643
2026-09-28,del_123_wh_hl_01,ca.3945110,471
2026-09-28,del_123_wh_hl_01,ca.3959599,888
2026-09-28,del_123_wh_hl_01,ca.4141959,327
2026-09-28,del_123_wh_hl_01,ca.4265650,1233
2026-09-28,del_123_wh_hl_01,ca.4352067,643
2026-09-28,del_123_wh_hl_01,ca.4359433,446
2026-09-28,del_123_wh_hl_01,sudheerverma.vc,10
2026-09-28,del_124_wh_hl_01,ca.3902718,331
2026-09-28,del_124_wh_hl_01,ca.4127134,436
2026-09-28,del_124_wh_hl_01,ca.4166506,701
2026-09-28,del_124_wh_hl_01,ca.4236304,599
2026-09-28,del_124_wh_hl_01,ca.4240826,390
2026-09-28,del_124_wh_hl_01,ca.4290602,368
2026-09-28,del_124_wh_hl_01,yogeshkumar14.vc,23
2026-09-28,del_125_wh_hl_01,ca.4007423,37
2026-09-28,del_125_wh_hl_01,ca.4168181,138
2026-09-28,del_125_wh_hl_01,ca.4358945,5
2026-09-28,del_125_wh_hl_01,dheerajkumar20.vc,3
2026-09-28,del_125_wh_hl_01,obadaabdull.vc,46
2026-09-28,del_126_wh_hl_01,amankumar39.vc,87
2026-09-28,del_126_wh_hl_01,ca.3428158,1
2026-09-28,del_126_wh_hl_01,ca.3864643,12
2026-09-28,del_126_wh_hl_01,ca.3881193,78
2026-09-28,del_126_wh_hl_01,ca.3891661,107
2026-09-28,del_126_wh_hl_01,ca.3892102,31
2026-09-28,del_126_wh_hl_01,ca.3901028,11
2026-09-28,del_126_wh_hl_01,ca.3905473,115
2026-09-28,del_126_wh_hl_01,ca.3992159,69
2026-09-28,del_126_wh_hl_01,ca.4025526,15
2026-09-28,del_126_wh_hl_01,ca.4095221,147
2026-09-28,del_126_wh_hl_01,ca.4205170,80
2026-09-28,del_126_wh_hl_01,ca.4363389,85
2026-09-28,del_127_wh_hl_01,lma.100001630036,18
2026-09-28,del_127_wh_hl_01,lma.100001630086,5
2026-09-28,del_128_wh_hl_01,ca.3609569,478
2026-09-28,del_128_wh_hl_01,ca.3966107,366
2026-09-28,del_128_wh_hl_01,ca.4151089,661
2026-09-28,del_128_wh_hl_01,ca.4190743,250
2026-09-28,del_128_wh_hl_01,ca.4227020,236
2026-09-28,del_128_wh_hl_01,ca.4283588,301
2026-09-28,del_128_wh_hl_01,kishorek1.vc,21
2026-09-28,del_128_wh_hl_01,prakashp3.vc,139
2026-09-28,del_135_wh_hl_01,ca.3837774,95
2026-09-28,del_135_wh_hl_01,ca.4029064,88
2026-09-28,del_135_wh_hl_01,ca.4033209,41
2026-09-28,del_135_wh_hl_01,ca.4232323,124
2026-09-28,del_135_wh_hl_01,ca.4284791,91
2026-09-28,del_135_wh_hl_01,ca.4285817,3
2026-09-28,del_135_wh_hl_01,ca.4288997,60
2026-09-28,del_135_wh_hl_01,ca.4354472,21
2026-09-28,del_135_wh_hl_01,ca.4359254,257
2026-09-28,del_135_wh_hl_01,gauravg17.vc,2
2026-09-28,del_136_wh_hl_01,ca.3616023,290
2026-09-28,del_136_wh_hl_01,ca.3891398,172
2026-09-28,del_136_wh_hl_01,ca.4014854,509
2026-09-28,del_136_wh_hl_01,ca.4116973,415
2026-09-28,del_136_wh_hl_01,ca.4273376,477
2026-09-28,del_136_wh_hl_01,ca.4293244,654
2026-09-28,del_136_wh_hl_01,ca.4298049,104
2026-09-28,del_136_wh_hl_01,ca.4360811,723
2026-09-28,del_136_wh_hl_01,gauravojha.vc,7
2026-09-28,del_140_wh_hl_01,ca.3979724,230
2026-09-28,del_141_wh_hl_01,ca.3856375,15
2026-09-28,del_141_wh_hl_01,ca.3985439,197
2026-09-28,del_141_wh_hl_01,ca.4071063,143
2026-09-28,del_141_wh_hl_01,ca.4098363,8
2026-09-28,del_141_wh_hl_01,ca.4193937,77
2026-09-28,del_141_wh_hl_01,ca.4262341,8
2026-09-28,del_141_wh_hl_01,ca.4265624,18
2026-09-28,del_141_wh_hl_01,yogeshnagpal2.vc,1
2026-09-28,del_142_wh_hl_01,ca.3919273,1
2026-09-28,del_142_wh_hl_01,ca.4275057,442
2026-09-28,del_142_wh_hl_01,sumit.sharma8,1
2026-09-28,del_143_wh_hl_01,ashishtiwari1.vc,15
2026-09-28,del_143_wh_hl_01,ca.4181810,30
2026-09-28,del_143_wh_hl_01,ca.4191351,53
2026-09-28,del_143_wh_hl_01,ca.4199861,1
2026-09-28,del_143_wh_hl_01,ca.4231475,12
2026-09-28,del_143_wh_hl_01,ca.4246051,29
2026-09-28,del_143_wh_hl_01,ca.4257466,29
2026-09-28,del_147_wh_hl_01,ankita25.vc,10
2026-09-28,del_147_wh_hl_01,ca.3846736,211
2026-09-28,del_147_wh_hl_01,ca.3890405,69
2026-09-28,del_147_wh_hl_01,ca.4158457,351
2026-09-28,del_147_wh_hl_01,ca.4343388,1231
2026-09-28,del_147_wh_hl_01,ishitaaggarwal.vc,516
2026-09-28,del_148_wh_hl_01,ca.4057334,253
2026-09-28,del_148_wh_hl_01,ca.4168531,109
2026-09-28,del_148_wh_hl_01,ca.4206793,560
2026-09-28,del_148_wh_hl_01,ca.4227751,2084
2026-09-28,del_148_wh_hl_01,deepakd37.vc,8
2026-09-28,del_149_wh_hl_01,ca.3922865,101
2026-09-28,del_149_wh_hl_01,ca.4065417,181
2026-09-28,del_14_wh_hl_01,ca.3322386,631
2026-09-28,del_14_wh_hl_01,ca.3454000,499
2026-09-28,del_14_wh_hl_01,ca.3455302,328
2026-09-28,del_14_wh_hl_01,ca.3879795,793
2026-09-28,del_14_wh_hl_01,ca.4101747,448
2026-09-28,del_14_wh_hl_01,ca.4108617,1389
2026-09-28,del_14_wh_hl_01,ca.4245723,383
2026-09-28,del_14_wh_hl_01,ca.4263959,74
2026-09-28,del_14_wh_hl_01,ca.4294571,189
2026-09-28,del_14_wh_hl_01,prabhatkumarray.vc,34
2026-09-28,del_150_wh_hl_01,ca.4016533,107
2026-09-28,del_150_wh_hl_01,ca.4260732,52
2026-09-28,del_151_wh_hl_01,ashokkumar20.vc,438
2026-09-28,del_151_wh_hl_01,ca.3879257,114
2026-09-28,del_151_wh_hl_01,ca.4155716,450
2026-09-28,del_151_wh_hl_01,ca.4165219,409
2026-09-28,del_151_wh_hl_01,ca.4271361,80
2026-09-28,del_151_wh_hl_01,ca.4277649,213
2026-09-28,del_151_wh_hl_01,ca.4287956,595
2026-09-28,del_151_wh_hl_01,ca.4363743,541
2026-09-28,del_152_wh_hl_01,ca.3458371,36
2026-09-28,del_152_wh_hl_01,ca.3903482,23
2026-09-28,del_152_wh_hl_01,ca.3938913,374
2026-09-28,del_152_wh_hl_01,ca.4085229,429
2026-09-28,del_152_wh_hl_01,ca.4158391,306
2026-09-28,del_152_wh_hl_01,ca.4168527,701
2026-09-28,del_152_wh_hl_01,ca.4168572,325
2026-09-28,del_152_wh_hl_01,harishchandra1.vc,1
2026-09-28,del_153_wh_hl_01,ca.4031224,170
2026-09-28,del_153_wh_hl_01,ca.4262503,148
2026-09-28,del_154_wh_hl_01,amitkumar74.vc,6
2026-09-28,del_154_wh_hl_01,ayusha.vc,5
2026-09-28,del_154_wh_hl_01,ca.3952687,67
2026-09-28,del_154_wh_hl_01,ca.3963235,333
2026-09-28,del_154_wh_hl_01,ca.3986451,188
2026-09-28,del_154_wh_hl_01,ca.3998044,160
2026-09-28,del_154_wh_hl_01,ca.4141690,118
2026-09-28,del_154_wh_hl_01,ca.4150840,185
2026-09-28,del_156_wh_hl_01,ca.3879981,99
2026-09-28,del_156_wh_hl_01,ca.3989517,128
2026-09-28,del_156_wh_hl_01,ca.4196182,282
2026-09-28,del_156_wh_hl_01,ca.4284377,487
2026-09-28,del_156_wh_hl_01,ca.4285898,251
2026-09-28,del_156_wh_hl_01,vinayv9.vc,10
2026-09-28,del_158_wh_hl_01,ca.3458656,577
2026-09-28,del_158_wh_hl_01,ca.3719753,100
2026-09-28,del_158_wh_hl_01,ca.3981237,174
2026-09-28,del_158_wh_hl_01,ca.4026125,801
2026-09-28,del_158_wh_hl_01,ca.4059077,451
2026-09-28,del_158_wh_hl_01,ca.4112909,560
2026-09-28,del_158_wh_hl_01,ca.4165384,311
2026-09-28,del_158_wh_hl_01,ca.4188891,366
2026-09-28,del_158_wh_hl_01,ca.4189460,533
2026-09-28,del_158_wh_hl_01,ca.4238210,871
2026-09-28,del_158_wh_hl_01,ca.4238213,1108
2026-09-28,del_158_wh_hl_01,chandanc11.vc,7
2026-09-28,del_158_wh_hl_01,krishnak7.vc,643
2026-09-28,del_159_wh_hl_01,ca.4072535,443
2026-09-28,del_159_wh_hl_01,ca.4072542,126
2026-09-28,del_159_wh_hl_01,ca.4120875,254
2026-09-28,del_159_wh_hl_01,ca.4128318,253
2026-09-28,del_159_wh_hl_01,ca.4238406,157
2026-09-28,del_159_wh_hl_01,ca.4247188,159
2026-09-28,del_160_wh_hl_01,akasha24.vc,558
2026-09-28,del_160_wh_hl_01,amanyadav5.vc,14
2026-09-28,del_160_wh_hl_01,ca.4020635,418
2026-09-28,del_160_wh_hl_01,ca.4082878,399
2026-09-28,del_160_wh_hl_01,ca.4142989,363
2026-09-28,del_160_wh_hl_01,ca.4147514,240
2026-09-28,del_160_wh_hl_01,ca.4218894,520
2026-09-28,del_160_wh_hl_01,ca.4246146,511
2026-09-28,del_160_wh_hl_01,ca.4272827,368
2026-09-28,del_161_wh_hl_01,ca.3822622,6
2026-09-28,del_161_wh_hl_01,ca.3888558,1
2026-09-28,del_161_wh_hl_01,ca.4246005,5
2026-09-28,del_161_wh_hl_01,ca.4254813,11
2026-09-28,del_161_wh_hl_01,mohammadimran.vc,6
2026-09-28,del_162_wh_hl_01,lma.100001574924,27
2026-09-28,del_162_wh_hl_01,lma.100001575427,186
2026-09-28,del_162_wh_hl_01,lma.100001578263,98
2026-09-28,del_162_wh_hl_01,lma.100001587380,142
2026-09-28,del_162_wh_hl_01,lma.100001587434,869
2026-09-28,del_162_wh_hl_01,lma.100001588150,233
2026-09-28,del_162_wh_hl_01,lma.100001593023,392
2026-09-28,del_162_wh_hl_01,lma.100001594085,366
2026-09-28,del_163_wh_hl_01,lma.100000920940,496
2026-09-28,del_163_wh_hl_01,lma.100001613590,57
2026-09-28,del_163_wh_hl_01,lma.100001615317,331
2026-09-28,del_163_wh_hl_01,lma.100001640664,202
2026-09-28,del_165_wh_hl_01,lma.100001615353,104
2026-09-28,del_165_wh_hl_01,lma.100001615634,323
2026-09-28,del_165_wh_hl_01,lma.100001616641,6
2026-09-28,del_165_wh_hl_01,lma.100001635746,241
2026-09-28,del_165_wh_hl_01,lma.100001635786,804
2026-09-28,del_165_wh_hl_01,lma.100001635803,531
2026-09-28,del_166_wh_hl_01,ca.3922860,63
2026-09-28,del_166_wh_hl_01,ca.3948725,136
2026-09-28,del_166_wh_hl_01,ca.4001840,2
2026-09-28,del_166_wh_hl_01,ca.4005202,380
2026-09-28,del_166_wh_hl_01,ca.4005205,48
2026-09-28,del_166_wh_hl_01,ca.4124537,75
2026-09-28,del_166_wh_hl_01,ca.4283061,95
2026-09-28,del_174_wh_hl_01,ca.3929111,753
2026-09-28,del_174_wh_hl_01,ca.3929112,840
2026-09-28,del_174_wh_hl_01,ca.3938910,1118
2026-09-28,del_174_wh_hl_01,ca.4208094,188
2026-09-28,del_174_wh_hl_01,mahfoozalam.vc,11
2026-09-28,del_178_wh_hl_01,bittub.vc,11
2026-09-28,del_178_wh_hl_01,ca.3894614,359
2026-09-28,del_178_wh_hl_01,ca.4016151,2
2026-09-28,del_178_wh_hl_01,ca.4053094,254
2026-09-28,del_178_wh_hl_01,ca.4279485,60
2026-09-28,del_178_wh_hl_01,harishh4.vc,2
2026-09-28,del_180_wh_hl_01,ca.3892308,2
2026-09-28,del_180_wh_hl_01,ca.4030888,29
2026-09-28,del_180_wh_hl_01,ca.4080873,45
2026-09-28,del_180_wh_hl_01,ca.4082012,90
2026-09-28,del_180_wh_hl_01,ca.4157613,100
2026-09-28,del_180_wh_hl_01,ca.4276594,105
2026-09-28,del_183_wh_hl_01,ajaykumar50.vc,1
2026-09-28,del_183_wh_hl_01,ca.4043479,133
2026-09-28,del_183_wh_hl_01,ca.4172795,143
2026-09-28,del_183_wh_hl_01,ca.4206533,299
2026-09-28,del_183_wh_hl_01,ca.4240849,304
2026-09-28,del_183_wh_hl_01,ca.4256143,121
2026-09-28,del_184_wh_hl_01,arunjoshi.vc,6
2026-09-28,del_184_wh_hl_01,ca.3985245,330
2026-09-28,del_184_wh_hl_01,ca.4061451,538
2026-09-28,del_184_wh_hl_01,ca.4061663,90
2026-09-28,del_184_wh_hl_01,ca.4113761,548
2026-09-28,del_184_wh_hl_01,ca.4274722,810
2026-09-28,del_184_wh_hl_01,ca.4284490,70
2026-09-28,del_184_wh_hl_01,ca.4292373,1021
2026-09-28,del_186_wh_hl_01,jitenderrathore.vc,90
2026-09-28,del_187_wh_hl_01,ca.4181372,87
2026-09-28,del_188_wh_hl_01,amankumarv.vc,1
2026-09-28,del_188_wh_hl_01,ca.3885643,2
2026-09-28,del_188_wh_hl_01,ca.3993360,16
2026-09-28,del_188_wh_hl_01,ca.4002724,96
2026-09-28,del_188_wh_hl_01,ca.4003169,262
2026-09-28,del_188_wh_hl_01,ca.4051668,1265
2026-09-28,del_188_wh_hl_01,ca.4164979,195
2026-09-28,del_188_wh_hl_01,ca.4257510,724
2026-09-28,del_188_wh_hl_01,ca.4260428,590
2026-09-28,del_190_wh_hl_01,ca.4203991,37
2026-09-28,del_191_wh_hl_01,altabhusain.vc,390
2026-09-28,del_191_wh_hl_01,ca.3931710,536
2026-09-28,del_191_wh_hl_01,ca.3931732,338
2026-09-28,del_191_wh_hl_01,ca.3998921,441
2026-09-28,del_191_wh_hl_01,ca.4188423,161
2026-09-28,del_191_wh_hl_01,ca.4261141,348
2026-09-28,del_193_wh_hl_01,ca.3979335,339
2026-09-28,del_193_wh_hl_01,ca.3985254,369
2026-09-28,del_193_wh_hl_01,ca.4031044,867
2026-09-28,del_193_wh_hl_01,ca.4033980,342
2026-09-28,del_193_wh_hl_01,ca.4072502,136
2026-09-28,del_193_wh_hl_01,ca.4179395,459
2026-09-28,del_193_wh_hl_01,ca.4248994,336
2026-09-28,del_193_wh_hl_01,ca.4304895,549
2026-09-28,del_193_wh_hl_01,tanushchauhan.vc,26
2026-09-28,del_194_wh_hl_01,ca.4100130,106
2026-09-28,del_194_wh_hl_01,ca.4120478,20
2026-09-28,del_194_wh_hl_01,ca.4138615,90
2026-09-28,del_194_wh_hl_01,ca.4164798,79
2026-09-28,del_194_wh_hl_01,ca.4238651,20
2026-09-28,del_194_wh_hl_01,ca.4255279,11
2026-09-28,del_194_wh_hl_01,deepaksingh10.vc,24
2026-09-28,del_194_wh_hl_01,laxmansingh2.vc,19
2026-09-28,del_195_wh_hl_01,ca.3541504,318
2026-09-28,del_195_wh_hl_01,ca.3968604,690
2026-09-28,del_195_wh_hl_01,ca.3976053,1018
2026-09-28,del_195_wh_hl_01,ca.4112306,416
2026-09-28,del_195_wh_hl_01,ca.4271622,487
2026-09-28,del_195_wh_hl_01,ca.4364319,476
2026-09-28,del_195_wh_hl_01,dipanshuprasad.vc,18
2026-09-28,del_196_wh_hl_01,ca.3960585,667
2026-09-28,del_196_wh_hl_01,ca.3982612,271
2026-09-28,del_196_wh_hl_01,ca.3983412,173
2026-09-28,del_196_wh_hl_01,ca.3983413,49
2026-09-28,del_196_wh_hl_01,ca.4064537,552
2026-09-28,del_196_wh_hl_01,ca.4146423,667
2026-09-28,del_196_wh_hl_01,ca.4207429,527
2026-09-28,del_196_wh_hl_01,ca.4220413,436
2026-09-28,del_196_wh_hl_01,ca.4379059,58
2026-09-28,del_196_wh_hl_01,prabhatc.vc,23
2026-09-28,del_197_wh_hl_01,abhaykumarverma.vc,8
2026-09-28,del_197_wh_hl_01,ca.4045777,478
2026-09-28,del_197_wh_hl_01,ca.4046417,102
2026-09-28,del_197_wh_hl_01,ca.4123517,521
2026-09-28,del_197_wh_hl_01,ca.4138316,333
2026-09-28,del_197_wh_hl_01,ca.4295672,339
2026-09-28,del_198_wh_hl_01,ca.3907767,28
2026-09-28,del_198_wh_hl_01,ca.4078475,11
2026-09-28,del_198_wh_hl_01,ca.4187654,27
2026-09-28,del_198_wh_hl_01,ca.4189710,6
2026-09-28,del_198_wh_hl_01,ca.4231368,1
2026-09-28,del_198_wh_hl_01,satyam.chauhan,2
2026-09-28,del_199_wh_hl_01,ca.4006116,16
2026-09-28,del_199_wh_hl_01,ca.4009860,89
2026-09-28,del_199_wh_hl_01,ca.4379048,12
2026-09-28,del_199_wh_hl_01,kundanraz.vc,9
2026-09-28,del_200_wh_hl_01,ca.3985919,28
2026-09-28,del_200_wh_hl_01,ca.4072649,47
2026-09-28,del_201_wh_hl_01,ca.4244694,114
2026-09-28,del_201_wh_hl_01,ca.4244714,41
2026-09-28,del_202_wh_hl_01,ca.4056913,307
2026-09-28,del_202_wh_hl_01,ca.4159265,90
2026-09-28,del_202_wh_hl_01,ca.4193946,146
2026-09-28,del_202_wh_hl_01,ca.4238782,715
2026-09-28,del_202_wh_hl_01,deepanshudagar1.vc,12
2026-09-28,del_202_wh_hl_01,varunjangra.vc,1055
2026-09-28,del_207_wh_hl_01,ca.4040459,1
2026-09-28,del_207_wh_hl_01,ca.4168338,51
2026-09-28,del_207_wh_hl_01,ca.4278794,57
2026-09-28,del_207_wh_hl_01,ca.4286547,54
2026-09-28,del_207_wh_hl_01,manishm20.vc,32
2026-09-28,del_209_wh_hl_01,ca.4097268,335
2026-09-28,del_209_wh_hl_01,ca.4097270,212
2026-09-28,del_209_wh_hl_01,ca.4186719,47
2026-09-28,del_209_wh_hl_01,monoor.vc,13
2026-09-28,del_210_wh_hl_01,ca.4277140,43
2026-09-28,del_210_wh_hl_01,ca.4400629,38
2026-09-28,del_213_wh_hl_01,aadilhasana.vc,9
2026-09-28,del_213_wh_hl_01,ca.3738072,229
2026-09-28,del_213_wh_hl_01,ca.4161494,249
2026-09-28,del_213_wh_hl_01,ca.4252181,268
2026-09-28,del_213_wh_hl_01,ca.4259210,291
2026-09-28,del_227_wh_hl_01,ca.4257655,146
2026-09-28,del_227_wh_hl_01,gouravg6.vc,1
2026-09-28,del_229_wh_hl_01,ca.4282951,15
2026-09-28,del_231_wh_hl_01,ca.4230377,82
2026-09-28,del_231_wh_hl_01,ca.4236351,118
2026-09-28,del_231_wh_hl_01,ca.4257194,112
2026-09-28,del_231_wh_hl_01,ca.4341416,33
2026-09-28,del_231_wh_hl_01,yadit.sharma,345
2026-09-28,del_237_wh_hl_01,ca.4261468,88
2026-09-28,del_237_wh_hl_01,ca.4261590,130
2026-09-28,del_237_wh_hl_01,ca.4263387,58
2026-09-28,del_237_wh_hl_01,ca.4273302,30
2026-09-28,del_237_wh_hl_01,ca.4290500,13
2026-09-28,del_237_wh_hl_01,nikhilmishra.vc,55
2026-09-28,del_239_wh_hl_01,ca.4271276,85
2026-09-28,del_239_wh_hl_01,ca.4307033,91
2026-09-28,del_239_wh_hl_01,gauravkumar34.vc,15
2026-09-28,del_243_wh_hl_01,anshua2.vc,181
2026-09-28,del_243_wh_hl_01,ca.4256917,438
2026-09-28,del_243_wh_hl_01,ca.4297626,94
2026-09-28,del_243_wh_hl_01,ca.4300873,196
2026-09-28,del_243_wh_hl_01,ca.4300878,42
2026-09-28,del_243_wh_hl_01,jatinkumar4.vc,108
2026-09-28,del_243_wh_hl_01,sauravkumar9.vc,258
2026-09-28,del_260_wh_hl_01,ca.4265807,20
2026-09-28,del_260_wh_hl_01,ca.4266915,63
2026-09-28,del_260_wh_hl_01,ca.4282173,63
2026-09-28,del_260_wh_hl_01,ca.4302529,23
2026-09-28,del_267_wh_hl_01,ca.4245586,86
2026-09-28,del_267_wh_hl_01,ca.4279643,82
2026-09-28,del_267_wh_hl_01,ca.4319159,36
2026-09-28,del_267_wh_hl_01,ca.4319182,36
2026-09-28,del_267_wh_hl_01,ca.4319239,129
2026-09-28,del_267_wh_hl_01,ca.4319260,109
2026-09-28,del_267_wh_hl_01,ca.4322137,124
2026-09-28,del_267_wh_hl_01,deepakmishra2.vc,66
2026-09-28,del_267_wh_hl_01,vineetkumar1.vc,18
2026-09-28,del_272_wh_hl_01,ca.4293197,307
2026-09-28,del_272_wh_hl_01,ca.4295342,70
2026-09-28,del_272_wh_hl_01,udayu.vc,1
2026-09-28,del_277_wh_hl_01,ca.4076330,342
2026-09-28,del_277_wh_hl_01,ca.4277262,167
2026-09-28,del_277_wh_hl_01,ca.4277329,190
2026-09-28,del_277_wh_hl_01,ca.4295683,278
2026-09-28,del_277_wh_hl_01,ca.4304737,60
2026-09-28,del_281_wh_hl_01,ca.4267274,37
2026-09-28,del_281_wh_hl_01,ca.4276087,3
2026-09-28,del_281_wh_hl_01,ca.4281679,439
2026-09-28,del_282_wh_hl_01,ca.4242216,218
2026-09-28,del_282_wh_hl_01,ca.4351060,138
2026-09-28,del_282_wh_hl_01,ca.4356892,187
2026-09-28,del_282_wh_hl_01,ca.4402015,21
2026-09-28,del_282_wh_hl_01,mohdnadeem.vc,246
2026-09-28,del_289_wh_hl_01,ca.4274146,130
2026-09-28,del_290_wh_hl_01,ca.4266923,52
2026-09-28,del_290_wh_hl_01,surajkumar30.vc,34
2026-09-28,del_291_wh_hl_01,ca.4272862,125
2026-09-28,del_291_wh_hl_01,ca.4274823,5
2026-09-28,del_291_wh_hl_01,ca.4291330,5
2026-09-28,del_310_wh_hl_02,ca.4277202,54
2026-09-28,del_310_wh_hl_02,ca.4280167,96
2026-09-28,del_310_wh_hl_02,ca.4287780,163
2026-09-28,del_310_wh_hl_02,ca.4302561,142
2026-09-28,del_310_wh_hl_02,ca.4302569,149
2026-09-28,del_310_wh_hl_02,mdshahnawaz1.vc,1
2026-09-28,del_901_wh_hl_01,ca.3524483,137
2026-09-28,del_901_wh_hl_01,ca.4162416,66
2026-09-28,del_915_wh_hl_01,aryankumarsingh.vc,533
2026-09-28,del_915_wh_hl_01,ca.3875634,3
2026-09-28,del_915_wh_hl_01,ca.3905208,482
2026-09-28,del_915_wh_hl_01,ca.4220408,1123
2026-09-28,del_915_wh_hl_01,ca.4237033,406
2026-09-28,del_915_wh_hl_01,ca.4238789,455
2026-09-28,del_915_wh_hl_01,ca.4274207,687
2026-09-28,del_957_wh_hl_01,ca.3603751,170
2026-09-28,del_957_wh_hl_01,ca.3770812,636
2026-09-28,del_957_wh_hl_01,ca.3799160,1199
2026-09-28,del_957_wh_hl_01,ca.3877499,3
2026-09-28,del_957_wh_hl_01,ca.3944106,1
2026-09-28,del_957_wh_hl_01,ca.3944114,438
2026-09-28,del_957_wh_hl_01,ca.4010022,330
2026-09-28,del_957_wh_hl_01,ca.4083168,1089
2026-09-28,del_957_wh_hl_01,sandeeps23.vc,14
2026-09-28,del_967_wh_hl_01,ca.3434459,499
2026-09-28,del_967_wh_hl_01,ca.3854022,447
2026-09-28,del_967_wh_hl_01,ca.3891335,69
2026-09-28,del_967_wh_hl_01,ca.4013797,450
2026-09-28,del_967_wh_hl_01,ca.4097528,164
2026-09-28,del_967_wh_hl_01,ca.4123954,39
2026-09-28,del_967_wh_hl_01,ca.4153575,770
2026-09-28,del_967_wh_hl_01,deepakkumar79.vc,10
2026-09-28,dnc_101_wh_hl_01,ca.4102849,59
2026-09-28,dnc_101_wh_hl_01,ca.4173788,7
2026-09-28,dnc_101_wh_hl_01,ca.4207129,1
2026-09-28,dnc_101_wh_hl_01,ca.4212833,1
2026-09-28,dnc_101_wh_hl_01,ca.4221320,201
2026-09-28,dnc_101_wh_hl_01,karank9.vc,2
2026-09-28,dnc_102_wh_hl_01,ankit.kumar27,35
2026-09-28,dnc_102_wh_hl_01,ca.3819070,172
2026-09-28,dnc_102_wh_hl_01,ca.3950735,192
2026-09-28,dnc_102_wh_hl_01,surajs20.vc,1
2026-09-28,dnc_106_wh_hl_01,ca.4147340,2
2026-09-28,dnc_106_wh_hl_01,ca.4172709,441
2026-09-28,dnc_106_wh_hl_01,ca.4240724,682
2026-09-28,dnc_106_wh_hl_01,ca.4286650,273
2026-09-28,dnc_106_wh_hl_01,ca.4286657,234
2026-09-28,dnc_106_wh_hl_01,ca.4300463,25
2026-09-28,dnc_106_wh_hl_01,jyotij3.vc,11
2026-09-28,dnc_107_wh_hl_01,ca.4238167,9
2026-09-28,dnc_107_wh_hl_01,ca.4238518,1
2026-09-28,dnc_107_wh_hl_01,ca.4240721,107
2026-09-28,dnc_107_wh_hl_01,ca.4243401,116
2026-09-28,dnc_107_wh_hl_01,ca.4286610,541
2026-09-28,dnc_107_wh_hl_01,ca.4286639,30
2026-09-28,dnc_107_wh_hl_01,niteshkumar16.vc,20
2026-09-28,dnc_110_wh_hl_01,akshaya9.vc,1
2026-09-28,dnc_110_wh_hl_01,ca.4224685,79
2026-09-28,dnc_110_wh_hl_01,ca.4273745,120
2026-09-28,dnc_114_wh_hl_01,ca.3846752,363
2026-09-28,dnc_114_wh_hl_01,ca.4025482,146
2026-09-28,dnc_114_wh_hl_01,ca.4150311,423
2026-09-28,dnc_114_wh_hl_01,ca.4293303,61
2026-09-28,dnc_114_wh_hl_01,ca.4297642,328
2026-09-28,dnc_114_wh_hl_01,ca.4297645,154
2026-09-28,dnc_114_wh_hl_01,ca.4298042,378
2026-09-28,dnc_114_wh_hl_01,rahulr93.vc,7
2026-09-28,dnc_114_wh_hl_01,subhamkumar6.vc,68
2026-09-28,dnc_117_wh_hl_01,ca.4124509,110
2026-09-28,dnc_117_wh_hl_01,ca.4306777,99
2026-09-28,dnc_117_wh_hl_01,ca.4326122,188
2026-09-28,dnc_117_wh_hl_01,ca.4331358,2
2026-09-28,far_101_wh_hl_01,ca.3860258,46
2026-09-28,far_101_wh_hl_01,ca.3970867,21
2026-09-28,far_101_wh_hl_01,ca.3989237,299
2026-09-28,far_101_wh_hl_01,ca.4069643,734
2026-09-28,far_101_wh_hl_01,ca.4169999,460
2026-09-28,far_101_wh_hl_01,ca.4209268,411
2026-09-28,far_101_wh_hl_01,ca.4256937,803
2026-09-28,far_101_wh_hl_01,ca.4259804,224
2026-09-28,far_101_wh_hl_01,ca.4285731,493
2026-09-28,far_101_wh_hl_01,sunilkumararya.vc,113
2026-09-28,far_102_wh_hl_02,ashutosha4.vc,25
2026-09-28,far_102_wh_hl_02,ca.3634612,29
2026-09-28,far_102_wh_hl_02,ca.3635973,324
2026-09-28,far_102_wh_hl_02,ca.3690022,449
2026-09-28,far_102_wh_hl_02,ca.3746409,253
2026-09-28,far_102_wh_hl_02,ca.3828227,544
2026-09-28,far_102_wh_hl_02,ca.4190390,109
2026-09-28,far_102_wh_hl_02,ca.4323036,316
2026-09-28,far_104_wh_hl_01,ca.4162829,11
2026-09-28,far_104_wh_hl_01,ca.4235162,3
2026-09-28,far_104_wh_hl_01,ca.4268399,172
2026-09-28,far_104_wh_hl_01,ca.4277678,5
2026-09-28,far_104_wh_hl_01,ca.4289446,8
2026-09-28,far_104_wh_hl_01,ca.4298971,2
2026-09-28,far_104_wh_hl_01,kamalsharma2.vc,3
2026-09-28,far_105_wh_hl_01,ca.3705997,1259
2026-09-28,far_105_wh_hl_01,ca.3770939,176
2026-09-28,far_105_wh_hl_01,ca.3827494,142
2026-09-28,far_105_wh_hl_01,ca.3832415,53
2026-09-28,far_105_wh_hl_01,ca.3945517,31
2026-09-28,far_105_wh_hl_01,ca.3961204,93
2026-09-28,far_105_wh_hl_01,ca.4110263,642
2026-09-28,far_105_wh_hl_01,ca.4207970,20
2026-09-28,far_105_wh_hl_01,ca.4343626,72
2026-09-28,far_105_wh_hl_01,gauravg23.vc,198
2026-09-28,far_105_wh_hl_01,nitishkumar17.vc,297
2026-09-28,far_106_wh_hl_01,ca.4189923,36
2026-09-28,far_106_wh_hl_01,ca.4293674,41
2026-09-28,far_106_wh_hl_01,deepaksharma16.vc,105
2026-09-28,far_107_wh_hl_01,ca.4050293,841
2026-09-28,far_107_wh_hl_01,ca.4115123,30
2026-09-28,far_107_wh_hl_01,ravikumar47.vc,90
2026-09-28,far_107_wh_hl_01,sabemansoori.vc,20
2026-09-28,far_107_wh_hl_01,vikash.1,8
2026-09-28,far_108_wh_hl_01,ca.4184444,454
2026-09-28,far_108_wh_hl_01,ca.4215672,307
2026-09-28,far_108_wh_hl_01,ca.4253539,433
2026-09-28,far_108_wh_hl_01,ca.4261069,699
2026-09-28,far_108_wh_hl_01,ca.4264843,269
2026-09-28,far_108_wh_hl_01,ca.4305778,283
2026-09-28,far_108_wh_hl_01,ca.4341411,383
2026-09-28,far_108_wh_hl_01,ca.4343445,18
2026-09-28,far_108_wh_hl_01,sanjoggupta.vc,3
2026-09-28,far_109_wh_hl_01,ca.4033517,140
2026-09-28,far_109_wh_hl_01,ca.4054762,49
2026-09-28,far_110_wh_hl_01,ca.4285830,117
2026-09-28,fbn_105_wh_hl_01,lma.100001601964,29
2026-09-28,fbn_105_wh_hl_01,lma.100001602000,145
2026-09-28,fbn_105_wh_hl_01,lma.100001604741,48
2026-09-28,fbn_105_wh_hl_01,lma.100001604779,27
2026-09-28,ggn_105_wh_hl_01,ca.3461601,872
2026-09-28,ggn_105_wh_hl_01,ca.3653719,28
2026-09-28,ggn_105_wh_hl_01,ca.4151076,198
2026-09-28,ggn_105_wh_hl_01,ravindrajaiswal.vc,310
2026-09-28,ghz_102_wh_hl_01,ca.3777027,512
2026-09-28,ghz_102_wh_hl_01,ca.3891599,154
2026-09-28,ghz_102_wh_hl_01,ca.3961483,558
2026-09-28,ghz_102_wh_hl_01,ca.4027002,43
2026-09-28,ghz_102_wh_hl_01,ca.4074730,312
2026-09-28,ghz_102_wh_hl_01,ca.4107268,500
2026-09-28,ghz_102_wh_hl_01,ca.4142819,1116
2026-09-28,ghz_102_wh_hl_01,ca.4151606,29
2026-09-28,ghz_102_wh_hl_01,nitinn14.vc,11
2026-09-28,ghz_103_wh_hl_01,aniketa6.vc,18
2026-09-28,ghz_103_wh_hl_01,ca.3594802,7
2026-09-28,ghz_103_wh_hl_01,ca.3626036,650
2026-09-28,ghz_103_wh_hl_01,ca.3945440,466
2026-09-28,ghz_103_wh_hl_01,ca.3960129,543
2026-09-28,ghz_103_wh_hl_01,ca.4039331,268
2026-09-28,ghz_103_wh_hl_01,ca.4303174,922
2026-09-28,ghz_103_wh_hl_01,ca.4343967,361
2026-09-28,ghz_103_wh_hl_01,ca.4348374,389
2026-09-28,ghz_103_wh_hl_01,shivamsharma9.vc,560
2026-09-28,ghz_104_wh_hl_01,ca.3527096,24
2026-09-28,ghz_104_wh_hl_01,ca.3865892,148
2026-09-28,ghz_104_wh_hl_01,ca.4007336,149
2026-09-28,ghz_104_wh_hl_01,ca.4289117,192
2026-09-28,ghz_104_wh_hl_01,diwakartripathi.vc,272
2026-09-28,ghz_104_wh_hl_01,sonuchaudhary.vc,119
2026-09-28,ghz_105_wh_hl_01,ankitsharma9.vc,25
2026-09-28,ghz_105_wh_hl_01,ca.3930973,448
2026-09-28,ghz_105_wh_hl_01,ca.4155752,657
2026-09-28,ghz_105_wh_hl_01,ca.4289961,275
2026-09-28,ghz_105_wh_hl_01,rajkumar17.vc,225
2026-09-28,ghz_106_wh_hl_01,ca.3796404,354
2026-09-28,ghz_106_wh_hl_01,ca.3924693,63
2026-09-28,ghz_106_wh_hl_01,ca.4109145,106
2026-09-28,ghz_106_wh_hl_01,ca.4179959,3
2026-09-28,ghz_106_wh_hl_01,ca.4197509,255
2026-09-28,ghz_106_wh_hl_01,ca.4209105,104
2026-09-28,ghz_106_wh_hl_01,ca.4260699,293
2026-09-28,ghz_106_wh_hl_01,ca.4265990,5
2026-09-28,ghz_106_wh_hl_01,ca.4266890,180
2026-09-28,ghz_106_wh_hl_01,ca.4270444,225
2026-09-28,ghz_106_wh_hl_01,deepakkumarm2.vc,10
2026-09-28,ghz_108_wh_hl_01,ca.3831297,111
2026-09-28,ghz_108_wh_hl_01,ca.4198897,208
2026-09-28,ghz_108_wh_hl_01,ca.4208412,138
2026-09-28,ghz_108_wh_hl_01,ca.4222482,483
2026-09-28,ghz_108_wh_hl_01,ca.4300684,55
2026-09-28,ghz_108_wh_hl_01,deepakd26.vc,1
2026-09-28,ghz_109_wh_hl_01,ca.3990637,625
2026-09-28,ghz_109_wh_hl_01,ca.4019609,745
2026-09-28,ghz_109_wh_hl_01,ca.4044387,336
2026-09-28,ghz_109_wh_hl_01,ca.4078855,30
2026-09-28,ghz_109_wh_hl_01,ca.4181168,283
2026-09-28,ghz_109_wh_hl_01,princegautam.vc,287
2026-09-28,ghz_110_wh_hl_01,aadilsaifi.vc,10
2026-09-28,ghz_110_wh_hl_01,ca.4176419,62
2026-09-28,ghz_110_wh_hl_01,ca.4180554,424
2026-09-28,ghz_110_wh_hl_01,ca.4206091,44
2026-09-28,ghz_110_wh_hl_01,ca.4231468,77
2026-09-28,ghz_110_wh_hl_01,ca.4235282,2
2026-09-28,ghz_110_wh_hl_01,ca.4261996,48
2026-09-28,ghz_110_wh_hl_01,ca.4262019,182
2026-09-28,ghz_111_wh_hl_01,ca.4009440,52
2026-09-28,ghz_111_wh_hl_01,ca.4025883,195
2026-09-28,ghz_111_wh_hl_01,ca.4206157,55
2026-09-28,ghz_111_wh_hl_01,rinkur5.vc,4
2026-09-28,ghz_112_wh_hl_01,ca.4173411,137
2026-09-28,ghz_112_wh_hl_01,ca.4173422,163
2026-09-28,ghz_112_wh_hl_01,ca.4179214,395
2026-09-28,ghz_112_wh_hl_01,ca.4200303,109
2026-09-28,ghz_112_wh_hl_01,ca.4260820,506
2026-09-28,ghz_112_wh_hl_01,ca.4270153,1038
2026-09-28,ghz_112_wh_hl_01,ca.4315248,269
2026-09-28,ghz_113_wh_hl_01,ca.4110376,280
2026-09-28,ghz_113_wh_hl_01,ca.4172842,20
2026-09-28,ghz_113_wh_hl_01,ca.4172843,3
2026-09-28,ghz_113_wh_hl_01,ca.4177312,101
2026-09-28,ghz_113_wh_hl_01,ca.4179698,39
2026-09-28,ghz_113_wh_hl_01,ca.4179729,154
2026-09-28,ghz_113_wh_hl_01,ca.4234789,242
2026-09-28,ghz_113_wh_hl_01,ca.4237327,52
2026-09-28,ghz_113_wh_hl_01,rohitkumar62.vc,1
2026-09-28,ghz_114_wh_hl_01,ca.4080436,35
2026-09-28,ghz_114_wh_hl_01,ca.4139215,127
2026-09-28,ghz_114_wh_hl_01,ca.4148657,7
2026-09-28,ghz_114_wh_hl_01,ca.4223592,175
2026-09-28,ghz_114_wh_hl_01,ca.4251023,173
2026-09-28,ghz_114_wh_hl_01,jonij.vc,4
2026-09-28,ghz_115_wh_hl_01,ca.4156704,28
2026-09-28,ghz_115_wh_hl_01,ca.4278692,24
2026-09-28,ghz_116_wh_hl_01,ca.4226622,153
2026-09-28,ghz_116_wh_hl_01,ca.4244275,604
2026-09-28,ghz_116_wh_hl_01,ca.4249599,85
2026-09-28,ghz_116_wh_hl_01,ca.4266910,242
2026-09-28,ghz_116_wh_hl_01,pushpendras4.vc,7
2026-09-28,ghz_117_wh_hl_01,ca.4119615,486
2026-09-28,ghz_117_wh_hl_01,ca.4122195,581
2026-09-28,ghz_117_wh_hl_01,ca.4132374,256
2026-09-28,ghz_117_wh_hl_01,ca.4136593,32
2026-09-28,ghz_117_wh_hl_01,ca.4190087,57
2026-09-28,ghz_117_wh_hl_01,ca.4278684,477
2026-09-28,ghz_117_wh_hl_01,ca.4292027,593
2026-09-28,ghz_117_wh_hl_01,ca.4302235,113
2026-09-28,ghz_117_wh_hl_01,manjeetkumar5.vc,1
2026-09-28,ghz_117_wh_hl_01,rachitkumar1.vc,647
2026-09-28,ghz_118_wh_hl_01,ca.4050799,195
2026-09-28,ghz_118_wh_hl_01,ca.4051929,333
2026-09-28,ghz_118_wh_hl_01,ca.4051931,9
2026-09-28,ghz_118_wh_hl_01,ca.4053558,158
2026-09-28,ghz_118_wh_hl_01,ca.4065103,41
2026-09-28,ghz_118_wh_hl_01,ca.4088155,129
2026-09-28,ghz_118_wh_hl_01,chandreshkumar.vc,9
2026-09-28,ghz_119_wh_hl_01,ca.4150691,400
2026-09-28,ghz_119_wh_hl_01,ca.4252382,257
2026-09-28,ghz_119_wh_hl_01,ca.4382472,122
2026-09-28,ghz_119_wh_hl_01,gagankain.vc,236
2026-09-28,ghz_119_wh_hl_01,vishalkumar38.vc,299
2026-09-28,ghz_121_wh_hl_01,ca.4067006,908
2026-09-28,ghz_121_wh_hl_01,ca.4187761,505
2026-09-28,ghz_121_wh_hl_01,ca.4204442,12
2026-09-28,ghz_121_wh_hl_01,rohit.r18,94
2026-09-28,ghz_121_wh_hl_01,vikaskhatik.vc,13
2026-09-28,ghz_124_wh_hl_01,ca.4270195,141
2026-09-28,ghz_124_wh_hl_01,ca.4270771,292
2026-09-28,ghz_124_wh_hl_01,ca.4272485,8
2026-09-28,ghz_124_wh_hl_01,ca.4283701,188
2026-09-28,ghz_124_wh_hl_01,chandankumar19.vc,315
2026-09-28,ghz_128_wh_hl_01,aamirali.vc,5
2026-09-28,ghz_128_wh_hl_01,ca.4224140,9
2026-09-28,gkp_103_wh_hl_01,adityapriyag.vc,151
2026-09-28,gkp_103_wh_hl_01,ca.4184319,1304
2026-09-28,gkp_103_wh_hl_01,ca.4184365,467
2026-09-28,gkp_103_wh_hl_01,ca.4278645,177
2026-09-28,gkp_103_wh_hl_01,ca.4293919,349
2026-09-28,gkp_103_wh_hl_01,ca.4349476,115
2026-09-28,gkp_103_wh_hl_01,ca.4360516,153
2026-09-28,gkp_104_wh_hl_01,ca.4232804,16
2026-09-28,gkp_104_wh_hl_01,ca.4245522,2
2026-09-28,gkp_104_wh_hl_01,ca.4257563,24
2026-09-28,gkp_104_wh_hl_01,ca.4260667,71
2026-09-28,gkp_104_wh_hl_01,rajendrapathak.vc,1
2026-09-28,gkp_104_wh_hl_01,yamunalalv.vc,3
2026-09-28,gkp_105_wh_hl_01,ca.4200188,428
2026-09-28,gkp_105_wh_hl_01,ca.4201840,118
2026-09-28,gkp_105_wh_hl_01,ca.4243827,380
2026-09-28,gkp_105_wh_hl_01,ca.4248669,349
2026-09-28,gkp_105_wh_hl_01,ca.4256075,278
2026-09-28,gkp_105_wh_hl_01,mohdazhar1.vc,580
2026-09-28,gkp_105_wh_hl_01,rohityadav9.vc,438
2026-09-28,gur_101_wh_hl_01,ca.3362799,96
2026-09-28,gur_101_wh_hl_01,ca.3831106,91
2026-09-28,gur_101_wh_hl_01,ca.4071970,199
2026-09-28,gur_101_wh_hl_01,ca.4163482,120
2026-09-28,gur_101_wh_hl_01,rohitkumar43.vc,6
2026-09-28,gur_102_wh_hl_01,ca.3525491,647
2026-09-28,gur_102_wh_hl_01,ca.3839280,420
2026-09-28,gur_102_wh_hl_01,ca.4014436,522
2026-09-28,gur_102_wh_hl_01,ca.4273032,331
2026-09-28,gur_102_wh_hl_01,ca.4290722,322
2026-09-28,gur_102_wh_hl_01,ca.4325153,1071
2026-09-28,gur_102_wh_hl_01,mukeshkumar33.vc,20
2026-09-28,gur_103_wh_hl_01,ca.3368711,11
2026-09-28,gur_103_wh_hl_01,ca.3454338,1397
2026-09-28,gur_103_wh_hl_01,ca.3887697,121
2026-09-28,gur_103_wh_hl_01,ca.3905080,144
2026-09-28,gur_103_wh_hl_01,ca.4025508,999
2026-09-28,gur_103_wh_hl_01,ca.4202462,82
2026-09-28,gur_104_wh_hl_01,ca.3452744,387
2026-09-28,gur_104_wh_hl_01,ca.3460712,462
2026-09-28,gur_104_wh_hl_01,ca.3830080,230
2026-09-28,gur_104_wh_hl_01,ca.3880162,1342
2026-09-28,gur_104_wh_hl_01,ca.3906038,65
2026-09-28,gur_104_wh_hl_01,ca.3962408,553
2026-09-28,gur_104_wh_hl_01,ca.4054282,335
2026-09-28,gur_104_wh_hl_01,ca.4089733,260
2026-09-28,gur_104_wh_hl_01,ca.4207929,412
2026-09-28,gur_104_wh_hl_01,ca.4207931,335
2026-09-28,gur_104_wh_hl_01,ca.4223534,630
2026-09-28,gur_104_wh_hl_01,ca.4251187,152
2026-09-28,gur_104_wh_hl_01,ca.4279671,547
2026-09-28,gur_104_wh_hl_01,ca.4379501,623
2026-09-28,gur_104_wh_hl_01,rajkumar11.vc,24
2026-09-28,gur_106_wh_hl_01,ca.4110595,1
2026-09-28,gur_106_wh_hl_01,ca.4221293,138
2026-09-28,gur_106_wh_hl_01,ca.4232744,173
2026-09-28,gur_108_wh_hl_01,ca.3711607,34
2026-09-28,gur_108_wh_hl_01,ca.3820840,131
2026-09-28,gur_108_wh_hl_01,ca.3988816,95
2026-09-28,gur_108_wh_hl_01,ca.4179904,9
2026-09-28,gur_108_wh_hl_01,rohitsuyal.vc,203
2026-09-28,gur_109_wh_hl_01,ca.3406826,178
2026-09-28,gur_109_wh_hl_01,ca.3407657,137
2026-09-28,gur_109_wh_hl_01,ca.3846299,51
2026-09-28,gur_109_wh_hl_01,ca.3930995,8
2026-09-28,gur_109_wh_hl_01,ca.3993310,5
2026-09-28,gur_109_wh_hl_01,ca.4021857,1
2026-09-28,gur_109_wh_hl_01,ca.4255677,2
2026-09-28,gur_110_wh_hl_01,ca.3460747,360
2026-09-28,gur_110_wh_hl_01,ca.3874869,505
2026-09-28,gur_110_wh_hl_01,ca.4184618,368
2026-09-28,gur_110_wh_hl_01,ca.4187541,371
2026-09-28,gur_110_wh_hl_01,ca.4231438,189
2026-09-28,gur_110_wh_hl_01,ca.4257956,328
2026-09-28,gur_110_wh_hl_01,ca.4282686,731
2026-09-28,gur_110_wh_hl_01,ca.4367878,617
2026-09-28,gur_110_wh_hl_01,ca.4382842,399
2026-09-28,gur_110_wh_hl_01,dharmprakash.vc,6
2026-09-28,gur_111_wh_hl_01,lma.100001582168,39
2026-09-28,gur_111_wh_hl_01,lma.100001588435,457
2026-09-28,gur_111_wh_hl_01,lma.100001588444,399
2026-09-28,gur_111_wh_hl_01,lma.100001588857,273
2026-09-28,gur_112_wh_hl_01,ca.3600107,180
2026-09-28,gur_112_wh_hl_01,ca.4164591,17
2026-09-28,gur_113_wh_hl_01,ca.3885167,21
2026-09-28,gur_113_wh_hl_01,ca.4066649,10
2026-09-28,gur_113_wh_hl_01,ca.4249618,11
2026-09-28,gur_113_wh_hl_01,ca.4354804,19
2026-09-28,gur_114_wh_hl_01,ca.3474880,121
2026-09-28,gur_114_wh_hl_01,ca.3831378,55
2026-09-28,gur_114_wh_hl_01,ca.3838088,42
2026-09-28,gur_114_wh_hl_01,ca.4025633,90
2026-09-28,gur_114_wh_hl_01,ca.4179732,40
2026-09-28,gur_114_wh_hl_01,ca.4275160,17
2026-09-28,gur_114_wh_hl_01,mdallauddin.vc,3
2026-09-28,gur_115_wh_hl_01,ca.3707495,114
2026-09-28,gur_115_wh_hl_01,ca.3735383,245
2026-09-28,gur_115_wh_hl_01,ca.4029359,330
2026-09-28,gur_115_wh_hl_01,ca.4237159,423
2026-09-28,gur_115_wh_hl_01,ca.4343285,337
2026-09-28,gur_115_wh_hl_01,deepakkumar69.vc,24
2026-09-28,gur_117_wh_hl_01,ca.3594845,150
2026-09-28,gur_117_wh_hl_01,ca.3829780,36
2026-09-28,gur_117_wh_hl_01,ca.3837009,210
2026-09-28,gur_117_wh_hl_01,ca.4050195,22
2026-09-28,gur_117_wh_hl_01,ca.4147372,26
2026-09-28,gur_117_wh_hl_01,saurabhsahu1.vc,10
2026-09-28,gur_118_wh_hl_01,ca.4170327,218
2026-09-28,gur_118_wh_hl_01,ca.4172984,31
2026-09-28,gur_121_wh_hl_01,akashyadav4.vc,1
2026-09-28,gur_121_wh_hl_01,ca.4226371,159
2026-09-28,gur_121_wh_hl_01,ca.4381158,226
2026-09-28,gur_122_wh_hl_01,bhanugoyal.vc,1
2026-09-28,gur_122_wh_hl_01,ca.4260407,24
2026-09-28,gur_122_wh_hl_01,ca.4305846,43
2026-09-28,gur_124_wh_hl_01,ca.3959125,7
2026-09-28,gur_124_wh_hl_01,ca.4154011,1
2026-09-28,gur_124_wh_hl_01,ca.4207849,30
2026-09-28,gur_124_wh_hl_01,ca.4219322,14
2026-09-28,gur_124_wh_hl_01,ca.4222923,1
2026-09-28,gur_124_wh_hl_01,ca.4248236,84
2026-09-28,gur_124_wh_hl_01,surendrasingh3.vc,1
2026-09-28,gur_127_wh_hl_01,ca.4074028,124
2026-09-28,gur_127_wh_hl_01,ca.4306319,222
2026-09-28,gur_129_wh_hl_01,ca.3971693,125
2026-09-28,gur_129_wh_hl_01,ca.3993612,24
2026-09-28,gur_129_wh_hl_01,ca.4114432,320
2026-09-28,gur_129_wh_hl_01,ca.4277254,67
2026-09-28,gur_129_wh_hl_01,yogeshy20.vc,117
2026-09-28,gur_130_wh_hl_01,ca.4130737,27
2026-09-28,gur_130_wh_hl_01,ca.4140530,1
2026-09-28,gur_130_wh_hl_01,ca.4264045,169
2026-09-28,gur_130_wh_hl_01,ca.4264050,33
2026-09-28,gur_130_wh_hl_01,ca.4286892,76
2026-09-28,gur_130_wh_hl_01,neerajn18.vc,12
2026-09-28,gur_131_wh_hl_01,ca.4103859,771
2026-09-28,gur_131_wh_hl_01,ca.4108717,207
2026-09-28,gur_131_wh_hl_01,ca.4108734,502
2026-09-28,gur_131_wh_hl_01,ca.4212982,723
2026-09-28,gur_131_wh_hl_01,ca.4214173,203
2026-09-28,gur_131_wh_hl_01,ca.4230052,307
2026-09-28,gur_131_wh_hl_01,shubhansuc.vc,17
2026-09-28,gur_135_wh_hl_01,ca.4132218,264
2026-09-28,gur_135_wh_hl_01,ca.4137200,535
2026-09-28,gur_135_wh_hl_01,ca.4305827,1123
2026-09-28,gur_135_wh_hl_01,ca.4313900,44
2026-09-28,gur_135_wh_hl_01,rishabhkumar5.vc,3
2026-09-28,guw_101_wh_hl_01,ca.4181589,12
2026-09-28,guw_101_wh_hl_01,ca.4182672,12
2026-09-28,guw_101_wh_hl_01,ca.4317491,1
2026-09-28,guw_101_wh_hl_01,ca.4348141,3
2026-09-28,guw_101_wh_hl_01,hirakjyotik.vc,29
2026-09-28,guw_101_wh_hl_01,manabdas1.vc,36
2026-09-28,guw_102_wh_hl_01,ca.3904704,767
2026-09-28,guw_102_wh_hl_01,ca.3956607,88
2026-09-28,guw_102_wh_hl_01,ca.4113998,106
2026-09-28,guw_102_wh_hl_01,ca.4228613,534
2026-09-28,guw_102_wh_hl_01,ca.4228662,238
2026-09-28,guw_102_wh_hl_01,ca.4265445,432
2026-09-28,guw_102_wh_hl_01,ca.4267983,679
2026-09-28,guw_102_wh_hl_01,ca.4280734,1409
2026-09-28,guw_102_wh_hl_01,ca.4355458,806
2026-09-28,guw_102_wh_hl_01,himansuborah.vc,5
2026-09-28,guw_102_wh_hl_01,surajboruah.vc,783
2026-09-28,guw_104_wh_hl_01,ca.3833863,205
2026-09-28,guw_104_wh_hl_01,ca.3894199,176
2026-09-28,guw_104_wh_hl_01,ca.3956986,47
2026-09-28,guw_104_wh_hl_01,ca.4078476,598
2026-09-28,guw_104_wh_hl_01,ca.4081070,523
2026-09-28,guw_104_wh_hl_01,ca.4084830,200
2026-09-28,guw_104_wh_hl_01,ca.4117648,338
2026-09-28,guw_104_wh_hl_01,ca.4131449,97
2026-09-28,guw_104_wh_hl_01,ca.4139656,15
2026-09-28,guw_104_wh_hl_01,ca.4196853,200
2026-09-28,guw_104_wh_hl_01,ca.4227432,189
2026-09-28,guw_104_wh_hl_01,ca.4275950,635
2026-09-28,guw_104_wh_hl_01,ca.4275978,172
2026-09-28,guw_104_wh_hl_01,ca.4278835,429
2026-09-28,guw_104_wh_hl_01,ca.4347818,987
2026-09-28,guw_105_wh_hl_01,ca.3854806,378
2026-09-28,guw_105_wh_hl_01,ca.3976842,795
2026-09-28,guw_105_wh_hl_01,ca.4026739,929
2026-09-28,guw_105_wh_hl_01,ca.4167206,825
2026-09-28,guw_105_wh_hl_01,ca.4174702,1380
2026-09-28,guw_105_wh_hl_01,ca.4230160,1435
2026-09-28,guw_105_wh_hl_01,mdinzamamulh.vc,118
2026-09-28,guw_106_wh_hl_01,ca.3886537,727
2026-09-28,guw_106_wh_hl_01,ca.4024458,701
2026-09-28,guw_106_wh_hl_01,ca.4079828,958
2026-09-28,guw_106_wh_hl_01,ca.4137559,497
2026-09-28,guw_106_wh_hl_01,ca.4270554,807
2026-09-28,guw_106_wh_hl_01,ca.4275694,1120
2026-09-28,guw_106_wh_hl_01,ca.4293366,855
2026-09-28,guw_106_wh_hl_01,ca.4315853,1168
2026-09-28,guw_107_wh_hl_01,ca.4066953,999
2026-09-28,guw_107_wh_hl_01,ca.4075929,408
2026-09-28,guw_107_wh_hl_01,ca.4154298,548
2026-09-28,guw_107_wh_hl_01,ca.4223103,528
2026-09-28,guw_107_wh_hl_01,ca.4238766,748
2026-09-28,guw_107_wh_hl_01,ca.4266011,1132
2026-09-28,guw_107_wh_hl_01,ca.4270078,1616
2026-09-28,guw_107_wh_hl_01,ca.4351061,914
2026-09-28,guw_107_wh_hl_01,ca.4360446,1027
2026-09-28,guw_108_wh_hl_01,ca.3485671,578
2026-09-28,guw_108_wh_hl_01,ca.3909876,1070
2026-09-28,guw_108_wh_hl_01,ca.3993088,352
2026-09-28,guw_108_wh_hl_01,ca.4068742,485
2026-09-28,guw_108_wh_hl_01,ca.4187198,271
2026-09-28,guw_108_wh_hl_01,ca.4202670,1781
2026-09-28,guw_108_wh_hl_01,ca.4296489,706
2026-09-28,guw_108_wh_hl_01,kaushikbarman.vc,97
2026-09-28,guw_109_wh_hl_01,ca.3772053,289
2026-09-28,guw_109_wh_hl_01,ca.3835997,1361
2026-09-28,guw_109_wh_hl_01,ca.3908588,1044
2026-09-28,guw_109_wh_hl_01,ca.4018790,1510
2026-09-28,guw_109_wh_hl_01,ca.4123576,96
2026-09-28,guw_109_wh_hl_01,ca.4137375,749
2026-09-28,guw_109_wh_hl_01,ca.4138955,717
2026-09-28,guw_109_wh_hl_01,ca.4229981,5
2026-09-28,guw_109_wh_hl_01,ca.4285188,1296
2026-09-28,guw_109_wh_hl_01,ca.4286277,784
2026-09-28,guw_109_wh_hl_01,lahitpathak.vc,5
2026-09-28,guw_110_wh_hl_01,adityachoudhury.vc,328
2026-09-28,guw_110_wh_hl_01,ca.3799435,454
2026-09-28,guw_110_wh_hl_01,ca.3896896,1068
2026-09-28,guw_110_wh_hl_01,ca.3996615,502
2026-09-28,guw_110_wh_hl_01,ca.4018207,861
2026-09-28,guw_110_wh_hl_01,ca.4150846,490
2026-09-28,guw_110_wh_hl_01,ca.4192260,340
2026-09-28,guw_117_wh_hl_01,ca.3911560,861
2026-09-28,guw_117_wh_hl_01,ca.3915295,598
2026-09-28,guw_117_wh_hl_01,ca.3956982,540
2026-09-28,guw_117_wh_hl_01,ca.4022637,352
2026-09-28,guw_117_wh_hl_01,ca.4022672,239
2026-09-28,guw_117_wh_hl_01,ca.4125696,208
2026-09-28,guw_117_wh_hl_01,shakirahmed.vc,497
2026-09-28,guw_119_wh_hl_01,ca.3922685,528
2026-09-28,guw_119_wh_hl_01,ca.4100127,247
2026-09-28,guw_119_wh_hl_01,ca.4183264,606
2026-09-28,guw_119_wh_hl_01,ca.4214179,730
2026-09-28,guw_119_wh_hl_01,ca.4220599,518
2026-09-28,guw_119_wh_hl_01,ca.4224200,953
2026-09-28,guw_119_wh_hl_01,ca.4291539,728
2026-09-28,guw_119_wh_hl_01,vumswranggoyary.vc,5
2026-09-28,guw_120_wh_hl_01,ca.3977945,1194
2026-09-28,guw_120_wh_hl_01,ca.3989603,394
2026-09-28,guw_120_wh_hl_01,ca.4123860,349
2026-09-28,guw_120_wh_hl_01,ca.4173189,430
2026-09-28,guw_120_wh_hl_01,ca.4184226,131
2026-09-28,guw_120_wh_hl_01,ca.4249324,457
2026-09-28,guw_120_wh_hl_01,ca.4249330,459
2026-09-28,guw_120_wh_hl_01,ca.4270565,638
2026-09-28,guw_120_wh_hl_01,ca.4291932,158
2026-09-28,guw_121_wh_hl_01,ca.3895738,1551
2026-09-28,guw_121_wh_hl_01,ca.3905100,39
2026-09-28,guw_121_wh_hl_01,ca.4030058,634
2026-09-28,guw_121_wh_hl_01,ca.4118876,1
2026-09-28,guw_121_wh_hl_01,ca.4126351,710
2026-09-28,guw_121_wh_hl_01,ca.4129959,309
2026-09-28,guw_121_wh_hl_01,ca.4168102,1488
2026-09-28,guw_121_wh_hl_01,ca.4286896,239
2026-09-28,guw_121_wh_hl_01,kulendeka.vc,46
2026-09-28,guw_121_wh_hl_01,paragmonidas1.vc,7
2026-09-28,guw_122_wh_hl_01,bishaldutta.vc,65
2026-09-28,guw_122_wh_hl_01,ca.4000504,12
2026-09-28,guw_122_wh_hl_01,ca.4012961,69
2026-09-28,guw_122_wh_hl_01,ca.4145794,74
2026-09-28,guw_122_wh_hl_01,ca.4168028,103
2026-09-28,guw_122_wh_hl_01,ca.4287990,25
2026-09-28,guw_122_wh_hl_01,ca.4288067,137
2026-09-28,guw_122_wh_hl_01,ca.4296118,50
2026-09-28,guw_122_wh_hl_01,ca.4363911,156
2026-09-28,guw_122_wh_hl_01,ca.4372360,154
2026-09-28,guw_122_wh_hl_01,ca.4372362,294
2026-09-28,guw_122_wh_hl_01,ca.4372366,98
2026-09-28,guw_122_wh_hl_01,jyoti.k1,70
2026-09-28,guw_122_wh_hl_01,sofizulhaque.vc,51
2026-09-28,guw_123_wh_hl_01,ca.4195609,71
2026-09-28,guw_123_wh_hl_01,ca.4196858,47
2026-09-28,guw_123_wh_hl_01,ca.4257685,42
2026-09-28,guw_124_wh_hl_01,ca.4181604,15
2026-09-28,guw_124_wh_hl_01,ca.4184211,17
2026-09-28,guw_124_wh_hl_01,ca.4288063,33
2026-09-28,guw_125_wh_hl_01,bikramchetry.vc,3
2026-09-28,guw_127_wh_hl_01,ca.4181613,99
2026-09-28,guw_128_wh_hl_01,ca.4097381,68
2026-09-28,guw_128_wh_hl_01,ca.4307736,24
2026-09-28,guw_130_wh_hl_01,ca.4180063,24
2026-09-28,guw_130_wh_hl_01,ca.4290053,3
2026-09-28,guw_130_wh_hl_01,ca.4310929,2
2026-09-28,guw_131_wh_hl_01,ca.4184964,315
2026-09-28,guw_131_wh_hl_01,ca.4249528,238
2026-09-28,guw_131_wh_hl_01,ca.4303024,189
2026-09-28,guw_131_wh_hl_01,ca.4371097,181
2026-09-28,guw_131_wh_hl_01,dhirajparajuli.vc,163
2026-09-28,guw_131_wh_hl_01,subratamsinha.vc,4
2026-09-28,gwa_103_wh_hl_01,ca.4172647,111
2026-09-28,gwa_103_wh_hl_01,deepaksinghr.vc,116
2026-09-28,gwa_103_wh_hl_01,navalsingh.vc,1
2026-09-28,gwa_105_wh_hl_01,harshitmishra.vc,9
2026-09-28,gwa_105_wh_hl_01,rudhrapratap.vc,48
2026-09-28,gwa_105_wh_hl_01,shyamsunder2.vc,1
2026-09-28,gwa_105_wh_hl_01,suhail.khan1,57
2026-09-28,haz_101_wh_hl_01,ca.4238255,10
2026-09-28,haz_101_wh_hl_01,munnadasgoswami.vc,2
2026-09-28,haz_102_wh_hl_01,ca.4291570,2
2026-09-28,haz_103_wh_hl_01,ca.4158163,4
2026-09-28,hub_101_wh_hl_01,ca.3978827,3
2026-09-28,hub_101_wh_hl_01,ca.3978868,146
2026-09-28,hub_101_wh_hl_01,ca.4064348,65
2026-09-28,hub_101_wh_hl_01,ca.4067772,1
2026-09-28,hub_101_wh_hl_01,ca.4257004,135
2026-09-28,hub_101_wh_hl_01,ca.4307771,22
2026-09-28,hub_101_wh_hl_01,ca.4366724,3
2026-09-28,hub_102_wh_hl_01,ca.4053231,198
2026-09-28,hub_102_wh_hl_01,ca.4067380,46
2026-09-28,hub_102_wh_hl_01,ca.4103687,122
2026-09-28,hub_102_wh_hl_01,ca.4276165,4
2026-09-28,hub_102_wh_hl_01,ca.4278434,113
2026-09-28,hub_102_wh_hl_01,prateekbatte.vc,16
2026-09-28,hyd_101_wh_hl_01,ca.3816608,54
2026-09-28,hyd_101_wh_hl_01,ca.4211614,224
2026-09-28,hyd_101_wh_hl_01,ca.4214929,90
2026-09-28,hyd_101_wh_hl_01,ca.4259163,32
2026-09-28,hyd_101_wh_hl_01,paldugus.vc,263
2026-09-28,hyd_102_wh_hl_01,arpulashankar.vc,192
2026-09-28,hyd_102_wh_hl_01,ca.4033777,2
2026-09-28,hyd_102_wh_hl_01,ca.4143949,16
2026-09-28,hyd_102_wh_hl_01,ca.4195235,1
2026-09-28,hyd_102_wh_hl_01,ca.4215853,30
2026-09-28,hyd_102_wh_hl_01,ca.4233840,5
2026-09-28,hyd_102_wh_hl_01,ca.4395791,102
2026-09-28,hyd_103_wh_hl_01,ca.4058259,16
2026-09-28,hyd_103_wh_hl_01,ca.4198705,2
2026-09-28,hyd_103_wh_hl_01,ca.4210141,8
2026-09-28,hyd_103_wh_hl_01,ca.4225176,65
2026-09-28,hyd_103_wh_hl_01,ca.4225952,53
2026-09-28,hyd_103_wh_hl_01,ca.4371502,53
2026-09-28,hyd_104_wh_hl_01,budigeshivaiah.vc,65
2026-09-28,hyd_104_wh_hl_01,ca.4020323,167
2026-09-28,hyd_104_wh_hl_01,ca.4139023,156
2026-09-28,hyd_104_wh_hl_01,ca.4308104,123
2026-09-28,hyd_104_wh_hl_01,ca.4314655,147
2026-09-28,hyd_104_wh_hl_01,ca.4326269,39
2026-09-28,hyd_104_wh_hl_01,ca.4378966,41
2026-09-28,hyd_104_wh_hl_01,gampaharinig.vc,216
2026-09-28,hyd_104_wh_hl_01,nakkanithinc.vc,3
2026-09-28,hyd_104_wh_hl_01,ramavathchanti.vc,10
2026-09-28,hyd_105_wh_hl_01,borrapraveen.vc,613
2026-09-28,hyd_105_wh_hl_01,ca.4173267,19
2026-09-28,hyd_105_wh_hl_01,ca.4173283,63
2026-09-28,hyd_105_wh_hl_01,ca.4205631,241
2026-09-28,hyd_105_wh_hl_01,ca.4213098,229
2026-09-28,hyd_105_wh_hl_01,ca.4368684,49
2026-09-28,hyd_105_wh_hl_01,ca.4376133,298
2026-09-28,hyd_106_wh_hl_01,ca.3984401,131
2026-09-28,hyd_106_wh_hl_01,ca.3997687,160
2026-09-28,hyd_106_wh_hl_01,ca.4133162,136
2026-09-28,hyd_106_wh_hl_01,ca.4234434,41
2026-09-28,hyd_106_wh_hl_01,ca.4241345,180
2026-09-28,hyd_106_wh_hl_01,pogulas.vc,7
2026-09-28,hyd_106_wh_hl_01,veduruparthim.vc,3
2026-09-28,hyd_108_wh_hl_01,ca.3822075,150
2026-09-28,hyd_108_wh_hl_01,ca.4099788,13
2026-09-28,hyd_108_wh_hl_01,ca.4117449,99
2026-09-28,hyd_108_wh_hl_01,ca.4238258,78
2026-09-28,hyd_108_wh_hl_01,ca.4238395,95
2026-09-28,hyd_108_wh_hl_01,ca.4378776,92
2026-09-28,hyd_108_wh_hl_01,kondurup.vc,2
2026-09-28,hyd_109_wh_hl_01,lma.100001600443,1
2026-09-28,hyd_109_wh_hl_01,lma.100001600479,1
2026-09-28,hyd_109_wh_hl_01,lma.100001667337,153
2026-09-28,hyd_110_wh_hl_01,ca.3981229,69
2026-09-28,hyd_110_wh_hl_01,ca.4225462,241
2026-09-28,hyd_110_wh_hl_01,ca.4258318,61
2026-09-28,hyd_110_wh_hl_01,ca.4314934,39
2026-09-28,hyd_111_wh_hl_01,ca.3875119,15
2026-09-28,hyd_111_wh_hl_01,ca.3890369,9
2026-09-28,hyd_111_wh_hl_01,ca.3893159,1
2026-09-28,hyd_111_wh_hl_01,ca.4042167,1
2026-09-28,hyd_111_wh_hl_01,manneajaykumar.vc,32
2026-09-28,hyd_112_wh_hl_01,ca.4010989,28
2026-09-28,hyd_112_wh_hl_01,ca.4019577,55
2026-09-28,hyd_112_wh_hl_01,ca.4070251,13
2026-09-28,hyd_112_wh_hl_01,myakalaanvesh.vc,22
2026-09-28,hyd_114_wh_hl_01,ca.4220102,33
2026-09-28,hyd_114_wh_hl_01,ca.4243885,75
2026-09-28,hyd_114_wh_hl_01,ca.4256040,6
2026-09-28,hyd_115_wh_hl_01,ca.3877476,194
2026-09-28,hyd_115_wh_hl_01,ca.4190718,157
2026-09-28,hyd_115_wh_hl_01,ca.4203855,494
2026-09-28,hyd_115_wh_hl_01,ca.4208912,282
2026-09-28,hyd_115_wh_hl_01,ca.4222975,60
2026-09-28,hyd_115_wh_hl_01,ca.4272741,125
2026-09-28,hyd_115_wh_hl_01,pasupuletic.vc,197
2026-09-28,hyd_115_wh_hl_01,thiruveedulav.vc,25
2026-09-28,hyd_116_wh_hl_01,ca.4074644,105
2026-09-28,hyd_116_wh_hl_01,ca.4167091,48
2026-09-28,hyd_116_wh_hl_01,ca.4295488,76
2026-09-28,hyd_116_wh_hl_01,ca.4325692,60
2026-09-28,hyd_116_wh_hl_01,dhakannagaris.vc,18
2026-09-28,hyd_116_wh_hl_01,gunreddysandip.vc,14
2026-09-28,hyd_117_wh_hl_01,banothut.vc,1
2026-09-28,hyd_117_wh_hl_01,ca.4255333,67
2026-09-28,hyd_118_wh_hl_01,ca.3904022,39
2026-09-28,hyd_118_wh_hl_01,ca.4122539,83
2026-09-28,hyd_118_wh_hl_01,ca.4157968,91
2026-09-28,hyd_118_wh_hl_01,ca.4195040,9
2026-09-28,hyd_118_wh_hl_01,ca.4275803,110
2026-09-28,hyd_118_wh_hl_01,ca.4345849,167
2026-09-28,hyd_118_wh_hl_01,gurujalas.vc,39
2026-09-28,hyd_118_wh_hl_01,pullurup.vc,139
2026-09-28,hyd_119_wh_hl_01,ca.3868648,22
2026-09-28,hyd_119_wh_hl_01,ca.3868673,7
2026-09-28,hyd_119_wh_hl_01,ca.3884821,118
2026-09-28,hyd_119_wh_hl_01,ca.4186037,244
2026-09-28,hyd_119_wh_hl_01,ca.4274189,92
2026-09-28,hyd_119_wh_hl_01,ca.4291502,198
2026-09-28,hyd_119_wh_hl_01,mallimpallis.vc,56
2026-09-28,hyd_120_wh_hl_01,ca.3832826,581
2026-09-28,hyd_120_wh_hl_01,ca.4046779,87
2026-09-28,hyd_120_wh_hl_01,ca.4274081,374
2026-09-28,hyd_120_wh_hl_01,rajkumarr11.vc,40
2026-09-28,hyd_121_wh_hl_01,lma.100001610919,47
2026-09-28,hyd_121_wh_hl_01,lma.100001613187,67
2026-09-28,hyd_122_wh_hl_01,ca.3834279,635
2026-09-28,hyd_122_wh_hl_01,ca.3984641,217
2026-09-28,hyd_122_wh_hl_01,ca.4149118,145
2026-09-28,hyd_122_wh_hl_01,ca.4180511,58
2026-09-28,hyd_122_wh_hl_01,kodimallav.vc,407
2026-09-28,hyd_122_wh_hl_01,thangallpallib.vc,7
2026-09-28,hyd_123_wh_hl_01,ca.4303203,11
2026-09-28,hyd_123_wh_hl_01,ca.4304080,87
2026-09-28,hyd_123_wh_hl_01,ca.4305138,4
2026-09-28,hyd_124_wh_hl_01,ca.4032347,133
2026-09-28,hyd_124_wh_hl_01,ca.4033710,31
2026-09-28,hyd_124_wh_hl_01,ca.4046039,11
2026-09-28,hyd_124_wh_hl_01,ca.4046645,9
2026-09-28,hyd_124_wh_hl_01,laxmanl.vc,2
2026-09-28,hyd_124_wh_hl_01,tegalar.vc,127
2026-09-28,hyd_125_wh_hl_01,ca.4215316,24
2026-09-28,hyd_125_wh_hl_01,ca.4222666,237
2026-09-28,hyd_125_wh_hl_01,ca.4294559,122
2026-09-28,hyd_125_wh_hl_01,ca.4341101,289
2026-09-28,hyd_125_wh_hl_01,saiv.vc,34
2026-09-28,hyd_125_wh_hl_01,syedasif.vc,3
2026-09-28,hyd_126_wh_hl_01,ca.4121294,185
2026-09-28,hyd_126_wh_hl_01,ca.4121638,415
2026-09-28,hyd_126_wh_hl_01,ca.4272444,227
2026-09-28,hyd_126_wh_hl_01,ca.4283988,212
2026-09-28,hyd_126_wh_hl_01,ca.4375416,311
2026-09-28,hyd_126_wh_hl_01,sripadasaikiran.vc,20
2026-09-28,hyd_126_wh_hl_01,syedahamedalih.vc,50
2026-09-28,hyd_127_wh_hl_01,ca.3819148,17
2026-09-28,hyd_127_wh_hl_01,ca.3849422,20
2026-09-28,hyd_127_wh_hl_01,ca.3900415,80
2026-09-28,hyd_127_wh_hl_01,duggepoguwilson.vc,268
2026-09-28,hyd_127_wh_hl_01,mohdsaleemuddin.vc,3
2026-09-28,hyd_130_wh_hl_01,lma.100001545541,138
2026-09-28,hyd_130_wh_hl_01,lma.100001550371,52
2026-09-28,hyd_130_wh_hl_01,lma.100001550392,45
2026-09-28,hyd_130_wh_hl_01,lma.100001557296,95
2026-09-28,hyd_130_wh_hl_01,lma.100001557307,2
2026-09-28,hyd_130_wh_hl_01,lma.100001557337,174
2026-09-28,hyd_131_wh_hl_01,boda.anjaneyulu,17
2026-09-28,hyd_131_wh_hl_01,ca.3929695,2
2026-09-28,hyd_131_wh_hl_01,ca.4047635,88
2026-09-28,hyd_131_wh_hl_01,gandhamyuvaraj.vc,6
2026-09-28,hyd_133_wh_hl_01,ca.4138850,20
2026-09-28,hyd_133_wh_hl_01,ca.4183876,14
2026-09-28,hyd_133_wh_hl_01,ca.4222875,56
2026-09-28,hyd_133_wh_hl_01,lavdiyanaveen.vc,7
2026-09-28,hyd_134_wh_hl_01,lma.100001539777,164
2026-09-28,hyd_134_wh_hl_01,lma.100001549162,369
2026-09-28,hyd_134_wh_hl_01,lma.100001549208,256
2026-09-28,hyd_134_wh_hl_01,lma.100001549232,47
2026-09-28,hyd_134_wh_hl_01,lma.100001566696,214
2026-09-28,hyd_134_wh_hl_01,lma.100001566697,275
2026-09-28,hyd_134_wh_hl_01,lma.100001566699,259
2026-09-28,hyd_134_wh_hl_01,lma.100001566705,348
2026-09-28,hyd_134_wh_hl_01,lma.100001602800,30
2026-09-28,hyd_135_wh_hl_01,ca.3893240,118
2026-09-28,hyd_135_wh_hl_01,ca.3911303,39
2026-09-28,hyd_135_wh_hl_01,ca.4057674,23
2026-09-28,hyd_135_wh_hl_01,ca.4183009,3
2026-09-28,hyd_135_wh_hl_01,gudipallynavek.vc,4
2026-09-28,hyd_135_wh_hl_01,karribalaraju.vc,2
2026-09-28,hyd_136_wh_hl_01,ca.4132711,5
2026-09-28,hyd_136_wh_hl_01,ca.4158998,2
2026-09-28,hyd_136_wh_hl_01,ca.4159719,10
2026-09-28,hyd_136_wh_hl_01,ca.4235262,11
2026-09-28,hyd_136_wh_hl_01,ca.4245119,21
2026-09-28,hyd_136_wh_hl_01,ca.4252398,76
2026-09-28,hyd_136_wh_hl_01,ca.4318008,14
2026-09-28,hyd_137_wh_hl_01,ca.3965039,17
2026-09-28,hyd_137_wh_hl_01,ca.4105335,59
2026-09-28,hyd_137_wh_hl_01,ca.4156965,51
2026-09-28,hyd_137_wh_hl_01,guntojucharan.vc,63
2026-09-28,hyd_137_wh_hl_01,kyadharirahul.vc,52
2026-09-28,hyd_138_wh_hl_01,ca.3901410,96
2026-09-28,hyd_138_wh_hl_01,ca.4049070,15
2026-09-28,hyd_138_wh_hl_01,ca.4315118,37
2026-09-28,hyd_138_wh_hl_01,ca.4373348,18
2026-09-28,hyd_138_wh_hl_01,ca.4378987,259
2026-09-28,hyd_138_wh_hl_01,guvvavarun.vc,1
2026-09-28,hyd_138_wh_hl_01,papinenidileep.vc,110
2026-09-28,hyd_139_wh_hl_01,ca.3879508,73
2026-09-28,hyd_139_wh_hl_01,ca.3889049,117
2026-09-28,hyd_139_wh_hl_01,ca.4233717,98
2026-09-28,hyd_139_wh_hl_01,ca.4243609,116
2026-09-28,hyd_139_wh_hl_01,ca.4381049,45
2026-09-28,hyd_139_wh_hl_01,poojarikiran.vc,1
2026-09-28,hyd_140_wh_hl_01,ca.3915729,5
2026-09-28,hyd_140_wh_hl_01,ca.4193011,12
2026-09-28,hyd_140_wh_hl_01,ca.4244933,18
2026-09-28,hyd_141_wh_hl_01,ca.4191071,18
2026-09-28,hyd_141_wh_hl_01,nadrigas.vc,1
2026-09-28,hyd_142_wh_hl_01,ca.4077393,10
2026-09-28,hyd_142_wh_hl_01,ca.4276397,15
2026-09-28,hyd_142_wh_hl_01,ca.4287900,15
2026-09-28,hyd_142_wh_hl_01,ca.4373019,46
2026-09-28,hyd_146_wh_hl_01,bangarideepak.vc,2
2026-09-28,hyd_146_wh_hl_01,ca.4138848,85
2026-09-28,hyd_146_wh_hl_01,ca.4294408,111
2026-09-28,hyd_146_wh_hl_01,ca.4294434,135
2026-09-28,hyd_146_wh_hl_01,ca.4371743,32
2026-09-28,hyd_146_wh_hl_01,owksumanth.vc,199
2026-09-28,hyd_147_wh_hl_01,ca.4015200,123
2026-09-28,hyd_147_wh_hl_01,ca.4020520,48
2026-09-28,hyd_147_wh_hl_01,ca.4035913,7
2026-09-28,hyd_147_wh_hl_01,ca.4264680,43
2026-09-28,hyd_147_wh_hl_01,ca.4332021,2
2026-09-28,hyd_147_wh_hl_01,ca.4352166,273
2026-09-28,hyd_147_wh_hl_01,ravutlabhargav.vc,174
2026-09-28,hyd_149_wh_hl_01,ca.3939475,39
2026-09-28,hyd_149_wh_hl_01,ca.3944868,52
2026-09-28,hyd_149_wh_hl_01,ca.3945989,212
2026-09-28,hyd_149_wh_hl_01,ca.3948843,11
2026-09-28,hyd_149_wh_hl_01,ca.4023632,56
2026-09-28,hyd_149_wh_hl_01,ca.4253392,39
2026-09-28,hyd_149_wh_hl_01,ca.4299096,295
2026-09-28,hyd_149_wh_hl_01,ca.4360621,307
2026-09-28,hyd_149_wh_hl_01,edgiarunkumar.vc,165
2026-09-28,hyd_149_wh_hl_01,makkenav.vc,5
2026-09-28,hyd_150_wh_hl_01,ca.4010109,35
2026-09-28,hyd_150_wh_hl_01,ca.4123790,174
2026-09-28,hyd_150_wh_hl_01,ca.4152472,170
2026-09-28,hyd_150_wh_hl_01,ca.4262263,315
2026-09-28,hyd_150_wh_hl_01,orusushivakumar.vc,89
2026-09-28,hyd_150_wh_hl_01,yerrakuntar.vc,202
2026-09-28,hyd_151_wh_hl_01,anemurajesh.vc,15
2026-09-28,hyd_151_wh_hl_01,ca.4119426,36
2026-09-28,hyd_151_wh_hl_01,ca.4130288,3
2026-09-28,hyd_151_wh_hl_01,ca.4225966,40
2026-09-28,hyd_152_wh_hl_01,ca.4164449,180
2026-09-28,hyd_152_wh_hl_01,ca.4249177,57
2026-09-28,hyd_152_wh_hl_01,ca.4275249,79
2026-09-28,hyd_152_wh_hl_01,ca.4275262,100
2026-09-28,hyd_152_wh_hl_01,ca.4296556,424
2026-09-28,hyd_152_wh_hl_01,ca.4318699,101
2026-09-28,hyd_152_wh_hl_01,ca.4318723,122
2026-09-28,hyd_152_wh_hl_01,modemanil.vc,11
2026-09-28,hyd_153_wh_hl_01,lma.100001287533,5
2026-09-28,hyd_153_wh_hl_01,lma.100001610947,142
2026-09-28,hyd_153_wh_hl_01,lma.100001611002,61
2026-09-28,hyd_153_wh_hl_01,lma.100001614460,117
2026-09-28,hyd_153_wh_hl_01,lma.100001670576,55
2026-09-28,hyd_154_wh_hl_01,lma.100001613779,85
2026-09-28,hyd_155_wh_hl_01,ca.4217772,67
2026-09-28,hyd_155_wh_hl_01,ca.4271102,54
2026-09-28,hyd_155_wh_hl_01,ca.4275510,127
2026-09-28,hyd_155_wh_hl_01,ca.4286008,67
2026-09-28,hyd_155_wh_hl_01,ca.4289500,47
2026-09-28,hyd_155_wh_hl_01,ca.4291033,7
2026-09-28,hyd_155_wh_hl_01,ca.4309881,52
2026-09-28,hyd_155_wh_hl_01,ca.4319391,19
2026-09-28,hyd_155_wh_hl_01,ca.4354794,146
2026-09-28,hyd_155_wh_hl_01,ca.4374710,66
2026-09-28,hyd_155_wh_hl_01,ca.4386329,37
2026-09-28,hyd_156_wh_hl_01,ca.3939832,100
2026-09-28,hyd_156_wh_hl_01,ca.4085735,105
2026-09-28,hyd_156_wh_hl_01,ca.4179503,127
2026-09-28,hyd_156_wh_hl_01,ca.4180193,35
2026-09-28,hyd_156_wh_hl_01,ca.4380515,49
2026-09-28,hyd_156_wh_hl_01,lingamvijay.vc,2
2026-09-28,hyd_157_wh_hl_01,ca.4319494,20
2026-09-28,hyd_157_wh_hl_01,ca.4325216,45
2026-09-28,hyd_157_wh_hl_01,ca.4392186,87
2026-09-28,hyd_158_wh_hl_01,ca.4115806,61
2026-09-28,hyd_158_wh_hl_01,ca.4139002,12
2026-09-28,hyd_158_wh_hl_01,ca.4139374,4
2026-09-28,hyd_158_wh_hl_01,ca.4142883,105
2026-09-28,hyd_158_wh_hl_01,ca.4144151,44
2026-09-28,hyd_158_wh_hl_01,ca.4184497,125
2026-09-28,hyd_158_wh_hl_01,ca.4214158,56
2026-09-28,hyd_158_wh_hl_01,ca.4262302,63
2026-09-28,hyd_158_wh_hl_01,vallimpulak.vc,3
2026-09-28,hyd_159_wh_hl_01,ca.3936138,36
2026-09-28,hyd_159_wh_hl_01,ca.3956993,1
2026-09-28,hyd_159_wh_hl_01,ca.4259633,17
2026-09-28,hyd_159_wh_hl_01,ca.4261327,129
2026-09-28,hyd_160_wh_hl_02,ca.4096676,49
2026-09-28,hyd_160_wh_hl_02,ca.4273750,29
2026-09-28,hyd_160_wh_hl_02,ca.4312420,56
2026-09-28,hyd_160_wh_hl_02,ca.4329411,15
2026-09-28,hyd_160_wh_hl_02,ca.4393877,20
2026-09-28,hyd_161_wh_hl_01,ca.3946258,99
2026-09-28,hyd_161_wh_hl_01,ca.3998481,134
2026-09-28,hyd_161_wh_hl_01,ca.4131307,73
2026-09-28,hyd_161_wh_hl_01,shaika1.vc,8
2026-09-28,hyd_163_wh_hl_01,ca.4152295,40
2026-09-28,hyd_163_wh_hl_01,ca.4159297,1
2026-09-28,hyd_163_wh_hl_01,ca.4267007,41
2026-09-28,hyd_163_wh_hl_01,kavali.saikiran,1
2026-09-28,hyd_163_wh_hl_01,koppumanikanta.vc,70
2026-09-28,hyd_164_wh_hl_01,lma.100000871628,11
2026-09-28,hyd_164_wh_hl_01,lma.100001549120,13
2026-09-28,hyd_164_wh_hl_01,lma.100001555263,17
2026-09-28,hyd_164_wh_hl_01,lma.100001565199,16
2026-09-28,hyd_164_wh_hl_01,lma.100001566741,6
2026-09-28,hyd_165_wh_hl_01,lma.100001533842,79
2026-09-28,hyd_165_wh_hl_01,lma.100001539132,115
2026-09-28,hyd_165_wh_hl_01,lma.100001566707,187
2026-09-28,hyd_165_wh_hl_01,lma.100001581747,239
2026-09-28,hyd_165_wh_hl_01,lma.100001613350,20
2026-09-28,hyd_165_wh_hl_01,lma.100001613360,167
2026-09-28,hyd_166_wh_hl_01,ca.4150509,68
2026-09-28,hyd_166_wh_hl_01,ca.4150553,36
2026-09-28,hyd_166_wh_hl_01,ca.4249472,18
2026-09-28,hyd_166_wh_hl_01,ca.4257296,83
2026-09-28,hyd_166_wh_hl_01,kavalijayanth.vc,2
2026-09-28,hyd_166_wh_hl_01,marukalar.vc,5
2026-09-28,hyd_167_wh_hl_01,abdulahmed.vc,6
2026-09-28,hyd_167_wh_hl_01,ca.4266271,60
2026-09-28,hyd_167_wh_hl_01,ca.4267676,89
2026-09-28,hyd_167_wh_hl_01,ca.4268322,4
2026-09-28,hyd_167_wh_hl_01,ca.4392003,4
2026-09-28,hyd_170_wh_hl_01,ca.4046632,33
2026-09-28,hyd_170_wh_hl_01,ca.4138678,46
2026-09-28,hyd_170_wh_hl_01,ca.4172281,143
2026-09-28,hyd_170_wh_hl_01,mateenalikhan.vc,1
2026-09-28,hyd_171_wh_hl_01,ca.4149116,42
2026-09-28,hyd_171_wh_hl_01,ca.4253836,46
2026-09-28,hyd_171_wh_hl_01,ca.4342868,388
2026-09-28,hyd_171_wh_hl_01,ca.4344757,34
2026-09-28,hyd_171_wh_hl_01,ca.4356738,7
2026-09-28,hyd_171_wh_hl_01,ca.4362021,56
2026-09-28,hyd_171_wh_hl_01,padidapuvankak.vc,5
2026-09-28,hyd_172_wh_hl_01,ca.4113765,147
2026-09-28,hyd_172_wh_hl_01,ca.4211146,4
2026-09-28,hyd_172_wh_hl_01,ca.4276102,203
2026-09-28,hyd_172_wh_hl_01,ca.4330484,1
2026-09-28,hyd_172_wh_hl_01,ca.4336478,218
2026-09-28,hyd_172_wh_hl_01,ca.4365004,112
2026-09-28,hyd_172_wh_hl_01,chityalav.vc,151
2026-09-28,hyd_173_wh_hl_01,ca.4245037,18
2026-09-28,hyd_174_wh_hl_01,ca.4243117,327
2026-09-28,hyd_174_wh_hl_01,ca.4275854,128
2026-09-28,hyd_174_wh_hl_01,ca.4344818,171
2026-09-28,hyd_174_wh_hl_01,megan.kumar,176
2026-09-28,hyd_176_wh_hl_01,addalev.vc,3
2026-09-28,hyd_176_wh_hl_01,ca.4057676,227
2026-09-28,hyd_176_wh_hl_01,ca.4057695,90
2026-09-28,hyd_176_wh_hl_01,ca.4111043,45
2026-09-28,hyd_176_wh_hl_01,ca.4220018,217
2026-09-28,hyd_176_wh_hl_01,ca.4298344,27
2026-09-28,hyd_178_wh_hl_01,ca.4123120,121
2026-09-28,hyd_178_wh_hl_01,ca.4166511,207
2026-09-28,hyd_178_wh_hl_01,ca.4278321,71
2026-09-28,hyd_178_wh_hl_01,ca.4284112,5
2026-09-28,hyd_178_wh_hl_01,ca.4296051,204
2026-09-28,hyd_178_wh_hl_01,ca.4304438,42
2026-09-28,hyd_178_wh_hl_01,ca.4307425,118
2026-09-28,hyd_178_wh_hl_01,ca.4318039,35
2026-09-28,hyd_178_wh_hl_01,ca.4351380,30
2026-09-28,hyd_178_wh_hl_01,pravakarpanda.vc,148
2026-09-28,hyd_179_wh_hl_01,ca.4167777,35
2026-09-28,hyd_179_wh_hl_01,ca.4188434,92
2026-09-28,hyd_179_wh_hl_01,ca.4238411,76
2026-09-28,hyd_179_wh_hl_01,ca.4246801,212
2026-09-28,hyd_179_wh_hl_01,ca.4299014,201
2026-09-28,hyd_180_wh_hl_01,ca.4076375,63
2026-09-28,hyd_180_wh_hl_01,ca.4156788,64
2026-09-28,hyd_180_wh_hl_01,ca.4235545,16
2026-09-28,hyd_180_wh_hl_01,ca.4373428,96
2026-09-28,hyd_180_wh_hl_01,ca.4382991,5
2026-09-28,hyd_180_wh_hl_01,vikalpkumarroy.vc,2
2026-09-28,hyd_185_wh_hl_01,lma.100001581518,11
2026-09-28,hyd_185_wh_hl_01,lma.100001583314,2
2026-09-28,hyd_185_wh_hl_01,lma.100001613423,35
2026-09-28,hyd_185_wh_hl_01,lma.100001664617,8
2026-09-28,hyd_186_wh_hl_01,badanagantin.vc,15
2026-09-28,hyd_186_wh_hl_01,ca.4077812,24
2026-09-28,hyd_186_wh_hl_01,ca.4243574,236
2026-09-28,hyd_186_wh_hl_01,ca.4307890,93
2026-09-28,hyd_186_wh_hl_01,ca.4309765,11
2026-09-28,hyd_186_wh_hl_01,ca.4309859,144
2026-09-28,hyd_186_wh_hl_01,ca.4312529,68
2026-09-28,hyd_186_wh_hl_01,ca.4313205,99
2026-09-28,hyd_186_wh_hl_01,ca.4318890,33
2026-09-28,hyd_186_wh_hl_01,ca.4320628,131
2026-09-28,hyd_186_wh_hl_01,umaheshreddy.vc,131
2026-09-28,hyd_187_wh_hl_01,bakkurig.vc,12
2026-09-28,hyd_187_wh_hl_01,ca.4229060,53
2026-09-28,hyd_187_wh_hl_01,ca.4276150,49
2026-09-28,hyd_187_wh_hl_01,ca.4282895,4
2026-09-28,hyd_188_wh_hl_01,ca.4120579,29
2026-09-28,hyd_188_wh_hl_01,ca.4120584,141
2026-09-28,hyd_188_wh_hl_01,ca.4196332,33
2026-09-28,hyd_188_wh_hl_01,ca.4312539,56
2026-09-28,hyd_188_wh_hl_01,ca.4356325,21
2026-09-28,hyd_189_wh_hl_01,ca.4089433,11
2026-09-28,hyd_189_wh_hl_01,ca.4092421,17
2026-09-28,hyd_189_wh_hl_01,ca.4092460,46
2026-09-28,hyd_189_wh_hl_01,ca.4106660,20
2026-09-28,hyd_189_wh_hl_01,darap.vc,16
2026-09-28,hyd_189_wh_hl_01,kasturiakash.vc,1
2026-09-28,hyd_190_wh_hl_01,ca.4129290,22
2026-09-28,hyd_190_wh_hl_01,ca.4179760,24
2026-09-28,hyd_191_wh_hl_01,lma.100001581599,9
2026-09-28,hyd_191_wh_hl_01,lma.100001585030,8
2026-09-28,hyd_192_wh_hl_01,ca.4260627,1
2026-09-28,hyd_200_wh_hl_01,lma.100001581680,16
2026-09-28,hyd_200_wh_hl_01,lma.100001581694,83
2026-09-28,hyd_200_wh_hl_01,lma.100001597361,12
2026-09-28,hyd_202_wh_hl_01,lma.100001610898,1
2026-09-28,hyd_202_wh_hl_01,lma.100001611295,36
2026-09-28,hyd_202_wh_hl_01,lma.100001615424,6
2026-09-28,hyd_202_wh_hl_01,lma.100001615435,4
2026-09-28,hyd_202_wh_hl_01,lma.100001615485,29
2026-09-28,jab_103_wh_hl_01,amannamdeo.vc,2
2026-09-28,jab_103_wh_hl_01,ca.4102763,91
2026-09-28,jab_103_wh_hl_01,ca.4102774,201
2026-09-28,jab_103_wh_hl_01,ca.4102943,14
2026-09-28,jab_103_wh_hl_01,ca.4106119,8
2026-09-28,jab_103_wh_hl_01,ca.4315577,52
2026-09-28,jab_104_wh_hl_01,azadpatel.vc,1
2026-09-28,jab_104_wh_hl_01,ca.4102648,47
2026-09-28,jab_104_wh_hl_01,ca.4104028,156
2026-09-28,jab_104_wh_hl_01,ca.4211584,69
2026-09-28,jab_104_wh_hl_01,ca.4319525,27
2026-09-28,jai_101_wh_hl_01,ca.3968656,37
2026-09-28,jai_101_wh_hl_01,ca.4170798,245
2026-09-28,jai_101_wh_hl_01,ca.4231458,57
2026-09-28,jai_101_wh_hl_01,ca.4272150,23
2026-09-28,jai_101_wh_hl_01,narendrasinghj.vc,1
2026-09-28,jai_102_wh_hl_01,ca.3731251,950
2026-09-28,jai_102_wh_hl_01,ca.3975373,29
2026-09-28,jai_102_wh_hl_01,ca.4013086,87
2026-09-28,jai_102_wh_hl_01,ca.4050802,499
2026-09-28,jai_102_wh_hl_01,ca.4259290,1195
2026-09-28,jai_102_wh_hl_01,ca.4272131,137
2026-09-28,jai_103_wh_hl_01,ca.3852414,485
2026-09-28,jai_103_wh_hl_01,ca.4022673,1056
2026-09-28,jai_103_wh_hl_01,ca.4080338,895
2026-09-28,jai_103_wh_hl_01,ca.4137860,361
2026-09-28,jai_103_wh_hl_01,ca.4197537,150
2026-09-28,jai_103_wh_hl_01,ca.4197568,619
2026-09-28,jai_103_wh_hl_01,diwansingh.vc,16
2026-09-28,jai_104_wh_hl_01,arvindkumar24.vc,8
2026-09-28,jai_104_wh_hl_01,ca.3885111,287
2026-09-28,jai_104_wh_hl_01,ca.3901957,546
2026-09-28,jai_104_wh_hl_01,ca.4022722,1006
2026-09-28,jai_104_wh_hl_01,ca.4098062,364
2026-09-28,jai_104_wh_hl_01,ca.4115575,148
2026-09-28,jai_104_wh_hl_01,ca.4139250,1003
2026-09-28,jai_104_wh_hl_01,ca.4163456,119
2026-09-28,jai_106_wh_hl_01,ca.3972500,2134
2026-09-28,jai_106_wh_hl_01,ca.4022594,2
2026-09-28,jai_106_wh_hl_01,ca.4055767,436
2026-09-28,jai_106_wh_hl_01,ca.4078348,1127
2026-09-28,jai_106_wh_hl_01,ca.4220430,198
2026-09-28,jai_107_wh_hl_01,ca.3968191,763
2026-09-28,jai_107_wh_hl_01,ca.4179472,331
2026-09-28,jai_107_wh_hl_01,ca.4227538,987
2026-09-28,jai_107_wh_hl_01,ca.4262932,848
2026-09-28,jai_107_wh_hl_01,ca.4276999,375
2026-09-28,jai_107_wh_hl_01,ca.4284181,1027
2026-09-28,jai_108_wh_hl_01,ca.3936294,350
2026-09-28,jai_108_wh_hl_01,ca.4005306,165
2026-09-28,jai_108_wh_hl_01,ca.4056889,350
2026-09-28,jai_108_wh_hl_01,ca.4165763,2
2026-09-28,jai_108_wh_hl_01,ca.4222246,555
2026-09-28,jai_108_wh_hl_01,ca.4226137,288
2026-09-28,jai_108_wh_hl_01,ca.4259883,80
2026-09-28,jai_108_wh_hl_01,ca.4281460,608
2026-09-28,jai_108_wh_hl_01,pravinsingh.vc,6
2026-09-28,jai_109_wh_hl_01,ca.3474481,145
2026-09-28,jai_109_wh_hl_01,ca.3521457,72
2026-09-28,jai_109_wh_hl_01,ca.3857875,183
2026-09-28,jai_109_wh_hl_01,ca.3910107,582
2026-09-28,jai_109_wh_hl_01,ca.4007386,64
2026-09-28,jai_109_wh_hl_01,ca.4089683,243
2026-09-28,jai_109_wh_hl_01,ca.4122730,269
2026-09-28,jai_109_wh_hl_01,ca.4168965,91
2026-09-28,jai_109_wh_hl_01,ca.4177711,317
2026-09-28,jai_109_wh_hl_01,ca.4229573,146
2026-09-28,jai_109_wh_hl_01,ca.4278213,385
2026-09-28,jai_109_wh_hl_01,ca.4278238,380
2026-09-28,jai_109_wh_hl_01,ca.4278251,183
2026-09-28,jai_109_wh_hl_01,ca.4282574,316
2026-09-28,jai_109_wh_hl_01,ca.4300186,120
2026-09-28,jai_109_wh_hl_01,vikrams2.vc,42
2026-09-28,jai_110_wh_hl_01,ca.3481648,713
2026-09-28,jai_110_wh_hl_01,ca.3972513,499
2026-09-28,jai_110_wh_hl_01,ca.4160316,78
2026-09-28,jai_110_wh_hl_01,ca.4162814,217
2026-09-28,jai_110_wh_hl_01,ca.4272102,656
2026-09-28,jai_110_wh_hl_01,ca.4274485,173
2026-09-28,jai_110_wh_hl_01,ca.4274497,906
2026-09-28,jai_111_wh_hl_01,ca.3984131,437
2026-09-28,jai_111_wh_hl_01,ca.4205812,27
2026-09-28,jai_111_wh_hl_01,ca.4223108,1008
2026-09-28,jai_111_wh_hl_01,ca.4241670,377
2026-09-28,jai_111_wh_hl_01,ca.4242042,1360
2026-09-28,jai_112_wh_hl_01,ca.3870818,861
2026-09-28,jai_112_wh_hl_01,ca.4027360,299
2026-09-28,jai_112_wh_hl_01,ca.4123604,3
2026-09-28,jai_112_wh_hl_01,ca.4210733,200
2026-09-28,jai_112_wh_hl_01,ca.4235069,289
2026-09-28,jai_112_wh_hl_01,ca.4266357,438
2026-09-28,jai_113_wh_hl_01,abhishekp7.vc,3
2026-09-28,jai_113_wh_hl_01,ca.4070568,515
2026-09-28,jai_113_wh_hl_01,ca.4112161,515
2026-09-28,jai_113_wh_hl_01,ca.4182890,31
2026-09-28,jai_113_wh_hl_01,mo.hussain,253
2026-09-28,jai_114_wh_hl_01,ca.3838209,467
2026-09-28,jai_114_wh_hl_01,ca.4000166,991
2026-09-28,jai_114_wh_hl_01,ca.4023288,1010
2026-09-28,jai_114_wh_hl_01,ca.4117522,262
2026-09-28,jai_114_wh_hl_01,ca.4272358,132
2026-09-28,jai_114_wh_hl_01,ca.4343351,490
2026-09-28,jai_114_wh_hl_01,ca.4385456,245
2026-09-28,jai_114_wh_hl_01,sumankumar5.vc,4
2026-09-28,jai_115_wh_hl_01,ca.3630175,1030
2026-09-28,jai_115_wh_hl_01,ca.3832886,173
2026-09-28,jai_115_wh_hl_01,ca.3906523,1
2026-09-28,jai_115_wh_hl_01,ca.4244376,577
2026-09-28,jai_115_wh_hl_01,ca.4343394,764
2026-09-28,jai_115_wh_hl_01,ca.4352241,625
2026-09-28,jai_115_wh_hl_01,pradeep.singh12,24
2026-09-28,jai_116_wh_hl_01,ca.4127881,829
2026-09-28,jai_116_wh_hl_01,ca.4220764,90
2026-09-28,jai_116_wh_hl_01,ca.4229739,174
2026-09-28,jai_116_wh_hl_01,ca.4263697,642
2026-09-28,jai_116_wh_hl_01,ca.4272124,27
2026-09-28,jai_116_wh_hl_01,pradeepmourya.vc,162
2026-09-28,jai_117_wh_hl_01,ca.3602106,373
2026-09-28,jai_117_wh_hl_01,ca.3904466,116
2026-09-28,jai_117_wh_hl_01,ca.4009760,31
2026-09-28,jai_117_wh_hl_01,ca.4012824,1035
2026-09-28,jai_117_wh_hl_01,ca.4142375,231
2026-09-28,jai_117_wh_hl_01,ca.4242588,26
2026-09-28,jai_117_wh_hl_01,ca.4282108,1243
2026-09-28,jai_117_wh_hl_01,ca.4298409,893
2026-09-28,jai_117_wh_hl_01,vikas.sharma6,1
2026-09-28,jai_118_wh_hl_01,ca.3575203,6
2026-09-28,jai_118_wh_hl_01,ca.4046574,178
2026-09-28,jai_118_wh_hl_01,ca.4066175,11
2026-09-28,jai_118_wh_hl_01,ca.4142730,502
2026-09-28,jai_118_wh_hl_01,ca.4206741,166
2026-09-28,jai_118_wh_hl_01,ca.4252542,332
2026-09-28,jai_118_wh_hl_01,ca.4262417,46
2026-09-28,jai_118_wh_hl_01,ca.4264150,6
2026-09-28,jai_118_wh_hl_01,ca.4265119,635
2026-09-28,jai_118_wh_hl_01,ca.4284838,718
2026-09-28,jai_118_wh_hl_01,ca.4306712,637
2026-09-28,jai_118_wh_hl_01,maheshkumary1.vc,4
2026-09-28,jai_118_wh_hl_01,manishnayak.vc,3
2026-09-28,jai_121_wh_hl_01,ca.4152479,514
2026-09-28,jai_121_wh_hl_01,ca.4158344,278
2026-09-28,jai_121_wh_hl_01,ca.4172122,505
2026-09-28,jai_121_wh_hl_01,ca.4255623,582
2026-09-28,jai_121_wh_hl_01,rajendrasingh3.vc,2
2026-09-28,jai_122_wh_hl_01,ca.4134994,354
2026-09-28,jai_122_wh_hl_01,ca.4136786,272
2026-09-28,jai_122_wh_hl_01,ca.4136896,235
2026-09-28,jai_122_wh_hl_01,ca.4237343,274
2026-09-28,jai_122_wh_hl_01,piyushsain.vc,5
2026-09-28,jai_125_wh_hl_01,ca.4293996,124
2026-09-28,jai_125_wh_hl_01,ca.4303934,112
2026-09-28,jai_125_wh_hl_01,ca.4306521,139
2026-09-28,jai_125_wh_hl_01,ca.4312994,387
2026-09-28,jai_125_wh_hl_01,mohmmadshahbak1.vc,5
2026-09-28,jai_127_wh_hl_01,ca.4367797,471
2026-09-28,jai_127_wh_hl_01,ca.4369478,206
2026-09-28,jai_127_wh_hl_01,ca.4369498,281
2026-09-28,jai_127_wh_hl_01,ca.4369509,244
2026-09-28,jai_127_wh_hl_01,ca.4373506,154
2026-09-28,jai_127_wh_hl_01,ca.4383292,112
2026-09-28,jai_127_wh_hl_01,ca.4392746,121
2026-09-28,jai_127_wh_hl_01,ca.4392899,433
2026-09-28,jai_127_wh_hl_01,rahulr102.vc,18
2026-09-28,jai_128_wh_hl_01,ca.4345273,126
2026-09-28,jai_128_wh_hl_01,ca.4345386,27
2026-09-28,jai_128_wh_hl_01,ca.4349540,152
2026-09-28,jai_128_wh_hl_01,ca.4349553,178
2026-09-28,jal_101_wh_hl_01,ca.4081077,316
2026-09-28,jal_101_wh_hl_01,ca.4081781,8
2026-09-28,jal_101_wh_hl_01,ca.4261591,208
2026-09-28,jal_101_wh_hl_01,ca.4285133,111
2026-09-28,jal_101_wh_hl_01,ravikumar45.vc,4
2026-09-28,jal_102_wh_hl_01,ca.4089845,615
2026-09-28,jal_102_wh_hl_01,ca.4089883,142
2026-09-28,jal_102_wh_hl_01,ca.4260797,396
2026-09-28,jal_102_wh_hl_01,neerajkumar21.vc,10
2026-09-28,jal_103_wh_hl_01,ca.4029983,529
2026-09-28,jal_103_wh_hl_01,ca.4031761,660
2026-09-28,jal_103_wh_hl_01,ca.4150963,312
2026-09-28,jal_103_wh_hl_01,ca.4153854,288
2026-09-28,jal_103_wh_hl_01,ca.4260204,489
2026-09-28,jal_103_wh_hl_01,yashpaly4.vc,17
2026-09-28,jal_104_wh_hl_01,ca.4143227,159
2026-09-28,jal_104_wh_hl_01,ca.4156176,157
2026-09-28,jal_104_wh_hl_01,ca.4180535,267
2026-09-28,jal_104_wh_hl_01,ca.4265688,411
2026-09-28,jal_104_wh_hl_01,ca.4306818,559
2026-09-28,jal_104_wh_hl_01,jaspreetsingh6.vc,15
2026-09-28,jam_101_wh_hl_01,ca.4248583,32
2026-09-28,jam_102_wh_hl_01,ca.4153984,31
2026-09-28,jam_103_wh_hl_01,akashkumarsaroj.vc,10
2026-09-28,jam_103_wh_hl_01,ca.4089763,21
2026-09-28,jam_105_wh_hl_01,ca.4046580,26
2026-09-28,jor_102_wh_hl_01,ayusmansaikia.vc,1
2026-09-28,jor_102_wh_hl_01,ca.4031585,268
2026-09-28,jor_102_wh_hl_01,ca.4292418,118
2026-09-28,jor_102_wh_hl_01,ca.4297835,288
2026-09-28,jor_102_wh_hl_01,himangshugogoi.vc,282
2026-09-28,kol_101_wh_hl_01,ca.3570726,24
2026-09-28,kol_101_wh_hl_01,ca.3723800,7
2026-09-28,kol_101_wh_hl_01,ca.3873152,19
2026-09-28,kol_101_wh_hl_01,ca.3974762,175
2026-09-28,kol_101_wh_hl_01,ca.4160599,24
2026-09-28,kol_101_wh_hl_01,ca.4268882,2
2026-09-28,kol_102_wh_hl_01,ca.3416506,93
2026-09-28,kol_102_wh_hl_01,ca.3913531,108
2026-09-28,kol_102_wh_hl_01,ca.3928293,35
2026-09-28,kol_102_wh_hl_01,ca.4001036,174
2026-09-28,kol_102_wh_hl_01,ca.4165256,2
2026-09-28,kol_102_wh_hl_01,ca.4229724,72
2026-09-28,kol_102_wh_hl_01,ca.4263609,238
2026-09-28,kol_102_wh_hl_01,ca.4296837,24
2026-09-28,kol_102_wh_hl_01,ca.4376998,199
2026-09-28,kol_102_wh_hl_01,dipdas.vc,67
2026-09-28,kol_103_wh_hl_01,lma.100001112532,155
2026-09-28,kol_103_wh_hl_01,lma.100001516321,137
2026-09-28,kol_103_wh_hl_01,lma.100001516343,550
2026-09-28,kol_103_wh_hl_01,lma.100001560366,213
2026-09-28,kol_103_wh_hl_01,lma.100001560372,73
2026-09-28,kol_103_wh_hl_01,lma.100001666811,29
2026-09-28,kol_103_wh_hl_01,lma.100001666864,11
2026-09-28,kol_103_wh_hl_01,lma.100001666882,89
2026-09-28,kol_103_wh_hl_01,lma.100001666897,998
2026-09-28,kol_103_wh_hl_01,lma.100001666917,89
2026-09-28,kol_103_wh_hl_01,lma.100001666939,268
2026-09-28,kol_104_wh_hl_01,ca.3526194,18
2026-09-28,kol_104_wh_hl_01,ca.4010341,41
2026-09-28,kol_105_wh_hl_01,ca.3408394,34
2026-09-28,kol_105_wh_hl_01,ca.4148917,77
2026-09-28,kol_105_wh_hl_01,ca.4193720,182
2026-09-28,kol_105_wh_hl_01,ca.4229978,363
2026-09-28,kol_105_wh_hl_01,ca.4277358,407
2026-09-28,kol_105_wh_hl_01,ca.4285969,240
2026-09-28,kol_105_wh_hl_01,ca.4286385,475
2026-09-28,kol_105_wh_hl_01,vikramyadav.vc,6
2026-09-28,kol_106_wh_hl_01,bikashpandey.vc,6
2026-09-28,kol_106_wh_hl_01,ca.3817278,34
2026-09-28,kol_106_wh_hl_01,ca.3884967,156
2026-09-28,kol_106_wh_hl_01,ca.3959076,2
2026-09-28,kol_106_wh_hl_01,ca.4038594,20
2026-09-28,kol_106_wh_hl_01,ca.4042109,533
2026-09-28,kol_106_wh_hl_01,ca.4098808,107
2026-09-28,kol_106_wh_hl_01,ca.4156989,39
2026-09-28,kol_106_wh_hl_01,ca.4213032,121
2026-09-28,kol_106_wh_hl_01,ca.4225624,126
2026-09-28,kol_106_wh_hl_01,ca.4240504,314
2026-09-28,kol_106_wh_hl_01,ca.4306258,275
2026-09-28,kol_106_wh_hl_01,ca.4357301,223
2026-09-28,kol_106_wh_hl_01,debasishruidas.vc,42
2026-09-28,kol_106_wh_hl_01,pranabbhuniya.vc,5
2026-09-28,kol_106_wh_hl_01,sumitsamanta.vc,257
2026-09-28,kol_107_wh_hl_01,ca.3358736,67
2026-09-28,kol_107_wh_hl_01,ca.3463795,374
2026-09-28,kol_107_wh_hl_01,ca.4082762,73
2026-09-28,kol_107_wh_hl_01,ca.4139530,149
2026-09-28,kol_107_wh_hl_01,ca.4318220,13
2026-09-28,kol_109_wh_hl_01,ca.3488785,3
2026-09-28,kol_109_wh_hl_01,ca.3891874,76
2026-09-28,kol_109_wh_hl_01,ca.4161760,529
2026-09-28,kol_109_wh_hl_01,ca.4174079,17
2026-09-28,kol_109_wh_hl_01,ca.4299568,300
2026-09-28,kol_110_wh_hl_01,ca.3367915,371
2026-09-28,kol_110_wh_hl_01,ca.3465473,8
2026-09-28,kol_110_wh_hl_01,ca.3488783,246
2026-09-28,kol_110_wh_hl_01,ca.3698655,221
2026-09-28,kol_110_wh_hl_01,ca.3762877,38
2026-09-28,kol_110_wh_hl_01,ca.3883571,71
2026-09-28,kol_110_wh_hl_01,ca.3883572,427
2026-09-28,kol_110_wh_hl_01,ca.3883574,214
2026-09-28,kol_110_wh_hl_01,ca.3883581,55
2026-09-28,kol_110_wh_hl_01,ca.3900299,1
2026-09-28,kol_110_wh_hl_01,ca.3903132,106
2026-09-28,kol_110_wh_hl_01,ca.3978187,55
2026-09-28,kol_110_wh_hl_01,ca.4033017,138
2026-09-28,kol_110_wh_hl_01,ca.4033695,57
2026-09-28,kol_110_wh_hl_01,ca.4237646,270
2026-09-28,kol_110_wh_hl_01,ca.4273665,183
2026-09-28,kol_110_wh_hl_01,ca.4274535,326
2026-09-28,kol_110_wh_hl_01,ca.4341338,277
2026-09-28,kol_110_wh_hl_01,soumensamanta.vc,1
2026-09-28,kol_111_wh_hl_01,arijitsaha.vc,2
2026-09-28,kol_111_wh_hl_01,ca.3524634,272
2026-09-28,kol_111_wh_hl_01,ca.3932224,46
2026-09-28,kol_111_wh_hl_01,ca.4267870,19
2026-09-28,kol_111_wh_hl_01,ca.4292308,1
2026-09-28,kol_112_wh_hl_01,arghadipsaha.vc,3
2026-09-28,kol_112_wh_hl_01,ca.3989421,3
2026-09-28,kol_112_wh_hl_01,ca.4121062,16
2026-09-28,kol_112_wh_hl_01,ca.4308438,18
2026-09-28,kol_113_wh_hl_01,ca.3526510,177
2026-09-28,kol_113_wh_hl_01,ca.3815586,210
2026-09-28,kol_113_wh_hl_01,ca.3872681,214
2026-09-28,kol_113_wh_hl_01,ca.3887860,182
2026-09-28,kol_113_wh_hl_01,ca.3977718,301
2026-09-28,kol_113_wh_hl_01,ca.4024179,86
2026-09-28,kol_113_wh_hl_01,ca.4024191,217
2026-09-28,kol_113_wh_hl_01,ca.4039645,71
2026-09-28,kol_113_wh_hl_01,gouravsingh3.vc,107
2026-09-28,kol_114_wh_hl_01,ca.3814050,47
2026-09-28,kol_114_wh_hl_01,ca.3901090,95
2026-09-28,kol_114_wh_hl_01,ca.3913342,33
2026-09-28,kol_114_wh_hl_01,ca.3941124,147
2026-09-28,kol_114_wh_hl_01,ca.4030153,177
2026-09-28,kol_114_wh_hl_01,ca.4175728,201
2026-09-28,kol_114_wh_hl_01,ca.4209853,340
2026-09-28,kol_114_wh_hl_01,ca.4213706,92
2026-09-28,kol_114_wh_hl_01,ca.4214155,219
2026-09-28,kol_114_wh_hl_01,ca.4218484,201
2026-09-28,kol_114_wh_hl_01,ca.4268035,213
2026-09-28,kol_114_wh_hl_01,ca.4287360,168
2026-09-28,kol_114_wh_hl_01,shubhamsingh10.vc,34
2026-09-28,kol_115_wh_hl_01,ca.3885753,61
2026-09-28,kol_115_wh_hl_01,ca.3923637,9
2026-09-28,kol_115_wh_hl_01,ca.3985602,104
2026-09-28,kol_115_wh_hl_01,ca.4035178,458
2026-09-28,kol_115_wh_hl_01,ca.4133248,4
2026-09-28,kol_115_wh_hl_01,ca.4152661,194
2026-09-28,kol_115_wh_hl_01,ca.4183898,143
2026-09-28,kol_115_wh_hl_01,deepsardar.vc,50
2026-09-28,kol_116_wh_hl_01,ca.3940018,251
2026-09-28,kol_116_wh_hl_01,ca.4038416,540
2026-09-28,kol_116_wh_hl_01,ca.4119516,66
2026-09-28,kol_116_wh_hl_01,ca.4152275,279
2026-09-28,kol_116_wh_hl_01,ca.4201740,552
2026-09-28,kol_116_wh_hl_01,ca.4297812,531
2026-09-28,kol_116_wh_hl_01,ca.4304597,538
2026-09-28,kol_116_wh_hl_01,kaushikghosh.vc,2
2026-09-28,kol_117_wh_hl_01,ca.3582691,7
2026-09-28,kol_117_wh_hl_01,ca.4168010,94
2026-09-28,kol_117_wh_hl_01,ca.4288901,38
2026-09-28,kol_117_wh_hl_01,ca.4353636,292
2026-09-28,kol_117_wh_hl_01,ca.4363057,16
2026-09-28,kol_118_wh_hl_01,ca.3450406,218
2026-09-28,kol_118_wh_hl_01,ca.3825952,50
2026-09-28,kol_118_wh_hl_01,ca.3873144,48
2026-09-28,kol_118_wh_hl_01,ca.3894374,148
2026-09-28,kol_118_wh_hl_01,ca.4044748,67
2026-09-28,kol_118_wh_hl_01,ca.4058406,70
2026-09-28,kol_118_wh_hl_01,ca.4229642,149
2026-09-28,kol_118_wh_hl_01,ca.4250595,440
2026-09-28,kol_118_wh_hl_01,ca.4257057,102
2026-09-28,kol_118_wh_hl_01,ca.4267099,65
2026-09-28,kol_118_wh_hl_01,ca.4284826,564
2026-09-28,kol_118_wh_hl_01,ca.4285724,57
2026-09-28,kol_118_wh_hl_01,ca.4291182,90
2026-09-28,kol_118_wh_hl_01,ca.4311433,389
2026-09-28,kol_118_wh_hl_01,ca.4351330,20
2026-09-28,kol_118_wh_hl_01,ca.4386653,225
2026-09-28,kol_118_wh_hl_01,meghamukhoty.vc,2
2026-09-28,kol_118_wh_hl_01,sandipbanerjee.vc,2
2026-09-28,kol_119_wh_hl_01,bishalk.vc,186
2026-09-28,kol_119_wh_hl_01,ca.3856278,366
2026-09-28,kol_119_wh_hl_01,ca.3883411,555
2026-09-28,kol_119_wh_hl_01,ca.4020188,76
2026-09-28,kol_119_wh_hl_01,ca.4033015,291
2026-09-28,kol_119_wh_hl_01,ca.4106936,617
2026-09-28,kol_119_wh_hl_01,ca.4263875,92
2026-09-28,kol_119_wh_hl_01,ca.4287429,769
2026-09-28,kol_120_wh_hl_01,anuragroy.vc,16
2026-09-28,kol_120_wh_hl_01,ca.3852972,184
2026-09-28,kol_120_wh_hl_01,ca.3870152,47
2026-09-28,kol_120_wh_hl_01,ca.3912451,165
2026-09-28,kol_120_wh_hl_01,ca.3934768,138
2026-09-28,kol_120_wh_hl_01,ca.4042842,221
2026-09-28,kol_120_wh_hl_01,ca.4099025,68
2026-09-28,kol_120_wh_hl_01,ca.4121412,119
2026-09-28,kol_120_wh_hl_01,ca.4320761,187
2026-09-28,kol_120_wh_hl_01,susovank.vc,234
2026-09-28,kol_121_wh_hl_01,ca.3802405,22
2026-09-28,kol_121_wh_hl_01,ca.3833545,84
2026-09-28,kol_121_wh_hl_01,ca.3883597,500
2026-09-28,kol_121_wh_hl_01,ca.3981335,651
2026-09-28,kol_121_wh_hl_01,ca.3990733,145
2026-09-28,kol_121_wh_hl_01,ca.3996383,168
2026-09-28,kol_121_wh_hl_01,ca.4096367,1
2026-09-28,kol_121_wh_hl_01,ca.4106944,46
2026-09-28,kol_121_wh_hl_01,ca.4233022,18
2026-09-28,kol_121_wh_hl_01,ca.4234679,159
2026-09-28,kol_121_wh_hl_01,ca.4236291,891
2026-09-28,kol_121_wh_hl_01,ca.4277310,114
2026-09-28,kol_121_wh_hl_01,ca.4299536,524
2026-09-28,kol_121_wh_hl_01,ca.4341387,240
2026-09-28,kol_121_wh_hl_01,debkantaganguly.vc,390
2026-09-28,kol_121_wh_hl_01,rajashaw.vc,2
2026-09-28,kol_122_wh_hl_01,ca.3846822,790
2026-09-28,kol_122_wh_hl_01,ca.3883587,751
2026-09-28,kol_122_wh_hl_01,ca.4227554,97
2026-09-28,kol_122_wh_hl_01,ca.4310700,133
2026-09-28,kol_122_wh_hl_01,surajitdas2.vc,10
2026-09-28,kol_125_wh_hl_01,ca.3556528,62
2026-09-28,kol_125_wh_hl_01,ca.3860674,83
2026-09-28,kol_125_wh_hl_01,ca.3864154,122
2026-09-28,kol_125_wh_hl_01,ca.3993438,158
2026-09-28,kol_125_wh_hl_01,ca.4041280,16
2026-09-28,kol_125_wh_hl_01,ca.4074918,59
2026-09-28,kol_125_wh_hl_01,ca.4144253,12
2026-09-28,kol_125_wh_hl_01,ca.4229484,70
2026-09-28,kol_125_wh_hl_01,ca.4249312,160
2026-09-28,kol_125_wh_hl_01,ca.4267363,4
2026-09-28,kol_125_wh_hl_01,ca.4387610,33
2026-09-28,kol_125_wh_hl_01,tulsikumar.vc,4
2026-09-28,kol_126_wh_hl_01,bubaibhukta1.vc,102
2026-09-28,kol_126_wh_hl_01,ca.3815452,140
2026-09-28,kol_126_wh_hl_01,ca.3895292,74
2026-09-28,kol_126_wh_hl_01,ca.3918760,55
2026-09-28,kol_126_wh_hl_01,ca.4008912,1
2026-09-28,kol_126_wh_hl_01,ca.4136059,423
2026-09-28,kol_126_wh_hl_01,ca.4225025,65
2026-09-28,kol_126_wh_hl_01,ca.4273642,276
2026-09-28,kol_126_wh_hl_01,ca.4312152,236
2026-09-28,kol_126_wh_hl_01,ca.4351465,255
2026-09-28,kol_126_wh_hl_01,ca.4352169,327
2026-09-28,kol_126_wh_hl_01,ujjalghosh.vc,8
2026-09-28,kol_128_wh_hl_01,ca.3836775,22
2026-09-28,kol_128_wh_hl_01,ca.3843709,54
2026-09-28,kol_128_wh_hl_01,ca.3886231,113
2026-09-28,kol_128_wh_hl_01,ca.3923930,223
2026-09-28,kol_128_wh_hl_01,ca.4001746,30
2026-09-28,kol_128_wh_hl_01,ca.4001752,8
2026-09-28,kol_128_wh_hl_01,ca.4037979,419
2026-09-28,kol_128_wh_hl_01,ca.4043635,134
2026-09-28,kol_128_wh_hl_01,ca.4131663,174
2026-09-28,kol_128_wh_hl_01,ca.4183854,195
2026-09-28,kol_128_wh_hl_01,ca.4259778,435
2026-09-28,kol_128_wh_hl_01,ca.4346386,77
2026-09-28,kol_128_wh_hl_01,manik.manna,5
2026-09-28,kol_128_wh_hl_01,mdshahbaz.vc,29
2026-09-28,kol_129_wh_hl_01,ca.3637065,89
2026-09-28,kol_129_wh_hl_01,ca.3779209,656
2026-09-28,kol_129_wh_hl_01,ca.3810189,184
2026-09-28,kol_129_wh_hl_01,ca.3834077,231
2026-09-28,kol_129_wh_hl_01,ca.3852551,444
2026-09-28,kol_129_wh_hl_01,ca.4013496,266
2026-09-28,kol_129_wh_hl_01,ca.4127333,293
2026-09-28,kol_129_wh_hl_01,ca.4193835,200
2026-09-28,kol_129_wh_hl_01,ca.4220250,3
2026-09-28,kol_129_wh_hl_01,dipankarroy.vc,432
2026-09-28,kol_130_wh_hl_01,ca.3814105,233
2026-09-28,kol_130_wh_hl_01,ca.4129369,102
2026-09-28,kol_130_wh_hl_01,ca.4166381,599
2026-09-28,kol_130_wh_hl_01,ca.4220152,183
2026-09-28,kol_130_wh_hl_01,ca.4250423,198
2026-09-28,kol_130_wh_hl_01,ca.4284339,580
2026-09-28,kol_130_wh_hl_01,souravmalakar.vc,12
2026-09-28,kol_132_wh_hl_01,ca.3881406,349
2026-09-28,kol_132_wh_hl_01,ca.3967010,285
2026-09-28,kol_132_wh_hl_01,ca.3978879,188
2026-09-28,kol_132_wh_hl_01,ca.4001985,38
2026-09-28,kol_132_wh_hl_01,ca.4020721,60
2026-09-28,kol_132_wh_hl_01,ca.4050368,205
2026-09-28,kol_132_wh_hl_01,ca.4101003,76
2026-09-28,kol_132_wh_hl_01,ca.4318945,130
2026-09-28,kol_132_wh_hl_01,ca.4385336,232
2026-09-28,kol_132_wh_hl_01,saptakbasu.vc,84
2026-09-28,kol_133_wh_hl_01,lma.100001537865,2
2026-09-28,kol_133_wh_hl_01,lma.100001540941,99
2026-09-28,kol_134_wh_hl_02,lma.100001545810,96
2026-09-28,kol_135_wh_hl_01,ca.3901485,72
2026-09-28,kol_135_wh_hl_01,ca.4122254,84
2026-09-28,kol_135_wh_hl_01,ca.4284298,555
2026-09-28,kol_135_wh_hl_01,ca.4284453,28
2026-09-28,kol_135_wh_hl_01,ca.4289023,193
2026-09-28,kol_135_wh_hl_01,ca.4294936,322
2026-09-28,kol_135_wh_hl_01,ca.4312087,321
2026-09-28,kol_135_wh_hl_01,rabinhait.vc,16
2026-09-28,kol_136_wh_hl_01,akashgupta2.vc,21
2026-09-28,kol_136_wh_hl_01,ca.3575888,229
2026-09-28,kol_136_wh_hl_01,ca.3601259,483
2026-09-28,kol_136_wh_hl_01,ca.3828181,252
2026-09-28,kol_136_wh_hl_01,ca.3835132,101
2026-09-28,kol_136_wh_hl_01,ca.3897292,371
2026-09-28,kol_136_wh_hl_01,ca.3923409,101
2026-09-28,kol_136_wh_hl_01,ca.4050939,120
2026-09-28,kol_136_wh_hl_01,ca.4281650,376
2026-09-28,kol_137_wh_hl_01,ca.3850012,380
2026-09-28,kol_137_wh_hl_01,ca.3873203,30
2026-09-28,kol_137_wh_hl_01,ca.3873213,138
2026-09-28,kol_137_wh_hl_01,ca.3902622,256
2026-09-28,kol_137_wh_hl_01,ca.4006501,27
2026-09-28,kol_137_wh_hl_01,ca.4043698,692
2026-09-28,kol_137_wh_hl_01,ca.4044747,570
2026-09-28,kol_137_wh_hl_01,ca.4047793,33
2026-09-28,kol_137_wh_hl_01,ca.4132969,161
2026-09-28,kol_137_wh_hl_01,mdshahnawaz.vc,451
2026-09-28,kol_138_wh_hl_01,ca.3884936,231
2026-09-28,kol_138_wh_hl_01,ca.3916220,228
2026-09-28,kol_138_wh_hl_01,ca.4106397,420
2026-09-28,kol_138_wh_hl_01,ca.4106946,257
2026-09-28,kol_138_wh_hl_01,ca.4132260,190
2026-09-28,kol_138_wh_hl_01,ca.4224047,215
2026-09-28,kol_138_wh_hl_01,ca.4265216,635
2026-09-28,kol_138_wh_hl_01,prasenjitk.vc,2
2026-09-28,kol_139_wh_hl_01,ca.4028437,114
2026-09-28,kol_139_wh_hl_01,ca.4072061,20
2026-09-28,kol_139_wh_hl_01,ca.4122213,36
2026-09-28,kol_139_wh_hl_01,ca.4163576,3
2026-09-28,kol_139_wh_hl_01,santanum.vc,14
2026-09-28,kol_141_wh_hl_01,bimalgayen.vc,7
2026-09-28,kol_141_wh_hl_01,ca.4126378,303
2026-09-28,kol_141_wh_hl_01,ca.4179588,528
2026-09-28,kol_141_wh_hl_01,ca.4211042,1
2026-09-28,kol_141_wh_hl_01,ca.4265293,36
2026-09-28,kol_141_wh_hl_01,ca.4275123,262
2026-09-28,kol_141_wh_hl_01,ca.4275139,285
2026-09-28,kol_141_wh_hl_01,ca.4316107,138
2026-09-28,kol_142_wh_hl_01,ca.3859257,49
2026-09-28,kol_142_wh_hl_01,ca.3860063,119
2026-09-28,kol_142_wh_hl_01,ca.3862531,21
2026-09-28,kol_142_wh_hl_01,ca.4018366,152
2026-09-28,kol_142_wh_hl_01,souviksil.vc,4
2026-09-28,kol_143_wh_hl_01,ca.3853986,670
2026-09-28,kol_143_wh_hl_01,ca.3855015,128
2026-09-28,kol_143_wh_hl_01,ca.3863694,31
2026-09-28,kol_143_wh_hl_01,ca.3900779,440
2026-09-28,kol_143_wh_hl_01,ca.4133923,127
2026-09-28,kol_143_wh_hl_01,ca.4140520,212
2026-09-28,kol_143_wh_hl_01,ca.4181003,4
2026-09-28,kol_143_wh_hl_01,ca.4192296,126
2026-09-28,kol_143_wh_hl_01,ca.4207798,244
2026-09-28,kol_143_wh_hl_01,ca.4265481,177
2026-09-28,kol_143_wh_hl_01,ca.4311423,67
2026-09-28,kol_143_wh_hl_01,ca.4355674,978
2026-09-28,kol_143_wh_hl_01,koustuvenaharoy.vc,144
2026-09-28,kol_143_wh_hl_01,srimantak.vc,7
2026-09-28,kol_144_wh_hl_01,ca.3902163,9
2026-09-28,kol_144_wh_hl_01,ca.3929484,16
2026-09-28,kol_144_wh_hl_01,ca.3933939,238
2026-09-28,kol_144_wh_hl_01,ca.3969296,230
2026-09-28,kol_144_wh_hl_01,ca.3993352,337
2026-09-28,kol_144_wh_hl_01,ca.4031636,295
2026-09-28,kol_144_wh_hl_01,ca.4043364,4
2026-09-28,kol_144_wh_hl_01,ca.4109346,17
2026-09-28,kol_144_wh_hl_01,ca.4166412,135
2026-09-28,kol_144_wh_hl_01,ca.4230368,3
2026-09-28,kol_144_wh_hl_01,ca.4293727,231
2026-09-28,kol_144_wh_hl_01,rahulsardar.vc,34
2026-09-28,kol_145_wh_hl_01,ca.4030107,595
2026-09-28,kol_145_wh_hl_01,ca.4101307,14
2026-09-28,kol_145_wh_hl_01,ca.4129368,66
2026-09-28,kol_145_wh_hl_01,ca.4180600,487
2026-09-28,kol_145_wh_hl_01,ca.4237613,478
2026-09-28,kol_145_wh_hl_01,ca.4288588,154
2026-09-28,kol_145_wh_hl_01,ca.4339390,2
2026-09-28,kol_145_wh_hl_01,ca.4348662,285
2026-09-28,kol_145_wh_hl_01,ca.4350671,655
2026-09-28,kol_145_wh_hl_01,ca.4355826,587
2026-09-28,kol_145_wh_hl_01,ca.4356053,489
2026-09-28,kol_145_wh_hl_01,sumanadhikari.vc,8
2026-09-28,kol_147_wh_hl_01,arnabbag1.vc,4
2026-09-28,kol_147_wh_hl_01,ca.3916400,297
2026-09-28,kol_147_wh_hl_01,ca.3924997,340
2026-09-28,kol_147_wh_hl_01,ca.3952815,310
2026-09-28,kol_147_wh_hl_01,ca.4040306,166
2026-09-28,kol_147_wh_hl_01,ca.4044188,111
2026-09-28,kol_147_wh_hl_01,ca.4142485,382
2026-09-28,kol_149_wh_hl_01,bablurouth.vc,167
2026-09-28,kol_149_wh_hl_01,ca.3835705,100
2026-09-28,kol_149_wh_hl_01,ca.3902168,402
2026-09-28,kol_149_wh_hl_01,ca.3921775,266
2026-09-28,kol_149_wh_hl_01,ca.4057693,14
2026-09-28,kol_149_wh_hl_01,ca.4273836,242
2026-09-28,kol_150_wh_hl_01,ca.4165235,28
2026-09-28,kol_154_wh_hl_01,ca.3833367,58
2026-09-28,kol_154_wh_hl_01,ca.3871136,84
2026-09-28,kol_154_wh_hl_01,ca.4227329,100
2026-09-28,kol_154_wh_hl_01,ca.4276151,60
2026-09-28,kol_154_wh_hl_01,ca.4288157,21
2026-09-28,kol_155_wh_hl_01,ca.3888237,17
2026-09-28,kol_155_wh_hl_01,ca.4018286,350
2026-09-28,kol_155_wh_hl_01,ca.4046084,1314
2026-09-28,kol_155_wh_hl_01,ca.4228400,821
2026-09-28,kol_155_wh_hl_01,ca.4262159,278
2026-09-28,kol_155_wh_hl_01,ca.4267073,1188
2026-09-28,kol_155_wh_hl_01,ca.4298122,1
2026-09-28,kol_155_wh_hl_01,ca.4337805,16
2026-09-28,kol_155_wh_hl_01,pralaybiswas.vc,7
2026-09-28,kol_156_wh_hl_01,ca.3959809,68
2026-09-28,kol_156_wh_hl_01,ca.4008261,778
2026-09-28,kol_156_wh_hl_01,ca.4126009,509
2026-09-28,kol_156_wh_hl_01,ca.4209076,433
2026-09-28,kol_156_wh_hl_01,ca.4228664,357
2026-09-28,kol_156_wh_hl_01,ca.4229852,37
2026-09-28,kol_156_wh_hl_01,ca.4269061,115
2026-09-28,kol_156_wh_hl_01,ca.4287398,142
2026-09-28,kol_156_wh_hl_01,kaushalyadav1.vc,28
2026-09-28,kol_157_wh_hl_01,ca.4124042,43
2026-09-28,kol_157_wh_hl_01,ca.4142528,338
2026-09-28,kol_157_wh_hl_01,ca.4167253,654
2026-09-28,kol_157_wh_hl_01,ca.4180846,1077
2026-09-28,kol_157_wh_hl_01,ca.4267645,259
2026-09-28,kol_157_wh_hl_01,ca.4272147,248
2026-09-28,kol_157_wh_hl_01,ca.4286001,461
2026-09-28,kol_157_wh_hl_01,ca.4290046,275
2026-09-28,kol_157_wh_hl_01,ca.4299160,274
2026-09-28,kol_157_wh_hl_01,ca.4352008,359
2026-09-28,kol_157_wh_hl_01,ca.4378490,23
2026-09-28,kol_157_wh_hl_01,pronobeshshaw.vc,219
2026-09-28,kol_157_wh_hl_01,sayanmridha.vc,672
2026-09-28,kol_158_wh_hl_01,ca.4029414,38
2026-09-28,kol_158_wh_hl_01,ca.4041298,27
2026-09-28,kol_158_wh_hl_01,ca.4141818,362
2026-09-28,kol_158_wh_hl_01,ca.4209006,50
2026-09-28,kol_158_wh_hl_01,ca.4235762,252
2026-09-28,kol_158_wh_hl_01,ca.4278392,164
2026-09-28,kol_158_wh_hl_01,ca.4286391,25
2026-09-28,kol_158_wh_hl_01,ca.4292455,23
2026-09-28,kol_158_wh_hl_01,ca.4306427,71
2026-09-28,kol_158_wh_hl_01,ca.4318263,48
2026-09-28,kol_158_wh_hl_01,ca.4344905,30
2026-09-28,kol_159_wh_hl_01,lma.100001640893,1
2026-09-28,kol_159_wh_hl_01,lma.100001641240,9
2026-09-28,kol_159_wh_hl_01,lma.100001642564,43
2026-09-28,kol_159_wh_hl_01,lma.100001642569,17
2026-09-28,kol_160_wh_hl_01,amitdhali.vc,1
2026-09-28,kol_160_wh_hl_01,arkyamondal.vc,266
2026-09-28,kol_160_wh_hl_01,bappabiswas1.vc,4
2026-09-28,kol_160_wh_hl_01,ca.3774780,2
2026-09-28,kol_160_wh_hl_01,ca.3774786,157
2026-09-28,kol_160_wh_hl_01,ca.3774787,89
2026-09-28,kol_160_wh_hl_01,ca.3777190,787
2026-09-28,kol_160_wh_hl_01,ca.3779856,50
2026-09-28,kol_160_wh_hl_01,ca.3856144,63
2026-09-28,kol_160_wh_hl_01,ca.3894453,140
2026-09-28,kol_160_wh_hl_01,ca.4021900,239
2026-09-28,kol_160_wh_hl_01,ca.4120528,57
2026-09-28,kol_160_wh_hl_01,ca.4133910,96
2026-09-28,kol_160_wh_hl_01,ca.4218729,11
2026-09-28,kol_160_wh_hl_01,ca.4224121,442
2026-09-28,kol_160_wh_hl_01,ca.4256801,56
2026-09-28,kol_160_wh_hl_01,ca.4263962,21
2026-09-28,kol_160_wh_hl_01,ca.4265781,54
2026-09-28,kol_160_wh_hl_01,ca.4273591,128
2026-09-28,kol_160_wh_hl_01,ca.4304024,193
2026-09-28,kol_160_wh_hl_01,ca.4352714,15
2026-09-28,kol_160_wh_hl_01,ca.4353128,25
2026-09-28,kol_160_wh_hl_01,ca.4382120,10
2026-09-28,kol_160_wh_hl_01,ca.4385864,32
2026-09-28,kol_160_wh_hl_01,pranroy.vc,8
2026-09-28,kol_162_wh_hl_01,ca.3767447,250
2026-09-28,kol_162_wh_hl_01,ca.3814129,316
2026-09-28,kol_162_wh_hl_01,ca.4229647,125
2026-09-28,kol_162_wh_hl_01,ca.4277266,872
2026-09-28,kol_162_wh_hl_01,ca.4381833,237
2026-09-28,kol_162_wh_hl_01,dibakarc2.vc,535
2026-09-28,kol_163_wh_hl_01,ca.3976194,17
2026-09-28,kol_163_wh_hl_01,ca.4382041,27
2026-09-28,kol_164_wh_hl_01,azharmolla.vc,7
2026-09-28,kol_164_wh_hl_01,ca.3894371,11
2026-09-28,kol_164_wh_hl_01,ca.3907035,19
2026-09-28,kol_164_wh_hl_01,ca.3997367,18
2026-09-28,kol_164_wh_hl_01,ca.4100445,35
2026-09-28,kol_164_wh_hl_01,ca.4199645,22
2026-09-28,kol_164_wh_hl_01,ca.4229969,10
2026-09-28,kol_164_wh_hl_01,ca.4274576,105
2026-09-28,kol_165_wh_hl_01,ca.3896996,409
2026-09-28,kol_165_wh_hl_01,ca.4001418,5
2026-09-28,kol_165_wh_hl_01,ca.4002286,362
2026-09-28,kol_165_wh_hl_01,ca.4002296,253
2026-09-28,kol_165_wh_hl_01,ca.4006609,416
2026-09-28,kol_165_wh_hl_01,ca.4013662,116
2026-09-28,kol_165_wh_hl_01,ca.4041770,582
2026-09-28,kol_165_wh_hl_01,ca.4150932,726
2026-09-28,kol_165_wh_hl_01,priyangshus.vc,8
2026-09-28,kol_165_wh_hl_01,suvendusarkar.vc,571
2026-09-28,kol_166_wh_hl_01,ca.4119557,11
2026-09-28,kol_166_wh_hl_01,ca.4143756,20
2026-09-28,kol_166_wh_hl_01,ca.4153507,1
2026-09-28,kol_166_wh_hl_01,ca.4271487,12
2026-09-28,kol_166_wh_hl_01,ca.4385178,88
2026-09-28,kol_167_wh_hl_01,ca.3855996,23
2026-09-28,kol_167_wh_hl_01,ca.4060579,116
2026-09-28,kol_167_wh_hl_01,ca.4067922,54
2026-09-28,kol_167_wh_hl_01,ca.4077866,129
2026-09-28,kol_167_wh_hl_01,ca.4178712,199
2026-09-28,kol_167_wh_hl_01,ca.4228684,156
2026-09-28,kol_167_wh_hl_01,ca.4279143,207
2026-09-28,kol_167_wh_hl_01,ca.4281540,50
2026-09-28,kol_167_wh_hl_01,pankajc.vc,43
2026-09-28,kol_168_wh_hl_01,apareshmaity.vc,282
2026-09-28,kol_168_wh_hl_01,ca.3916226,400
2026-09-28,kol_168_wh_hl_01,ca.3932106,210
2026-09-28,kol_168_wh_hl_01,ca.3996157,131
2026-09-28,kol_168_wh_hl_01,ca.4005476,179
2026-09-28,kol_168_wh_hl_01,ca.4012537,7
2026-09-28,kol_168_wh_hl_01,ca.4129084,508
2026-09-28,kol_168_wh_hl_01,ca.4134901,542
2026-09-28,kol_168_wh_hl_01,ca.4210502,217
2026-09-28,kol_168_wh_hl_01,ca.4221504,91
2026-09-28,kol_168_wh_hl_01,ca.4302822,381
2026-09-28,kol_168_wh_hl_01,ca.4367715,288
2026-09-28,kol_168_wh_hl_01,somnathd1.vc,158
2026-09-28,kol_171_wh_hl_01,ca.3867592,33
2026-09-28,kol_171_wh_hl_01,ca.4030086,219
2026-09-28,kol_171_wh_hl_01,ca.4049645,147
2026-09-28,kol_171_wh_hl_01,jaymanna.vc,23
2026-09-28,kol_172_wh_hl_01,ca.4171271,83
2026-09-28,kol_172_wh_hl_01,tapashmajhi.vc,15
2026-09-28,kol_173_wh_hl_01,ca.3920051,109
2026-09-28,kol_173_wh_hl_01,ca.3920078,50
2026-09-28,kol_173_wh_hl_01,ca.4060629,48
2026-09-28,kol_173_wh_hl_01,ca.4150542,44
2026-09-28,kol_173_wh_hl_01,ca.4281796,62
2026-09-28,kol_173_wh_hl_01,indronilroy.vc,3
2026-09-28,kol_175_wh_hl_01,lma.100001573277,3
2026-09-28,kol_175_wh_hl_01,lma.100001581615,188
2026-09-28,kol_175_wh_hl_01,lma.100001582414,21
2026-09-28,kol_175_wh_hl_01,lma.100001608089,370
2026-09-28,kol_175_wh_hl_01,lma.100001616118,191
2026-09-28,kol_175_wh_hl_01,lma.100001641480,127
2026-09-28,kol_176_wh_hl_01,lma.100001610333,188
2026-09-28,kol_176_wh_hl_01,lma.100001613835,79
2026-09-28,kol_176_wh_hl_01,lma.100001613838,170
2026-09-28,kol_176_wh_hl_01,lma.100001627961,136
2026-09-28,kol_176_wh_hl_01,lma.100001627977,174
2026-09-28,kol_176_wh_hl_01,lma.100001640009,202
2026-09-28,kol_177_wh_hl_01,ca.4040327,69
2026-09-28,kol_177_wh_hl_01,ca.4051545,11
2026-09-28,kol_177_wh_hl_01,ca.4163070,2
2026-09-28,kol_177_wh_hl_01,ca.4166374,78
2026-09-28,kol_177_wh_hl_01,ca.4172574,561
2026-09-28,kol_177_wh_hl_01,ca.4172576,171
2026-09-28,kol_177_wh_hl_01,ca.4209036,365
2026-09-28,kol_177_wh_hl_01,ca.4255214,31
2026-09-28,kol_177_wh_hl_01,ca.4272764,103
2026-09-28,kol_177_wh_hl_01,ca.4305524,119
2026-09-28,kol_177_wh_hl_01,ca.4307524,74
2026-09-28,kol_177_wh_hl_01,ca.4308140,115
2026-09-28,kol_177_wh_hl_01,ca.4308828,46
2026-09-28,kol_177_wh_hl_01,ca.4309897,34
2026-09-28,kol_180_wh_hl_01,ca.4244903,10
2026-09-28,kol_180_wh_hl_01,ca.4292670,25
2026-09-28,kol_184_wh_hl_01,anishkumardas.vc,687
2026-09-28,kol_184_wh_hl_01,bijaykarmakar.vc,1187
2026-09-28,kol_184_wh_hl_01,ca.3894048,522
2026-09-28,kol_184_wh_hl_01,ca.4031240,4
2026-09-28,kol_184_wh_hl_01,ca.4032766,892
2026-09-28,kol_184_wh_hl_01,ca.4115725,407
2026-09-28,kol_184_wh_hl_01,ca.4184240,186
2026-09-28,kol_184_wh_hl_01,ca.4357307,156
2026-09-28,kol_184_wh_hl_01,rahulpaul.vc,61
2026-09-28,kol_189_wh_hl_01,ca.3982350,220
2026-09-28,kol_189_wh_hl_01,ca.4111034,115
2026-09-28,kol_189_wh_hl_01,ca.4130006,422
2026-09-28,kol_189_wh_hl_01,ca.4147445,770
2026-09-28,kol_189_wh_hl_01,ca.4150801,269
2026-09-28,kol_189_wh_hl_01,ca.4285922,144
2026-09-28,kol_191_wh_hl_01,ca.4253767,93
2026-09-28,kol_191_wh_hl_01,subhajithalder.vc,1
2026-09-28,kol_193_wh_hl_01,ca.4146731,13
2026-09-28,kol_193_wh_hl_01,ca.4157216,16
2026-09-28,kol_194_wh_hl_01,ca.4137430,136
2026-09-28,kol_194_wh_hl_01,subratanaskar.vc,1
2026-09-28,kol_195_wh_hl_01,ca.4056941,38
2026-09-28,kol_195_wh_hl_01,ca.4067106,4
2026-09-28,kol_195_wh_hl_01,ca.4067120,187
2026-09-28,kol_195_wh_hl_01,ca.4129603,28
2026-09-28,kol_196_wh_hl_01,ca.4030118,844
2026-09-28,kol_196_wh_hl_01,ca.4030123,364
2026-09-28,kol_196_wh_hl_01,ca.4036733,63
2026-09-28,kol_196_wh_hl_01,ca.4047795,11
2026-09-28,kol_196_wh_hl_01,ca.4218391,617
2026-09-28,kol_196_wh_hl_01,kaushikhazra.vc,1
2026-09-28,kol_197_wh_hl_01,ca.4141455,3
2026-09-28,kol_197_wh_hl_01,ca.4152663,1
2026-09-28,kol_197_wh_hl_01,ca.4176398,8
2026-09-28,kol_197_wh_hl_01,ca.4182737,22
2026-09-28,kol_197_wh_hl_01,ca.4221084,108
2026-09-28,kol_197_wh_hl_01,ca.4263004,22
2026-09-28,kol_197_wh_hl_01,debabratabag.vc,12
2026-09-28,kol_197_wh_hl_01,subirroy.vc,5
2026-09-28,kol_198_wh_hl_01,ca.4152076,2
2026-09-28,kol_198_wh_hl_01,ca.4157667,16
2026-09-28,kol_198_wh_hl_01,ca.4160577,73
2026-09-28,kol_198_wh_hl_01,ca.4206146,24
2026-09-28,kol_198_wh_hl_01,ca.4229841,66
2026-09-28,kol_198_wh_hl_01,ca.4235985,2
2026-09-28,kol_198_wh_hl_01,tanmaykumardas.vc,1
2026-09-28,kol_200_wh_hl_01,lma.100001567080,859
2026-09-28,kol_200_wh_hl_01,lma.100001567109,136
2026-09-28,kol_200_wh_hl_01,lma.100001570376,9
2026-09-28,kol_200_wh_hl_01,lma.100001570390,115
2026-09-28,kol_200_wh_hl_01,lma.100001572507,41
2026-09-28,kol_200_wh_hl_01,lma.100001652746,43
2026-09-28,kol_204_wh_hl_01,ca.3953385,76
2026-09-28,kol_204_wh_hl_01,ca.4041819,142
2026-09-28,kol_204_wh_hl_01,ca.4216906,34
2026-09-28,kol_205_wh_hl_01,lma.100001646772,3
2026-09-28,kol_206_wh_hl_01,arindam.das1,53
2026-09-28,kol_206_wh_hl_01,arindom.c,48
2026-09-28,kol_206_wh_hl_01,arpanc.vc,47
2026-09-28,kol_206_wh_hl_01,ca.4264812,51
2026-09-28,kol_206_wh_hl_01,ca.4288750,38
2026-09-28,kol_206_wh_hl_01,ca.4339798,22
2026-09-28,kol_206_wh_hl_01,sourabhbasak.vc,143
2026-09-28,kol_206_wh_hl_01,sumanb.vc,2
2026-09-28,kol_207_wh_hl_01,biswanathchanda.vc,10
2026-09-28,kol_207_wh_hl_01,ca.4228016,753
2026-09-28,kol_207_wh_hl_01,ca.4243424,367
2026-09-28,kol_207_wh_hl_01,ca.4246487,4
2026-09-28,kol_207_wh_hl_01,ca.4252244,209
2026-09-28,kol_208_wh_hl_01,ca.4037782,8
2026-09-28,kol_208_wh_hl_01,ca.4129098,54
2026-09-28,kol_208_wh_hl_01,ca.4152838,58
2026-09-28,kol_208_wh_hl_01,pritamkumarsain.vc,1
2026-09-28,kol_209_wh_hl_01,lma.100001614870,64
2026-09-28,kol_209_wh_hl_01,lma.100001615183,81
2026-09-28,kol_209_wh_hl_01,lma.100001616368,14
2026-09-28,kol_209_wh_hl_01,lma.100001630197,17
2026-09-28,kol_210_wh_hl_01,ca.4156961,18
2026-09-28,kol_210_wh_hl_01,ca.4254058,68
2026-09-28,kol_210_wh_hl_01,ca.4324531,47
2026-09-28,kol_212_wh_hl_01,ca.4145583,140
2026-09-28,kol_212_wh_hl_01,ca.4152359,89
2026-09-28,kol_212_wh_hl_01,ca.4159653,133
2026-09-28,kol_212_wh_hl_01,ca.4161652,139
2026-09-28,kol_212_wh_hl_01,tukaidas.vc,107
2026-09-28,kol_213_wh_hl_01,lma.100001573347,9
2026-09-28,kol_213_wh_hl_01,lma.100001594664,3
2026-09-28,kol_213_wh_hl_01,lma.100001594672,1
2026-09-28,kol_213_wh_hl_01,lma.100001594687,1
2026-09-28,kol_213_wh_hl_01,lma.100001600169,50
2026-09-28,kol_213_wh_hl_01,lma.100001600185,52
2026-09-28,kol_218_wh_hl_01,ca.3845526,33
2026-09-28,kol_218_wh_hl_01,ca.3947078,1
2026-09-28,kol_218_wh_hl_01,ca.4040461,7
2026-09-28,kol_218_wh_hl_01,ca.4237647,31
2026-09-28,kol_218_wh_hl_01,ca.4238498,35
2026-09-28,kol_218_wh_hl_01,ca.4400240,7
2026-09-28,kol_902_wh_hl_01,ca.4230880,5
2026-09-28,kol_902_wh_hl_01,ca.4291588,1
2026-09-28,koz_101_wh_hl_01,lma.100001540101,55
2026-09-28,koz_101_wh_hl_01,lma.100001634626,416
2026-09-28,koz_103_wh_hl_01,lma.100001574780,117
2026-09-28,koz_103_wh_hl_01,lma.100001606731,234
2026-09-28,koz_103_wh_hl_01,lma.100001606767,414
2026-09-28,koz_104_wh_hl_01,lma.100001563353,5
2026-09-28,koz_104_wh_hl_01,lma.100001579418,29
2026-09-28,koz_104_wh_hl_01,lma.100001619870,10
2026-09-28,koz_104_wh_hl_01,lma.100001620058,26
2026-09-28,koz_104_wh_hl_01,lma.100001620459,130
2026-09-28,koz_104_wh_hl_01,lma.100001633336,121
2026-09-28,koz_105_wh_hl_01,lma.100001537845,302
2026-09-28,koz_105_wh_hl_01,lma.100001542895,500
2026-09-28,koz_105_wh_hl_01,lma.100001575409,139
2026-09-28,luc_101_wh_hl_01,ca.3462119,515
2026-09-28,luc_101_wh_hl_01,ca.3626453,834
2026-09-28,luc_101_wh_hl_01,ca.3849989,289
2026-09-28,luc_101_wh_hl_01,ca.4122227,377
2026-09-28,luc_101_wh_hl_01,ca.4148948,474
2026-09-28,luc_101_wh_hl_01,ca.4304426,483
2026-09-28,luc_101_wh_hl_01,dharmendrakuma5.vc,577
2026-09-28,luc_101_wh_hl_01,mohammadm3.vc,3
2026-09-28,luc_102_wh_hl_01,ca.4114934,620
2026-09-28,luc_102_wh_hl_01,ca.4200581,1661
2026-09-28,luc_102_wh_hl_01,ca.4206826,859
2026-09-28,luc_102_wh_hl_01,ca.4219065,402
2026-09-28,luc_102_wh_hl_01,ca.4277520,41
2026-09-28,luc_102_wh_hl_01,ca.4286491,771
2026-09-28,luc_104_wh_hl_01,ca.3446454,28
2026-09-28,luc_104_wh_hl_01,ca.3519755,4
2026-09-28,luc_104_wh_hl_01,ca.3527333,265
2026-09-28,luc_104_wh_hl_01,ca.3545015,357
2026-09-28,luc_104_wh_hl_01,ca.3904564,356
2026-09-28,luc_104_wh_hl_01,ca.3905377,73
2026-09-28,luc_104_wh_hl_01,ca.4001102,28
2026-09-28,luc_104_wh_hl_01,ca.4042143,148
2026-09-28,luc_104_wh_hl_01,ca.4100657,157
2026-09-28,luc_104_wh_hl_01,ca.4273991,221
2026-09-28,luc_104_wh_hl_01,ca.4284234,125
2026-09-28,luc_104_wh_hl_01,ca.4386057,690
2026-09-28,luc_104_wh_hl_01,satendrakumar.vc,3
2026-09-28,luc_105_wh_hl_01,adityamaurya.vc,6
2026-09-28,luc_105_wh_hl_01,ca.3852179,36
2026-09-28,luc_108_wh_hl_01,ca.3527538,140
2026-09-28,luc_108_wh_hl_01,ca.4111255,141
2026-09-28,luc_110_wh_hl_01,ca.3439648,117
2026-09-28,luc_110_wh_hl_01,ca.3495602,180
2026-09-28,luc_110_wh_hl_01,ca.3578611,173
2026-09-28,luc_110_wh_hl_01,ca.3638564,247
2026-09-28,luc_110_wh_hl_01,ca.3638569,205
2026-09-28,luc_110_wh_hl_01,ca.3780104,200
2026-09-28,luc_110_wh_hl_01,ca.4035389,226
2026-09-28,luc_110_wh_hl_01,ca.4099586,1
2026-09-28,luc_110_wh_hl_01,vikashpandey1.vc,278
2026-09-28,luc_111_wh_hl_01,ca.4059260,21
2026-09-28,luc_111_wh_hl_01,ca.4164346,418
2026-09-28,luc_111_wh_hl_01,ca.4173971,362
2026-09-28,luc_111_wh_hl_01,ca.4220189,4
2026-09-28,luc_111_wh_hl_01,ca.4244113,298
2026-09-28,luc_111_wh_hl_01,ca.4266184,279
2026-09-28,luc_111_wh_hl_01,ca.4305862,175
2026-09-28,luc_111_wh_hl_01,narendrarawat.vc,1
2026-09-28,luc_112_wh_hl_01,ca.4037800,112
2026-09-28,luc_112_wh_hl_01,ca.4273556,604
2026-09-28,luc_112_wh_hl_01,ca.4273899,98
2026-09-28,luc_112_wh_hl_01,ca.4323872,335
2026-09-28,luc_112_wh_hl_01,ca.4344046,14
2026-09-28,luc_112_wh_hl_01,ca.4344462,339
2026-09-28,luc_112_wh_hl_01,ca.4359374,533
2026-09-28,luc_112_wh_hl_01,deepakyadav6.vc,2
2026-09-28,luc_114_wh_hl_01,ca.3963230,36
2026-09-28,luc_114_wh_hl_01,ca.4095922,135
2026-09-28,luc_114_wh_hl_01,ca.4096268,37
2026-09-28,luc_114_wh_hl_01,ca.4163894,78
2026-09-28,luc_114_wh_hl_01,ca.4220916,95
2026-09-28,luc_114_wh_hl_01,ca.4240053,45
2026-09-28,luc_114_wh_hl_01,ca.4284229,139
2026-09-28,luc_114_wh_hl_01,ca.4284231,1
2026-09-28,luc_114_wh_hl_01,ca.4304406,1
2026-09-28,luc_115_wh_hl_01,ashishkumar33.vc,900
2026-09-28,luc_115_wh_hl_01,ca.3570562,1164
2026-09-28,luc_115_wh_hl_01,ca.3978516,771
2026-09-28,luc_115_wh_hl_01,ca.4037605,186
2026-09-28,luc_115_wh_hl_01,ca.4133525,971
2026-09-28,luc_115_wh_hl_01,ca.4222669,789
2026-09-28,luc_115_wh_hl_01,ca.4230783,764
2026-09-28,luc_116_wh_hl_01,ca.3542928,68
2026-09-28,luc_116_wh_hl_01,ca.4020702,2
2026-09-28,luc_116_wh_hl_01,harshvardhanrai.vc,2
2026-09-28,luc_117_wh_hl_01,ca.3442906,206
2026-09-28,luc_117_wh_hl_01,ca.3443662,1722
2026-09-28,luc_117_wh_hl_01,ca.3452212,248
2026-09-28,luc_117_wh_hl_01,ca.4001101,2
2026-09-28,luc_117_wh_hl_01,ca.4234799,663
2026-09-28,luc_117_wh_hl_01,ca.4363894,729
2026-09-28,luc_117_wh_hl_01,nabiraza.vc,1392
2026-09-28,luc_118_wh_hl_01,amnendrasingh.vc,3
2026-09-28,luc_118_wh_hl_01,ca.3490486,1204
2026-09-28,luc_118_wh_hl_01,ca.3511519,375
2026-09-28,luc_118_wh_hl_01,ca.3729526,110
2026-09-28,luc_118_wh_hl_01,ca.3902341,130
2026-09-28,luc_118_wh_hl_01,ca.4295224,784
2026-09-28,luc_119_wh_hl_01,ca.3522972,1
2026-09-28,luc_120_wh_hl_01,ca.4131558,23
2026-09-28,luc_121_wh_hl_01,ca.4178501,1
2026-09-28,luc_122_wh_hl_01,ca.3825420,125
2026-09-28,luc_122_wh_hl_01,ca.3831556,514
2026-09-28,luc_122_wh_hl_01,ca.3832128,129
2026-09-28,luc_122_wh_hl_01,ca.3974143,922
2026-09-28,luc_122_wh_hl_01,ca.4190966,491
2026-09-28,luc_122_wh_hl_01,ca.4261165,47
2026-09-28,luc_122_wh_hl_01,ca.4272253,64
2026-09-28,luc_122_wh_hl_01,surajgupta1.vc,14
2026-09-28,luc_124_wh_hl_01,ca.3805855,756
2026-09-28,luc_124_wh_hl_01,ca.3988881,229
2026-09-28,luc_124_wh_hl_01,ca.4083636,136
2026-09-28,luc_124_wh_hl_01,ca.4156114,620
2026-09-28,luc_124_wh_hl_01,ca.4192817,672
2026-09-28,luc_124_wh_hl_01,ca.4282335,1086
2026-09-28,luc_124_wh_hl_01,ca.4305020,919
2026-09-28,luc_124_wh_hl_01,gurvachansingh.vc,7
2026-09-28,luc_125_wh_hl_01,ca.4023405,12
2026-09-28,luc_125_wh_hl_01,ca.4188087,18
2026-09-28,luc_125_wh_hl_01,ca.4189604,121
2026-09-28,luc_125_wh_hl_01,ca.4204764,1
2026-09-28,luc_125_wh_hl_01,ca.4266347,84
2026-09-28,luc_125_wh_hl_01,ca.4379085,144
2026-09-28,luc_128_wh_hl_01,ca.4080409,657
2026-09-28,luc_128_wh_hl_01,ca.4114711,441
2026-09-28,luc_128_wh_hl_01,ca.4125347,275
2026-09-28,luc_128_wh_hl_01,ca.4284434,248
2026-09-28,luc_128_wh_hl_01,ca.4291889,750
2026-09-28,luc_129_wh_hl_01,alokshukla.vc,7
2026-09-28,luc_129_wh_hl_01,ca.4070621,211
2026-09-28,luc_129_wh_hl_01,ca.4070628,555
2026-09-28,luc_129_wh_hl_01,ca.4282114,424
2026-09-28,luc_129_wh_hl_01,dhirajkumary.vc,531
2026-09-28,luc_130_wh_hl_01,amansharma3.vc,6
2026-09-28,luc_130_wh_hl_01,ca.4261597,113
2026-09-28,luc_130_wh_hl_01,ca.4269182,130
2026-09-28,luc_130_wh_hl_01,ca.4288911,139
2026-09-28,luc_130_wh_hl_01,ca.4305199,100
2026-09-28,luc_133_wh_hl_01,ca.4000752,849
2026-09-28,luc_133_wh_hl_01,ca.4045067,1091
2026-09-28,luc_133_wh_hl_01,ca.4219588,735
2026-09-28,luc_133_wh_hl_01,vivekgupta.vc,13
2026-09-28,luc_134_wh_hl_01,ca.3579874,1
2026-09-28,luc_134_wh_hl_01,ca.3579881,700
2026-09-28,luc_134_wh_hl_01,ca.4142541,1
2026-09-28,luc_134_wh_hl_01,ca.4143706,64
2026-09-28,luc_134_wh_hl_01,vikaskumar40.vc,12
2026-09-28,luc_909_wh_hl_01,ca.3455672,45
2026-09-28,luc_909_wh_hl_01,ca.3893451,628
2026-09-28,luc_909_wh_hl_01,ca.4084124,1213
2026-09-28,luc_909_wh_hl_01,ca.4100483,70
2026-09-28,luc_909_wh_hl_01,ca.4283639,434
2026-09-28,luc_909_wh_hl_01,navalkishore4.vc,11
2026-09-28,lud_101_wh_hl_01,ca.3940095,604
2026-09-28,lud_101_wh_hl_01,ca.4257809,392
2026-09-28,lud_101_wh_hl_01,ca.4282300,388
2026-09-28,lud_101_wh_hl_01,ca.4282334,494
2026-09-28,lud_101_wh_hl_01,ca.4325202,726
2026-09-28,lud_101_wh_hl_01,ca.4329554,643
2026-09-28,lud_101_wh_hl_01,deepakkumar82.vc,41
2026-09-28,lud_101_wh_hl_01,krishanyadav1.vc,54
2026-09-28,lud_102_wh_hl_01,ca.3963198,646
2026-09-28,lud_102_wh_hl_01,ca.3994583,110
2026-09-28,lud_102_wh_hl_01,ca.4023477,8
2026-09-28,lud_102_wh_hl_01,ca.4213631,332
2026-09-28,lud_102_wh_hl_01,ca.4272128,1090
2026-09-28,lud_102_wh_hl_01,ca.4282286,22
2026-09-28,lud_102_wh_hl_01,ramankumar2.vc,1012
2026-09-28,lud_102_wh_hl_01,sanjeevyadav.vc,388
2026-09-28,lud_103_wh_hl_01,bhupindersingh2.vc,10
2026-09-28,lud_103_wh_hl_01,ca.4031637,279
2026-09-28,lud_103_wh_hl_01,ca.4032769,63
2026-09-28,lud_103_wh_hl_01,ca.4032775,189
2026-09-28,lud_103_wh_hl_01,ca.4147408,110
2026-09-28,lud_103_wh_hl_01,ca.4352250,114
2026-09-28,lud_104_wh_hl_01,avinashanand1.vc,26
2026-09-28,lud_104_wh_hl_01,ca.4057252,390
2026-09-28,lud_104_wh_hl_01,ca.4282877,632
2026-09-28,lud_104_wh_hl_01,ca.4304134,624
2026-09-28,lud_104_wh_hl_01,ca.4319534,288
2026-09-28,mad_101_wh_hl_01,ca.4232099,1
2026-09-28,mad_101_wh_hl_01,ca.4348940,3
2026-09-28,mor_101_wh_hl_01,ca.4295264,2
2026-09-28,mum_005_wh_hl_01,ca.4005248,383
2026-09-28,mum_005_wh_hl_01,ca.4025965,240
2026-09-28,mum_005_wh_hl_01,ca.4066671,213
2026-09-28,mum_005_wh_hl_01,ca.4122374,948
2026-09-28,mum_005_wh_hl_01,ca.4161717,89
2026-09-28,mum_005_wh_hl_01,ca.4274277,9
2026-09-28,mum_005_wh_hl_01,ca.4358837,204
2026-09-28,mum_005_wh_hl_01,mohammednehalk.vc,10
2026-09-28,mum_007_wh_hl_01,ca.3977610,58
2026-09-28,mum_007_wh_hl_01,ca.4027003,81
2026-09-28,mum_007_wh_hl_01,ca.4221621,509
2026-09-28,mum_007_wh_hl_01,ca.4255369,110
2026-09-28,mum_007_wh_hl_01,ca.4274923,820
2026-09-28,mum_007_wh_hl_01,dilkhushkumar1.vc,3
2026-09-28,mum_010_wh_hl_01,ca.4133353,45
2026-09-28,mum_010_wh_hl_01,ca.4167300,3
2026-09-28,mum_010_wh_hl_01,ca.4218932,46
2026-09-28,mum_010_wh_hl_01,ca.4224901,42
2026-09-28,mum_010_wh_hl_01,ca.4225001,29
2026-09-28,mum_010_wh_hl_01,ca.4290879,32
2026-09-28,mum_010_wh_hl_01,ca.4301369,93
2026-09-28,mum_010_wh_hl_01,ca.4303794,6
2026-09-28,mum_011_wh_hl_01,ca.3669552,49
2026-09-28,mum_011_wh_hl_01,ca.4002120,147
2026-09-28,mum_011_wh_hl_01,ca.4007006,20
2026-09-28,mum_011_wh_hl_01,ca.4135079,76
2026-09-28,mum_011_wh_hl_01,ca.4185344,110
2026-09-28,mum_011_wh_hl_01,ca.4274968,60
2026-09-28,mum_012_wh_hl_01,ca.4206829,3
2026-09-28,mum_012_wh_hl_01,ca.4257461,118
2026-09-28,mum_012_wh_hl_01,ca.4273934,139
2026-09-28,mum_012_wh_hl_01,ca.4304940,128
2026-09-28,mum_012_wh_hl_01,ca.4304949,69
2026-09-28,mum_018_wh_hl_01,ca.3805105,59
2026-09-28,mum_018_wh_hl_01,ca.4039859,448
2026-09-28,mum_018_wh_hl_01,ca.4148912,648
2026-09-28,mum_018_wh_hl_01,ca.4221453,191
2026-09-28,mum_018_wh_hl_01,ca.4231812,1379
2026-09-28,mum_018_wh_hl_01,ca.4240893,367
2026-09-28,mum_018_wh_hl_01,ca.4269059,556
2026-09-28,mum_018_wh_hl_01,ca.4273630,897
2026-09-28,mum_018_wh_hl_01,ca.4343492,267
2026-09-28,mum_018_wh_hl_01,mukeshyadav1.vc,11
2026-09-28,mum_021_wh_hl_01,ca.4264694,726
2026-09-28,mum_021_wh_hl_01,ca.4283261,41
2026-09-28,mum_024_wh_hl_01,ca.4147244,640
2026-09-28,mum_024_wh_hl_01,ca.4173693,142
2026-09-28,mum_024_wh_hl_01,ca.4187808,203
2026-09-28,mum_024_wh_hl_01,ca.4262632,405
2026-09-28,mum_024_wh_hl_01,ca.4288573,297
2026-09-28,mum_024_wh_hl_01,ca.4301968,171
2026-09-28,mum_024_wh_hl_01,ca.4347836,173
2026-09-28,mum_024_wh_hl_01,mohammadfahad.vc,3
2026-09-28,mum_025_wh_hl_01,ca.3950047,2
2026-09-28,mum_025_wh_hl_01,ca.4149258,449
2026-09-28,mum_025_wh_hl_01,ca.4155114,323
2026-09-28,mum_025_wh_hl_01,ca.4223909,113
2026-09-28,mum_025_wh_hl_01,ca.4226760,609
2026-09-28,mum_025_wh_hl_01,ca.4278831,398
2026-09-28,mum_025_wh_hl_01,ca.4332112,988
2026-09-28,mum_025_wh_hl_01,niyazf.vc,12
2026-09-28,mum_033_wh_hl_01,ca.3460809,222
2026-09-28,mum_033_wh_hl_01,ca.4224586,484
2026-09-28,mum_033_wh_hl_01,ca.4253148,12
2026-09-28,mum_033_wh_hl_01,ca.4253880,82
2026-09-28,mum_033_wh_hl_01,ca.4257881,1317
2026-09-28,mum_033_wh_hl_01,ca.4272202,710
2026-09-28,mum_033_wh_hl_01,ca.4280976,295
2026-09-28,mum_033_wh_hl_01,ca.4359262,931
2026-09-28,mum_043_wh_hl_01,akashkumar9.vc,13
2026-09-28,mum_043_wh_hl_01,ca.3688894,538
2026-09-28,mum_043_wh_hl_01,ca.4001305,329
2026-09-28,mum_043_wh_hl_01,ca.4074630,59
2026-09-28,mum_043_wh_hl_01,ca.4128583,446
2026-09-28,mum_043_wh_hl_01,ca.4134419,346
2026-09-28,mum_043_wh_hl_01,ca.4191244,480
2026-09-28,mum_043_wh_hl_01,ca.4231215,263
2026-09-28,mum_043_wh_hl_01,ca.4249722,1397
2026-09-28,mum_043_wh_hl_01,ca.4385391,26
2026-09-28,mum_061_wh_hl_01,ca.4042649,694
2026-09-28,mum_061_wh_hl_01,ca.4056957,256
2026-09-28,mum_061_wh_hl_01,ca.4166545,663
2026-09-28,mum_061_wh_hl_01,ca.4280163,727
2026-09-28,mum_061_wh_hl_01,ca.4319025,231
2026-09-28,mum_062_wh_hl_01,ca.3316719,272
2026-09-28,mum_062_wh_hl_01,ca.3317748,245
2026-09-28,mum_062_wh_hl_01,ca.3405925,203
2026-09-28,mum_062_wh_hl_01,ca.3671005,260
2026-09-28,mum_062_wh_hl_01,ca.4014949,64
2026-09-28,mum_062_wh_hl_01,ca.4191145,272
2026-09-28,mum_062_wh_hl_01,ca.4221240,329
2026-09-28,mum_062_wh_hl_01,ca.4227545,180
2026-09-28,mum_062_wh_hl_01,ca.4245360,58
2026-09-28,mum_062_wh_hl_01,ca.4249535,118
2026-09-28,mum_062_wh_hl_01,ca.4268395,238
2026-09-28,mum_062_wh_hl_01,ca.4373615,1
2026-09-28,mum_062_wh_hl_01,shubhamsutar.vc,154
2026-09-28,mum_062_wh_hl_01,vedantd.vc,11
2026-09-28,mum_063_wh_hl_01,ca.3728065,44
2026-09-28,mum_063_wh_hl_01,ca.3851749,206
2026-09-28,mum_063_wh_hl_01,ca.3868151,213
2026-09-28,mum_063_wh_hl_01,ca.4170300,60
2026-09-28,mum_063_wh_hl_01,ca.4193445,15
2026-09-28,mum_063_wh_hl_01,ca.4225334,466
2026-09-28,mum_063_wh_hl_01,ca.4314042,1010
2026-09-28,mum_063_wh_hl_01,ca.4385310,36
2026-09-28,mum_064_wh_hl_01,brijalr.vc,2
2026-09-28,mum_064_wh_hl_01,ca.4112996,77
2026-09-28,mum_064_wh_hl_01,ca.4136961,235
2026-09-28,mum_064_wh_hl_01,ca.4144524,26
2026-09-28,mum_064_wh_hl_01,ca.4175132,62
2026-09-28,mum_064_wh_hl_01,ca.4273959,77
2026-09-28,mum_066_wh_hl_01,ca.4161395,2
2026-09-28,mum_067_wh_hl_01,ca.4049672,130
2026-09-28,mum_067_wh_hl_01,ca.4142861,329
2026-09-28,mum_067_wh_hl_01,ca.4177479,338
2026-09-28,mum_067_wh_hl_01,ca.4207474,50
2026-09-28,mum_067_wh_hl_01,ca.4213673,362
2026-09-28,mum_067_wh_hl_01,ca.4224160,299
2026-09-28,mum_067_wh_hl_01,ca.4291386,184
2026-09-28,mum_072_wh_hl_01,ca.4002654,89
2026-09-28,mum_072_wh_hl_01,ca.4097502,104
2026-09-28,mum_072_wh_hl_01,sharukhali.vc,55
2026-09-28,mum_072_wh_hl_01,sudarshanbalat.vc,116
2026-09-28,mum_075_wh_hl_01,ca.4271144,51
2026-09-28,mum_079_wh_hl_01,ca.3885618,389
2026-09-28,mum_079_wh_hl_01,ca.4026900,1056
2026-09-28,mum_079_wh_hl_01,ca.4192960,32
2026-09-28,mum_079_wh_hl_01,ca.4208654,749
2026-09-28,mum_079_wh_hl_01,ca.4245416,409
2026-09-28,mum_079_wh_hl_01,ca.4264469,170
2026-09-28,mum_079_wh_hl_01,ca.4276439,1068
2026-09-28,mum_079_wh_hl_01,niteshsawant.vc,54
2026-09-28,mum_080_wh_hl_01,ca.3972666,45
2026-09-28,mum_080_wh_hl_01,ca.4126090,21
2026-09-28,mum_080_wh_hl_01,ca.4226929,684
2026-09-28,mum_080_wh_hl_01,ca.4230867,673
2026-09-28,mum_080_wh_hl_01,ca.4237779,298
2026-09-28,mum_080_wh_hl_01,ca.4243934,313
2026-09-28,mum_080_wh_hl_01,ca.4253896,948
2026-09-28,mum_080_wh_hl_01,ca.4290535,528
2026-09-28,mum_080_wh_hl_01,ca.4378546,281
2026-09-28,mum_080_wh_hl_01,sushantkasare.vc,33
2026-09-28,mum_101_wh_hl_01,ca.3904565,142
2026-09-28,mum_101_wh_hl_01,ca.4004344,23
2026-09-28,mum_101_wh_hl_01,ca.4136033,1
2026-09-28,mum_101_wh_hl_01,ca.4136056,63
2026-09-28,mum_101_wh_hl_01,ca.4138258,6
2026-09-28,mum_101_wh_hl_01,ca.4234175,32
2026-09-28,mum_101_wh_hl_01,ca.4261718,84
2026-09-28,mum_101_wh_hl_01,ca.4268626,42
2026-09-28,mum_101_wh_hl_01,ca.4279481,24
2026-09-28,mum_101_wh_hl_01,ca.4368705,4
2026-09-28,mum_101_wh_hl_01,ca.4369287,27
2026-09-28,mum_101_wh_hl_01,siddheshh.vc,9
2026-09-28,mum_101_wh_hl_01,sudhir.gajanankoli,298
2026-09-28,mum_101_wh_hl_01,vinayaksantosc.vc,256
2026-09-28,mum_102_wh_hl_01,ca.4166851,8
2026-09-28,mum_103_wh_hl_01,ca.3377283,14
2026-09-28,mum_103_wh_hl_01,ca.3412180,542
2026-09-28,mum_103_wh_hl_01,ca.3763953,236
2026-09-28,mum_103_wh_hl_01,ca.4096258,331
2026-09-28,mum_103_wh_hl_01,ca.4134700,10
2026-09-28,mum_103_wh_hl_01,ca.4136836,71
2026-09-28,mum_103_wh_hl_01,ca.4158102,55
2026-09-28,mum_103_wh_hl_01,ca.4177064,137
2026-09-28,mum_103_wh_hl_01,ca.4257862,376
2026-09-28,mum_103_wh_hl_01,chiragshethia.vc,475
2026-09-28,mum_104_wh_hl_01,ca.3956505,9
2026-09-28,mum_104_wh_hl_01,ca.4014226,33
2026-09-28,mum_104_wh_hl_01,ca.4228700,21
2026-09-28,mum_104_wh_hl_01,ca.4264380,9
2026-09-28,mum_107_wh_hl_01,ca.3754064,177
2026-09-28,mum_107_wh_hl_01,ca.4054775,132
2026-09-28,mum_107_wh_hl_01,ca.4114221,94
2026-09-28,mum_107_wh_hl_01,ca.4223906,56
2026-09-28,mum_107_wh_hl_01,ca.4227278,300
2026-09-28,mum_107_wh_hl_01,ca.4231250,26
2026-09-28,mum_107_wh_hl_01,ca.4233149,79
2026-09-28,mum_107_wh_hl_01,ca.4255387,9
2026-09-28,mum_107_wh_hl_01,ca.4274493,174
2026-09-28,mum_107_wh_hl_01,ca.4274557,97
2026-09-28,mum_108_wh_hl_01,ca.3829493,108
2026-09-28,mum_108_wh_hl_01,ca.4017198,87
2026-09-28,mum_108_wh_hl_01,ca.4229444,69
2026-09-28,mum_108_wh_hl_01,ca.4268496,579
2026-09-28,mum_108_wh_hl_01,ca.4272194,113
2026-09-28,mum_108_wh_hl_01,ca.4278762,385
2026-09-28,mum_108_wh_hl_01,ca.4354578,425
2026-09-28,mum_108_wh_hl_01,dheerajkumar17.vc,54
2026-09-28,mum_109_wh_hl_01,ca.3952581,60
2026-09-28,mum_109_wh_hl_01,ca.4030583,259
2026-09-28,mum_109_wh_hl_01,ca.4076482,215
2026-09-28,mum_109_wh_hl_01,ca.4141144,604
2026-09-28,mum_109_wh_hl_01,ca.4193481,378
2026-09-28,mum_109_wh_hl_01,ca.4204424,1169
2026-09-28,mum_109_wh_hl_01,ca.4310478,540
2026-09-28,mum_109_wh_hl_01,rushikeshr.vc,19
2026-09-28,mum_110_wh_hl_01,ca.3981268,505
2026-09-28,mum_110_wh_hl_01,ca.4048873,104
2026-09-28,mum_110_wh_hl_01,ca.4209085,315
2026-09-28,mum_110_wh_hl_01,ca.4263648,508
2026-09-28,mum_110_wh_hl_01,ca.4270665,1262
2026-09-28,mum_110_wh_hl_01,ca.4316747,140
2026-09-28,mum_110_wh_hl_01,ca.4366636,231
2026-09-28,mum_110_wh_hl_01,maneshdinkarg.vc,4
2026-09-28,mum_113_wh_hl_01,ca.3468550,370
2026-09-28,mum_113_wh_hl_01,ca.3665590,149
2026-09-28,mum_113_wh_hl_01,ca.3949150,179
2026-09-28,mum_113_wh_hl_01,ca.4072742,18
2026-09-28,mum_113_wh_hl_01,ca.4227289,768
2026-09-28,mum_113_wh_hl_01,ca.4257602,1
2026-09-28,mum_113_wh_hl_01,ca.4259872,525
2026-09-28,mum_113_wh_hl_01,ca.4268724,27
2026-09-28,mum_113_wh_hl_01,ca.4272668,160
2026-09-28,mum_113_wh_hl_01,ca.4279677,592
2026-09-28,mum_113_wh_hl_01,ca.4296299,353
2026-09-28,mum_113_wh_hl_01,ca.4309617,952
2026-09-28,mum_113_wh_hl_01,ca.4355691,874
2026-09-28,mum_113_wh_hl_01,shahida.vc,26
2026-09-28,mum_116_wh_hl_01,ca.3905157,316
2026-09-28,mum_116_wh_hl_01,ca.4043431,55
2026-09-28,mum_116_wh_hl_01,ca.4255100,52
2026-09-28,mum_116_wh_hl_01,ca.4257474,18
2026-09-28,mum_116_wh_hl_01,ca.4263645,125
2026-09-28,mum_116_wh_hl_01,ca.4282928,139
2026-09-28,mum_117_wh_hl_01,ca.3884194,287
2026-09-28,mum_117_wh_hl_01,ca.3955593,97
2026-09-28,mum_117_wh_hl_01,ca.4099319,185
2026-09-28,mum_117_wh_hl_01,ca.4236612,993
2026-09-28,mum_117_wh_hl_01,ca.4249497,1498
2026-09-28,mum_117_wh_hl_01,ca.4310025,178
2026-09-28,mum_117_wh_hl_01,ca.4315666,253
2026-09-28,mum_117_wh_hl_01,ca.4315678,11
2026-09-28,mum_117_wh_hl_01,ca.4325865,153
2026-09-28,mum_117_wh_hl_01,ca.4330345,511
2026-09-28,mum_118_wh_hl_01,bhushanwagh.vc,28
2026-09-28,mum_118_wh_hl_01,ca.4024497,109
2026-09-28,mum_118_wh_hl_01,ca.4065034,106
2026-09-28,mum_118_wh_hl_01,ca.4072850,8
2026-09-28,mum_118_wh_hl_01,ca.4280215,10
2026-09-28,mum_121_wh_hl_01,anilkumargond.vc,1
2026-09-28,mum_121_wh_hl_01,ca.4006479,45
2026-09-28,mum_121_wh_hl_01,ca.4007012,2
2026-09-28,mum_121_wh_hl_01,ca.4225143,66
2026-09-28,mum_121_wh_hl_01,ca.4297043,74
2026-09-28,mum_122_wh_hl_01,ca.3847280,23
2026-09-28,mum_122_wh_hl_01,ca.3954289,38
2026-09-28,mum_122_wh_hl_01,ca.4060118,16
2026-09-28,mum_122_wh_hl_01,ca.4265454,1131
2026-09-28,mum_122_wh_hl_01,ca.4288527,242
2026-09-28,mum_122_wh_hl_01,ca.4354787,442
2026-09-28,mum_126_wh_hl_01,ca.3883703,138
2026-09-28,mum_126_wh_hl_01,ca.4158932,49
2026-09-28,mum_126_wh_hl_01,ca.4212580,194
2026-09-28,mum_127_wh_hl_01,ca.3769724,15
2026-09-28,mum_127_wh_hl_01,ca.3929797,319
2026-09-28,mum_127_wh_hl_01,ca.3934765,84
2026-09-28,mum_127_wh_hl_01,ca.3941530,249
2026-09-28,mum_127_wh_hl_01,ca.4164617,489
2026-09-28,mum_127_wh_hl_01,ca.4224601,657
2026-09-28,mum_127_wh_hl_01,ca.4274269,294
2026-09-28,mum_127_wh_hl_01,ca.4387870,280
2026-09-28,mum_129_wh_hl_01,ca.3489239,268
2026-09-28,mum_129_wh_hl_01,ca.3600259,25
2026-09-28,mum_129_wh_hl_01,ca.3693413,505
2026-09-28,mum_129_wh_hl_01,ca.3830204,522
2026-09-28,mum_129_wh_hl_01,ca.3976552,398
2026-09-28,mum_129_wh_hl_01,ca.4025208,295
2026-09-28,mum_129_wh_hl_01,ca.4110352,266
2026-09-28,mum_129_wh_hl_01,ca.4128159,275
2026-09-28,mum_129_wh_hl_01,ca.4224582,289
2026-09-28,mum_129_wh_hl_01,ca.4224584,389
2026-09-28,mum_129_wh_hl_01,ca.4226058,295
2026-09-28,mum_129_wh_hl_01,ca.4259208,455
2026-09-28,mum_129_wh_hl_01,ca.4268150,18
2026-09-28,mum_132_wh_hl_01,aftabzakirhuss.vc,2
2026-09-28,mum_132_wh_hl_01,ca.3849292,270
2026-09-28,mum_132_wh_hl_01,ca.3909645,32
2026-09-28,mum_132_wh_hl_01,ca.3949404,590
2026-09-28,mum_132_wh_hl_01,ca.4250624,343
2026-09-28,mum_132_wh_hl_01,ca.4264538,640
2026-09-28,mum_132_wh_hl_01,ca.4264746,338
2026-09-28,mum_132_wh_hl_01,ca.4272331,470
2026-09-28,mum_132_wh_hl_01,rohitc.vc,15
2026-09-28,mum_133_wh_hl_01,ca.4011977,199
2026-09-28,mum_133_wh_hl_01,ca.4121810,280
2026-09-28,mum_133_wh_hl_01,ca.4131217,17
2026-09-28,mum_133_wh_hl_01,ca.4172789,4
2026-09-28,mum_133_wh_hl_01,ca.4250001,298
2026-09-28,mum_133_wh_hl_01,ca.4274071,171
2026-09-28,mum_133_wh_hl_01,ca.4302899,283
2026-09-28,mum_134_wh_hl_01,ca.4144074,4
2026-09-28,mum_134_wh_hl_01,ca.4229004,104
2026-09-28,mum_134_wh_hl_01,rohitdubal.vc,21
2026-09-28,mum_138_wh_hl_01,ca.3891788,39
2026-09-28,mum_138_wh_hl_01,ca.4128809,500
2026-09-28,mum_138_wh_hl_01,ca.4238459,129
2026-09-28,mum_138_wh_hl_01,ca.4250628,80
2026-09-28,mum_138_wh_hl_01,hrithik.ughade,51
2026-09-28,mum_138_wh_hl_01,mohammadajmalr.vc,566
2026-09-28,mum_140_wh_hl_01,ca.3961860,46
2026-09-28,mum_140_wh_hl_01,ca.4030140,35
2026-09-28,mum_140_wh_hl_01,ca.4132625,4
2026-09-28,mum_140_wh_hl_01,ca.4169893,7
2026-09-28,mum_140_wh_hl_01,ca.4189894,8
2026-09-28,mum_140_wh_hl_01,ca.4332986,8
2026-09-28,mum_140_wh_hl_01,ca.4363037,8
2026-09-28,mum_144_wh_hl_01,ca.3769139,102
2026-09-28,mum_144_wh_hl_01,ca.3790049,250
2026-09-28,mum_144_wh_hl_01,ca.3795601,102
2026-09-28,mum_144_wh_hl_01,ca.3843665,21
2026-09-28,mum_144_wh_hl_01,ca.3913153,701
2026-09-28,mum_144_wh_hl_01,ca.4024695,64
2026-09-28,mum_144_wh_hl_01,ca.4032335,34
2026-09-28,mum_144_wh_hl_01,ca.4036734,757
2026-09-28,mum_144_wh_hl_01,ca.4287054,411
2026-09-28,mum_144_wh_hl_01,ca.4388020,225
2026-09-28,mum_144_wh_hl_01,umerchoudhary.vc,298
2026-09-28,mum_148_wh_hl_01,ca.4112927,287
2026-09-28,mum_148_wh_hl_01,ca.4286238,44
2026-09-28,mum_148_wh_hl_01,ca.4292375,672
2026-09-28,mum_148_wh_hl_01,ca.4294736,251
2026-09-28,mum_148_wh_hl_01,ca.4294746,161
2026-09-28,mum_148_wh_hl_01,ca.4354512,1289
2026-09-28,mum_150_wh_hl_01,ca.3789101,185
2026-09-28,mum_150_wh_hl_01,ca.4124081,184
2026-09-28,mum_150_wh_hl_01,ca.4162790,287
2026-09-28,mum_150_wh_hl_01,ca.4186179,692
2026-09-28,mum_150_wh_hl_01,ca.4198042,352
2026-09-28,mum_150_wh_hl_01,ca.4218380,275
2026-09-28,mum_150_wh_hl_01,ca.4329564,744
2026-09-28,mum_150_wh_hl_01,shahnawazkazi.vc,5
2026-09-28,mum_151_wh_hl_01,ca.4134602,155
2026-09-28,mum_151_wh_hl_01,ca.4146551,1
2026-09-28,mum_151_wh_hl_01,ca.4147638,69
2026-09-28,mum_151_wh_hl_01,vikaspatwa.vc,61
2026-09-28,mum_152_wh_hl_01,ca.4129206,1281
2026-09-28,mum_152_wh_hl_01,ca.4136927,27
2026-09-28,mum_152_wh_hl_01,ca.4136946,28
2026-09-28,mum_152_wh_hl_01,ca.4284170,1280
2026-09-28,mum_152_wh_hl_01,ca.4359709,404
2026-09-28,mum_152_wh_hl_01,omkar.patil,38
2026-09-28,mum_158_wh_hl_01,ca.3953885,4
2026-09-28,mum_158_wh_hl_01,ca.4047700,35
2026-09-28,mum_158_wh_hl_01,ca.4047705,99
2026-09-28,mum_158_wh_hl_01,ca.4127587,124
2026-09-28,mum_158_wh_hl_01,haridarshanh.vc,2
2026-09-28,mum_159_wh_hl_01,ajayyadav11.vc,31
2026-09-28,mum_159_wh_hl_01,ca.4229157,351
2026-09-28,mum_159_wh_hl_01,ca.4229779,257
2026-09-28,mum_159_wh_hl_01,ca.4229780,114
2026-09-28,mum_159_wh_hl_01,ca.4230282,457
2026-09-28,mum_159_wh_hl_01,ca.4230336,187
2026-09-28,mum_159_wh_hl_01,ca.4238464,844
2026-09-28,mum_159_wh_hl_01,ca.4239995,382
2026-09-28,mum_160_wh_hl_01,ca.3911113,197
2026-09-28,mum_160_wh_hl_01,ca.3914916,81
2026-09-28,mum_160_wh_hl_01,ca.3965259,437
2026-09-28,mum_160_wh_hl_01,ca.4102804,9
2026-09-28,mum_160_wh_hl_01,ca.4131928,153
2026-09-28,mum_160_wh_hl_01,ca.4152931,633
2026-09-28,mum_160_wh_hl_01,ca.4261241,417
2026-09-28,mum_160_wh_hl_01,ca.4290566,214
2026-09-28,mum_165_wh_hl_01,ca.4109915,706
2026-09-28,mum_165_wh_hl_01,ca.4118435,110
2026-09-28,mum_165_wh_hl_01,ca.4143923,942
2026-09-28,mum_165_wh_hl_01,ca.4148107,163
2026-09-28,mum_165_wh_hl_01,tejass2.vc,30
2026-09-28,mum_168_wh_hl_01,lma.100001604013,37
2026-09-28,mum_168_wh_hl_01,lma.100001604046,41
2026-09-28,mum_168_wh_hl_01,lma.100001635829,15
2026-09-28,mum_170_wh_hl_01,ankitanalawade.vc,220
2026-09-28,mum_170_wh_hl_01,ca.3945760,236
2026-09-28,mum_170_wh_hl_01,ca.4082759,171
2026-09-28,mum_170_wh_hl_01,ca.4165456,24
2026-09-28,mum_170_wh_hl_01,siddheshsantom.vc,304
2026-09-28,mum_171_wh_hl_01,ca.4027871,194
2026-09-28,mum_171_wh_hl_01,ca.4041785,175
2026-09-28,mum_171_wh_hl_01,ca.4096072,308
2026-09-28,mum_171_wh_hl_01,ca.4126732,73
2026-09-28,mum_171_wh_hl_01,ca.4249435,309
2026-09-28,mum_173_wh_hl_01,ca.3938774,26
2026-09-28,mum_173_wh_hl_01,ca.4026272,25
2026-09-28,mum_173_wh_hl_01,ca.4246231,93
2026-09-28,mum_173_wh_hl_01,ca.4270269,364
2026-09-28,mum_173_wh_hl_01,ca.4378561,59
2026-09-28,mum_173_wh_hl_01,onkarg.vc,75
2026-09-28,mum_173_wh_hl_01,vinitjadhav.vc,8
2026-09-28,mum_175_wh_hl_01,ca.4039498,81
2026-09-28,mum_175_wh_hl_01,ca.4086638,24
2026-09-28,mum_175_wh_hl_01,ca.4227811,30
2026-09-28,mum_178_wh_hl_01,ca.4076419,15
2026-09-28,mum_179_wh_hl_01,ca.4153748,931
2026-09-28,mum_179_wh_hl_01,ca.4186281,957
2026-09-28,mum_179_wh_hl_01,mdtazeemmdtasle.vc,12
2026-09-28,mum_181_wh_hl_01,ca.4163310,37
2026-09-28,mum_181_wh_hl_01,ca.4185408,384
2026-09-28,mum_181_wh_hl_01,ca.4228501,62
2026-09-28,mum_181_wh_hl_01,ca.4231217,67
2026-09-28,mum_181_wh_hl_01,ca.4258929,316
2026-09-28,mum_181_wh_hl_01,ca.4269148,92
2026-09-28,mum_181_wh_hl_01,chandanj1.vc,43
2026-09-28,mum_182_wh_hl_01,ca.4186362,30
2026-09-28,mum_182_wh_hl_01,ca.4235524,62
2026-09-28,mum_182_wh_hl_01,ca.4274567,452
2026-09-28,mum_182_wh_hl_01,ca.4276156,177
2026-09-28,mum_182_wh_hl_01,ca.4289005,375
2026-09-28,mum_182_wh_hl_01,ca.4291222,437
2026-09-28,mum_182_wh_hl_01,ca.4320730,387
2026-09-28,mum_187_wh_hl_01,ca.3475817,155
2026-09-28,mum_187_wh_hl_01,ca.4126920,333
2026-09-28,mum_187_wh_hl_01,ca.4194128,239
2026-09-28,mum_187_wh_hl_01,ca.4307984,48
2026-09-28,mum_187_wh_hl_01,hanumand.vc,1
2026-09-28,mum_189_wh_hl_01,ca.4161627,1
2026-09-28,mum_189_wh_hl_01,ca.4248632,1
2026-09-28,mum_190_wh_hl_01,ca.4149380,192
2026-09-28,mum_190_wh_hl_01,ca.4226406,93
2026-09-28,mum_190_wh_hl_01,ca.4233288,2
2026-09-28,mum_190_wh_hl_01,ca.4307071,3
2026-09-28,mum_191_wh_hl_01,ca.4147090,8
2026-09-28,mum_191_wh_hl_01,ca.4259362,113
2026-09-28,mum_191_wh_hl_01,ca.4273567,40
2026-09-28,mum_191_wh_hl_01,ca.4278900,94
2026-09-28,mum_200_wh_hl_01,ca.4156344,4
2026-09-28,mum_901_wh_hl_01,ca.4035325,135
2026-09-28,mum_901_wh_hl_01,ca.4080878,430
2026-09-28,mum_901_wh_hl_01,ca.4141221,652
2026-09-28,mum_901_wh_hl_01,ca.4198050,362
2026-09-28,mum_901_wh_hl_01,ca.4230367,70
2026-09-28,mum_921_wh_hl_01,ca.3982485,258
2026-09-28,mum_921_wh_hl_01,ca.4187455,707
2026-09-28,mum_921_wh_hl_01,muzakkirm.vc,21
2026-09-28,mum_921_wh_hl_01,rafiqc.vc,724
2026-09-28,nag_102_wh_hl_01,ca.4129691,175
2026-09-28,nag_102_wh_hl_01,ca.4139278,207
2026-09-28,nag_102_wh_hl_01,yashkamlesht.vc,5
2026-09-28,nag_103_wh_hl_01,adityakumars1.vc,1
2026-09-28,nag_103_wh_hl_01,ca.4085898,180
2026-09-28,nag_103_wh_hl_01,ca.4107479,6
2026-09-28,nag_103_wh_hl_01,ca.4278352,63
2026-09-28,nag_103_wh_hl_01,ca.4381236,4
2026-09-28,nag_103_wh_hl_01,ca.4383353,308
2026-09-28,nag_105_wh_hl_01,ca.4209528,242
2026-09-28,nag_105_wh_hl_01,ca.4239333,26
2026-09-28,nag_105_wh_hl_01,rajendrafulchr.vc,5
2026-09-28,nag_108_wh_hl_01,ca.4071900,89
2026-09-28,nag_108_wh_hl_01,ca.4076858,195
2026-09-28,nag_108_wh_hl_01,ca.4117862,173
2026-09-28,nag_108_wh_hl_01,ca.4128836,273
2026-09-28,nag_108_wh_hl_01,nikhilr.vc,6
2026-09-28,nag_108_wh_hl_01,sanketd1.vc,28
2026-09-28,nag_110_wh_hl_01,ca.4268048,5
2026-09-28,nag_110_wh_hl_01,ca.4282976,91
2026-09-28,nag_110_wh_hl_01,vishalr3.vc,215
2026-09-28,nag_113_wh_hl_01,akshaya11.vc,2
2026-09-28,nag_113_wh_hl_01,ca.4031208,172
2026-09-28,nag_113_wh_hl_01,ca.4301697,471
2026-09-28,nag_113_wh_hl_01,ca.4325280,370
2026-09-28,nag_113_wh_hl_01,ca.4332192,1
2026-09-28,noi_038_wh_hl_01,ca.3419285,433
2026-09-28,noi_038_wh_hl_01,ca.3454626,1008
2026-09-28,noi_038_wh_hl_01,ca.3454643,782
2026-09-28,noi_038_wh_hl_01,ca.3484369,365
2026-09-28,noi_102_wh_hl_01,akasha16.vc,20
2026-09-28,noi_102_wh_hl_01,ca.3946016,567
2026-09-28,noi_102_wh_hl_01,ca.3947931,222
2026-09-28,noi_102_wh_hl_01,ca.4075392,341
2026-09-28,noi_102_wh_hl_01,ca.4254883,479
2026-09-28,noi_102_wh_hl_01,ca.4281437,100
2026-09-28,noi_102_wh_hl_01,ca.4317070,988
2026-09-28,noi_102_wh_hl_01,ca.4356609,242
2026-09-28,noi_102_wh_hl_01,ca.4359268,131
2026-09-28,noi_104_wh_hl_01,abhaytyagi.vc,6
2026-09-28,noi_104_wh_hl_01,ca.3852925,835
2026-09-28,noi_104_wh_hl_01,ca.3995103,608
2026-09-28,noi_104_wh_hl_01,ca.3995487,142
2026-09-28,noi_104_wh_hl_01,ca.4078413,54
2026-09-28,noi_104_wh_hl_01,ca.4153572,255
2026-09-28,noi_104_wh_hl_01,ca.4192382,272
2026-09-28,noi_104_wh_hl_01,ca.4207639,48
2026-09-28,noi_104_wh_hl_01,ca.4207642,8
2026-09-28,noi_104_wh_hl_01,ca.4244222,96
2026-09-28,noi_104_wh_hl_01,ca.4277880,42
2026-09-28,noi_104_wh_hl_01,ca.4277904,102
2026-09-28,noi_104_wh_hl_01,ca.4300648,186
2026-09-28,noi_104_wh_hl_01,ca.4306860,324
2026-09-28,noi_104_wh_hl_01,ca.4320431,55
2026-09-28,noi_104_wh_hl_01,manoj.kumar30,81
2026-09-28,noi_104_wh_hl_01,pramodkumar6.vc,34
2026-09-28,noi_106_wh_hl_01,ca.3991948,151
2026-09-28,noi_106_wh_hl_01,ca.4041853,7
2026-09-28,noi_106_wh_hl_01,ca.4191227,91
2026-09-28,noi_106_wh_hl_01,ca.4273607,37
2026-09-28,noi_106_wh_hl_01,ca.4281640,13
2026-09-28,noi_106_wh_hl_01,satyabratgahan.vc,4
2026-09-28,noi_107_wh_hl_01,ca.4013066,247
2026-09-28,noi_107_wh_hl_01,ca.4262913,348
2026-09-28,noi_107_wh_hl_01,ca.4277210,173
2026-09-28,noi_107_wh_hl_01,ca.4279508,624
2026-09-28,noi_107_wh_hl_01,ca.4318479,158
2026-09-28,noi_107_wh_hl_01,ca.4360202,21
2026-09-28,noi_107_wh_hl_01,deveshdixit.vc,640
2026-09-28,noi_108_wh_hl_01,ca.4149066,79
2026-09-28,noi_108_wh_hl_01,ca.4216657,64
2026-09-28,noi_108_wh_hl_01,ca.4229299,268
2026-09-28,noi_108_wh_hl_01,ca.4280814,158
2026-09-28,noi_108_wh_hl_01,ca.4289482,194
2026-09-28,noi_108_wh_hl_01,ca.4291201,153
2026-09-28,noi_108_wh_hl_01,ca.4302616,137
2026-09-28,noi_111_wh_hl_01,ca.3904634,1
2026-09-28,noi_111_wh_hl_01,ca.4114405,16
2026-09-28,noi_112_wh_hl_01,ca.3833534,389
2026-09-28,noi_112_wh_hl_01,ca.3959462,222
2026-09-28,noi_112_wh_hl_01,ca.4233574,296
2026-09-28,noi_112_wh_hl_01,ca.4234749,54
2026-09-28,noi_112_wh_hl_01,ca.4241424,59
2026-09-28,noi_112_wh_hl_01,mohitkumar15.vc,4
2026-09-28,noi_114_wh_hl_01,ca.3892897,938
2026-09-28,noi_114_wh_hl_01,ca.3994724,554
2026-09-28,noi_114_wh_hl_01,ca.4016793,393
2026-09-28,noi_114_wh_hl_01,ca.4228795,343
2026-09-28,noi_114_wh_hl_01,ca.4293552,507
2026-09-28,noi_114_wh_hl_01,ca.4392593,706
2026-09-28,noi_114_wh_hl_01,kartikk10.vc,12
2026-09-28,noi_115_wh_hl_01,ca.3860230,63
2026-09-28,noi_115_wh_hl_01,ca.4095360,115
2026-09-28,noi_115_wh_hl_01,ca.4122419,168
2026-09-28,noi_115_wh_hl_01,ca.4184999,7
2026-09-28,noi_116_wh_hl_01,brijeshb.vc,191
2026-09-28,noi_116_wh_hl_01,ca.3985962,102
2026-09-28,noi_116_wh_hl_01,ca.3994511,347
2026-09-28,noi_116_wh_hl_01,ca.4114435,33
2026-09-28,noi_116_wh_hl_01,ca.4249874,273
2026-09-28,noi_116_wh_hl_01,ca.4258317,12
2026-09-28,noi_116_wh_hl_01,ca.4263973,197
2026-09-28,noi_116_wh_hl_01,ca.4279441,12
2026-09-28,noi_116_wh_hl_01,ca.4288960,472
2026-09-28,noi_116_wh_hl_01,ca.4316604,243
2026-09-28,noi_116_wh_hl_01,ca.4334765,146
2026-09-28,noi_116_wh_hl_01,ca.4351401,590
2026-09-28,noi_116_wh_hl_01,ca.4352950,195
2026-09-28,noi_116_wh_hl_01,rishabhsingh1.vc,22
2026-09-28,noi_116_wh_hl_01,suman.kumar7,48
2026-09-28,noi_117_wh_hl_01,shahrukhkhan6.vc,100
2026-09-28,noi_119_wh_hl_01,ca.4038719,224
2026-09-28,noi_119_wh_hl_01,ca.4076277,101
2026-09-28,noi_119_wh_hl_01,ca.4129418,91
2026-09-28,noi_119_wh_hl_01,ca.4165726,163
2026-09-28,noi_119_wh_hl_01,vipinsingh5.vc,1
2026-09-28,noi_121_wh_hl_01,abhishekkumar60.vc,690
2026-09-28,noi_121_wh_hl_01,amankumar38.vc,18
2026-09-28,noi_121_wh_hl_01,ca.4083545,104
2026-09-28,noi_121_wh_hl_01,ca.4229592,27
2026-09-28,noi_121_wh_hl_01,ca.4259004,648
2026-09-28,noi_121_wh_hl_01,ca.4274437,64
2026-09-28,noi_121_wh_hl_01,ca.4281364,561
2026-09-28,noi_123_wh_hl_01,ca.3984417,216
2026-09-28,noi_123_wh_hl_01,ca.4083378,326
2026-09-28,noi_123_wh_hl_01,ca.4241098,717
2026-09-28,noi_123_wh_hl_01,ca.4257876,365
2026-09-28,noi_123_wh_hl_01,ca.4296896,986
2026-09-28,noi_123_wh_hl_01,guddug1.vc,7
2026-09-28,noi_125_wh_hl_01,ca.3948578,539
2026-09-28,noi_125_wh_hl_01,ca.3950809,6
2026-09-28,noi_125_wh_hl_01,ca.3994512,142
2026-09-28,noi_125_wh_hl_01,ca.4059244,346
2026-09-28,noi_125_wh_hl_01,ca.4103639,139
2026-09-28,noi_125_wh_hl_01,ca.4148659,414
2026-09-28,noi_125_wh_hl_01,ca.4252775,215
2026-09-28,noi_125_wh_hl_01,ca.4286994,359
2026-09-28,noi_125_wh_hl_01,rajeevkumar7.vc,296
2026-09-28,noi_126_wh_hl_01,ca.3915572,311
2026-09-28,noi_126_wh_hl_01,ca.3962194,2
2026-09-28,noi_126_wh_hl_01,ca.3996692,413
2026-09-28,noi_126_wh_hl_01,ca.4078085,6
2026-09-28,noi_126_wh_hl_01,ca.4237335,4
2026-09-28,noi_126_wh_hl_01,ca.4270609,193
2026-09-28,noi_126_wh_hl_01,ca.4286236,437
2026-09-28,noi_126_wh_hl_01,ca.4287343,28
2026-09-28,noi_126_wh_hl_01,ca.4358562,156
2026-09-28,noi_126_wh_hl_01,pawanprajapati1.vc,6
2026-09-28,noi_127_wh_hl_01,ca.4286842,94
2026-09-28,noi_127_wh_hl_01,ca.4288979,116
2026-09-28,noi_127_wh_hl_01,ca.4289109,204
2026-09-28,noi_127_wh_hl_01,rahulmaurya.vc,4
2026-09-28,noi_129_wh_hl_01,ca.4058836,73
2026-09-28,noi_129_wh_hl_01,ca.4080907,343
2026-09-28,noi_129_wh_hl_01,ca.4274356,105
2026-09-28,noi_129_wh_hl_01,ca.4282890,118
2026-09-28,noi_129_wh_hl_01,deveshkumar1.vc,1
2026-09-28,noi_130_wh_hl_01,ca.4142241,42
2026-09-28,noi_130_wh_hl_01,ca.4281907,43
2026-09-28,noi_130_wh_hl_01,ca.4302690,20
2026-09-28,noi_130_wh_hl_01,ca.4309729,81
2026-09-28,noi_130_wh_hl_01,kritidixit.vc,228
2026-09-28,noi_131_wh_hl_01,bantyb.vc,303
2026-09-28,noi_131_wh_hl_01,ca.4010894,137
2026-09-28,noi_131_wh_hl_01,ca.4270216,12
2026-09-28,noi_131_wh_hl_01,ca.4276783,126
2026-09-28,noi_132_wh_hl_01,ankulkumar.vc,1
2026-09-28,noi_132_wh_hl_01,ca.4038178,189
2026-09-28,noi_132_wh_hl_01,ca.4200715,88
2026-09-28,noi_132_wh_hl_01,ca.4301218,349
2026-09-28,noi_132_wh_hl_01,ca.4314045,277
2026-09-28,noi_139_wh_hl_01,ca.3782777,722
2026-09-28,noi_139_wh_hl_01,ca.4160346,96
2026-09-28,noi_139_wh_hl_01,ca.4313989,1575
2026-09-28,noi_139_wh_hl_01,naveen.singh7,29
2026-09-28,noi_143_wh_hl_01,ca.4350195,177
2026-09-28,noi_143_wh_hl_01,ca.4361448,164
2026-09-28,noi_923_wh_hl_01,abhijeetpandeya.vc,190
2026-09-28,noi_923_wh_hl_01,anuruddh.p,79
2026-09-28,noi_923_wh_hl_01,sachinkumar58.vc,5
2026-09-28,noi_923_wh_hl_01,sandeepkumar71.vc,125
2026-09-28,noi_938_wh_hl_01,ca.4154048,494
2026-09-28,noi_938_wh_hl_01,ca.4161743,157
2026-09-28,noi_938_wh_hl_01,ca.4187207,13
2026-09-28,noi_938_wh_hl_01,ca.4293486,309
2026-09-28,noi_938_wh_hl_01,ca.4324978,95
2026-09-28,noi_938_wh_hl_01,imrozhasankhan.vc,567
2026-09-28,pat_101_wh_hl_01,ca.3653461,86
2026-09-28,pat_101_wh_hl_01,ca.4072269,487
2026-09-28,pat_101_wh_hl_01,ca.4092905,274
2026-09-28,pat_101_wh_hl_01,ca.4227544,682
2026-09-28,pat_101_wh_hl_01,ca.4247510,177
2026-09-28,pat_101_wh_hl_01,ca.4274798,107
2026-09-28,pat_101_wh_hl_01,rakeshkumar30.vc,4
2026-09-28,pat_102_wh_hl_01,ca.3535327,55
2026-09-28,pat_102_wh_hl_01,ca.3632440,188
2026-09-28,pat_102_wh_hl_01,ca.3634010,586
2026-09-28,pat_102_wh_hl_01,ca.3634042,3
2026-09-28,pat_102_wh_hl_01,ca.3843629,487
2026-09-28,pat_102_wh_hl_01,ca.3854483,400
2026-09-28,pat_102_wh_hl_01,ca.3995990,14
2026-09-28,pat_102_wh_hl_01,ca.3999344,30
2026-09-28,pat_102_wh_hl_01,ca.4022340,363
2026-09-28,pat_102_wh_hl_01,ca.4172651,108
2026-09-28,pat_102_wh_hl_01,ca.4238659,1
2026-09-28,pat_102_wh_hl_01,ca.4271836,114
2026-09-28,pat_102_wh_hl_01,ca.4273348,616
2026-09-28,pat_102_wh_hl_01,ca.4276061,13
2026-09-28,pat_102_wh_hl_01,ca.4281701,30
2026-09-28,pat_102_wh_hl_01,rajeevranjan3.vc,10
2026-09-28,pat_103_wh_hl_01,bhaskark.vc,5
2026-09-28,pat_103_wh_hl_01,ca.3937143,6
2026-09-28,pat_103_wh_hl_01,ca.3974572,25
2026-09-28,pat_103_wh_hl_01,ca.4046001,56
2026-09-28,pat_103_wh_hl_01,ca.4052512,33
2026-09-28,pat_103_wh_hl_01,ca.4289590,172
2026-09-28,pat_103_wh_hl_01,ca.4290043,68
2026-09-28,pat_103_wh_hl_01,ca.4295200,46
2026-09-28,pat_104_wh_hl_01,ca.3703944,42
2026-09-28,pat_104_wh_hl_01,ca.3831867,387
2026-09-28,pat_104_wh_hl_01,ca.3875672,604
2026-09-28,pat_104_wh_hl_01,ca.3934717,160
2026-09-28,pat_104_wh_hl_01,ca.4237837,217
2026-09-28,pat_104_wh_hl_01,ca.4250924,424
2026-09-28,pat_104_wh_hl_01,ca.4254246,555
2026-09-28,pat_104_wh_hl_01,ca.4261380,353
2026-09-28,pat_104_wh_hl_01,pintuk.vc,4
2026-09-28,pat_105_wh_hl_01,ca.3529286,119
2026-09-28,pat_105_wh_hl_01,ca.3529350,94
2026-09-28,pat_105_wh_hl_01,ca.3533190,129
2026-09-28,pat_105_wh_hl_01,ca.3852959,144
2026-09-28,pat_105_wh_hl_01,ca.3852990,34
2026-09-28,pat_105_wh_hl_01,ca.3853010,29
2026-09-28,pat_105_wh_hl_01,ca.4080156,143
2026-09-28,pat_105_wh_hl_01,ca.4096966,195
2026-09-28,pat_105_wh_hl_01,ca.4367130,90
2026-09-28,pat_105_wh_hl_01,ca.4367692,31
2026-09-28,pat_105_wh_hl_01,pratikkumar1.vc,1
2026-09-28,pat_106_wh_hl_01,ca.3884614,628
2026-09-28,pat_106_wh_hl_01,ca.4022136,344
2026-09-28,pat_106_wh_hl_01,ca.4208735,212
2026-09-28,pat_106_wh_hl_01,ca.4216686,741
2026-09-28,pat_106_wh_hl_01,ca.4260661,105
2026-09-28,pat_106_wh_hl_01,ca.4265415,96
2026-09-28,pat_106_wh_hl_01,ca.4342427,1021
2026-09-28,pat_106_wh_hl_01,shibukumar.vc,240
2026-09-28,pat_107_wh_hl_01,abhishekthakur.vc,9
2026-09-28,pat_107_wh_hl_01,ca.4105691,616
2026-09-28,pat_107_wh_hl_01,ca.4115057,878
2026-09-28,pat_107_wh_hl_01,ca.4255158,51
2026-09-28,pat_107_wh_hl_01,ca.4266839,571
2026-09-28,pat_107_wh_hl_01,ca.4277030,734
2026-09-28,pat_107_wh_hl_01,ca.4277646,759
2026-09-28,pat_107_wh_hl_01,ca.4277689,395
2026-09-28,pat_108_wh_hl_01,ayushkumar5.vc,2
2026-09-28,pat_108_wh_hl_01,ca.3578441,219
2026-09-28,pat_108_wh_hl_01,ca.3583421,329
2026-09-28,pat_108_wh_hl_01,ca.3739178,7
2026-09-28,pat_108_wh_hl_01,ca.3829096,5
2026-09-28,pat_108_wh_hl_01,ca.3899411,2
2026-09-28,pat_108_wh_hl_01,ca.4004404,114
2026-09-28,pat_108_wh_hl_01,ca.4012181,121
2026-09-28,pat_108_wh_hl_01,ca.4027018,385
2026-09-28,pat_108_wh_hl_01,ca.4049935,89
2026-09-28,pat_108_wh_hl_01,ca.4099974,340
2026-09-28,pat_108_wh_hl_01,ca.4107450,41
2026-09-28,pat_108_wh_hl_01,ca.4267499,231
2026-09-28,pat_110_wh_hl_01,ca.3904434,651
2026-09-28,pat_110_wh_hl_01,ca.3922445,616
2026-09-28,pat_110_wh_hl_01,ca.4028932,565
2026-09-28,pat_110_wh_hl_01,ca.4154044,925
2026-09-28,pat_110_wh_hl_01,nikhilkumar5.vc,112
2026-09-28,pat_111_wh_hl_01,ca.3843728,6
2026-09-28,pat_111_wh_hl_01,ca.3878659,1774
2026-09-28,pat_111_wh_hl_01,ca.3884739,33
2026-09-28,pat_111_wh_hl_01,ca.3887743,692
2026-09-28,pat_111_wh_hl_01,ca.4069254,1465
2026-09-28,pat_111_wh_hl_01,ca.4130660,795
2026-09-28,pat_111_wh_hl_01,ca.4179880,103
2026-09-28,pat_111_wh_hl_01,pintukumar4.vc,10
2026-09-28,pat_112_wh_hl_01,abhishekranjan1.vc,1
2026-09-28,pat_112_wh_hl_01,ca.3971477,500
2026-09-28,pat_112_wh_hl_01,ca.4011382,184
2026-09-28,pat_112_wh_hl_01,ca.4054750,564
2026-09-28,pat_112_wh_hl_01,ca.4144752,66
2026-09-28,pat_112_wh_hl_01,ca.4158040,37
2026-09-28,pat_112_wh_hl_01,ca.4170151,124
2026-09-28,pat_112_wh_hl_01,ca.4205214,3
2026-09-28,pat_112_wh_hl_01,ca.4268478,400
2026-09-28,pat_112_wh_hl_01,ca.4271006,194
2026-09-28,pat_112_wh_hl_01,ca.4315834,1144
2026-09-28,pat_112_wh_hl_01,ca.4370993,1130
2026-09-28,pat_112_wh_hl_01,vipinkumaryada1.vc,630
2026-09-28,pat_113_wh_hl_01,ca.3644047,422
2026-09-28,pat_113_wh_hl_01,ca.3797696,425
2026-09-28,pat_113_wh_hl_01,ca.3946782,1266
2026-09-28,pat_113_wh_hl_01,ca.4011953,730
2026-09-28,pat_113_wh_hl_01,ca.4084750,624
2026-09-28,pat_113_wh_hl_01,ca.4137968,148
2026-09-28,pat_113_wh_hl_01,ca.4140056,1091
2026-09-28,pat_113_wh_hl_01,ca.4190144,403
2026-09-28,pat_114_wh_hl_01,ca.3823971,440
2026-09-28,pat_114_wh_hl_01,ca.3829070,3
2026-09-28,pat_114_wh_hl_01,ca.4014539,262
2026-09-28,pat_114_wh_hl_01,ca.4043060,370
2026-09-28,pat_114_wh_hl_01,ca.4221633,236
2026-09-28,pat_114_wh_hl_01,ca.4230819,956
2026-09-28,pat_114_wh_hl_01,ca.4273392,509
2026-09-28,pat_115_wh_hl_01,ca.3854125,611
2026-09-28,pat_115_wh_hl_01,ca.3876890,327
2026-09-28,pat_115_wh_hl_01,ca.4218594,630
2026-09-28,pat_115_wh_hl_01,jayprakashkumar.vc,790
2026-09-28,pat_115_wh_hl_01,manishkumar61.vc,57
2026-09-28,pat_115_wh_hl_01,satishkumar13.vc,35
2026-09-28,pat_116_wh_hl_01,ca.3796127,43
2026-09-28,pat_116_wh_hl_01,ca.3877595,120
2026-09-28,pat_116_wh_hl_01,ca.3882289,156
2026-09-28,pat_116_wh_hl_01,ca.4023344,20
2026-09-28,pat_116_wh_hl_01,ca.4204800,96
2026-09-28,pat_116_wh_hl_01,ca.4233306,95
2026-09-28,pat_116_wh_hl_01,ca.4252171,212
2026-09-28,pat_116_wh_hl_01,ca.4271434,407
2026-09-28,pat_116_wh_hl_01,ca.4325347,221
2026-09-28,pat_118_wh_hl_01,ca.4151699,12
2026-09-28,pat_118_wh_hl_01,ca.4204093,12
2026-09-28,pat_118_wh_hl_01,ca.4212944,4
2026-09-28,pat_118_wh_hl_01,ca.4247750,399
2026-09-28,pat_118_wh_hl_01,ca.4273456,120
2026-09-28,pat_118_wh_hl_01,ca.4274711,82
2026-09-28,pat_118_wh_hl_01,ravikantr5.vc,245
2026-09-28,pat_119_wh_hl_01,ca.4144509,2
2026-09-28,pat_119_wh_hl_01,ca.4153474,453
2026-09-28,pat_119_wh_hl_01,ca.4162499,142
2026-09-28,pat_119_wh_hl_01,ca.4237220,58
2026-09-28,pat_119_wh_hl_01,ca.4248507,438
2026-09-28,pat_119_wh_hl_01,ca.4256483,113
2026-09-28,pat_119_wh_hl_01,ca.4264506,81
2026-09-28,pat_119_wh_hl_01,sarvankumar.vc,2
2026-09-28,pat_120_wh_hl_01,bikashk2.vc,7
2026-09-28,pat_120_wh_hl_01,ca.3930779,654
2026-09-28,pat_120_wh_hl_01,ca.3935164,251
2026-09-28,pat_120_wh_hl_01,ca.4019564,244
2026-09-28,pat_120_wh_hl_01,ca.4020890,730
2026-09-28,pat_120_wh_hl_01,ca.4233898,618
2026-09-28,pat_120_wh_hl_01,ca.4267872,557
2026-09-28,pat_120_wh_hl_01,ca.4279050,348
2026-09-28,pat_121_wh_hl_01,ca.3970909,766
2026-09-28,pat_121_wh_hl_01,ca.4262133,377
2026-09-28,pat_121_wh_hl_01,ca.4262139,507
2026-09-28,pat_121_wh_hl_01,ca.4267940,170
2026-09-28,pat_121_wh_hl_01,ca.4287202,309
2026-09-28,pat_121_wh_hl_01,ca.4293824,372
2026-09-28,pat_121_wh_hl_01,sahilhassan1.vc,15
2026-09-28,pat_123_wh_hl_01,abhijeetkumar1.vc,14
2026-09-28,pat_123_wh_hl_01,ca.4023158,660
2026-09-28,pat_123_wh_hl_01,ca.4023973,403
2026-09-28,pat_123_wh_hl_01,ca.4025452,305
2026-09-28,pat_123_wh_hl_01,ca.4030502,451
2026-09-28,pra_102_wh_hl_01,ashishsahu.vc,1
2026-09-28,pra_102_wh_hl_01,ca.4207117,47
2026-09-28,pra_102_wh_hl_01,ca.4265432,32
2026-09-28,pra_102_wh_hl_01,ca.4276599,29
2026-09-28,pra_102_wh_hl_01,ca.4282110,33
2026-09-28,pra_102_wh_hl_01,ca.4288472,217
2026-09-28,pra_104_wh_hl_01,ca.4264619,24
2026-09-28,pra_104_wh_hl_01,ca.4276864,48
2026-09-28,pra_104_wh_hl_01,ca.4286186,35
2026-09-28,pra_104_wh_hl_01,ca.4292799,37
2026-09-28,pra_104_wh_hl_01,ca.4295663,56
2026-09-28,pra_105_wh_hl_01,ca.4266174,23
2026-09-28,pra_105_wh_hl_01,ca.4275119,112
2026-09-28,pra_105_wh_hl_01,ca.4298783,17
2026-09-28,pra_105_wh_hl_01,ca.4320701,22
2026-09-28,pra_105_wh_hl_01,ca.4320733,36
2026-09-28,pra_106_wh_hl_01,ca.4070030,82
2026-09-28,pra_106_wh_hl_01,ca.4070055,21
2026-09-28,pra_106_wh_hl_01,ca.4092787,13
2026-09-28,pra_106_wh_hl_01,ca.4128339,49
2026-09-28,pra_106_wh_hl_01,nikhilsingh7.vc,1
2026-09-28,pra_108_wh_hl_01,anujmishra1.vc,1
2026-09-28,pra_108_wh_hl_01,ca.4269171,19
2026-09-28,pun_101_wh_hl_01,ca.3371399,184
2026-09-28,pun_101_wh_hl_01,ca.3855559,86
2026-09-28,pun_101_wh_hl_01,ca.3997329,812
2026-09-28,pun_101_wh_hl_01,ca.4138883,321
2026-09-28,pun_101_wh_hl_01,ca.4246293,710
2026-09-28,pun_101_wh_hl_01,ca.4252655,579
2026-09-28,pun_101_wh_hl_01,surajdipakpawar.vc,675
2026-09-28,pun_102_wh_hl_01,ca.4001083,514
2026-09-28,pun_102_wh_hl_01,ca.4066576,146
2026-09-28,pun_102_wh_hl_01,ca.4079656,661
2026-09-28,pun_102_wh_hl_01,ca.4231282,461
2026-09-28,pun_102_wh_hl_01,ca.4233380,167
2026-09-28,pun_102_wh_hl_01,ca.4326356,876
2026-09-28,pun_103_wh_hl_01,ca.3703368,655
2026-09-28,pun_103_wh_hl_01,ca.3829504,638
2026-09-28,pun_103_wh_hl_01,ca.4230168,370
2026-09-28,pun_103_wh_hl_01,ca.4230348,437
2026-09-28,pun_103_wh_hl_01,ca.4264411,260
2026-09-28,pun_103_wh_hl_01,vikramv13.vc,367
2026-09-28,pun_104_wh_hl_01,ca.4040782,38
2026-09-28,pun_104_wh_hl_01,ca.4040788,144
2026-09-28,pun_104_wh_hl_01,ca.4046691,75
2026-09-28,pun_104_wh_hl_01,ca.4223486,208
2026-09-28,pun_104_wh_hl_01,ca.4244894,12
2026-09-28,pun_104_wh_hl_01,ca.4266835,440
2026-09-28,pun_104_wh_hl_01,ca.4273094,480
2026-09-28,pun_104_wh_hl_01,ca.4275841,76
2026-09-28,pun_105_wh_hl_01,ca.4076831,249
2026-09-28,pun_105_wh_hl_01,ca.4112473,172
2026-09-28,pun_105_wh_hl_01,ca.4141868,211
2026-09-28,pun_105_wh_hl_01,ca.4146461,492
2026-09-28,pun_105_wh_hl_01,ca.4176871,213
2026-09-28,pun_105_wh_hl_01,sujitrajarams.vc,107
2026-09-28,pun_106_wh_hl_01,bhagyeshg.vc,7
2026-09-28,pun_106_wh_hl_01,ca.4188346,155
2026-09-28,pun_106_wh_hl_01,ca.4189851,55
2026-09-28,pun_106_wh_hl_01,ca.4375564,34
2026-09-28,pun_107_wh_hl_01,adarshmasajik.vc,241
2026-09-28,pun_107_wh_hl_01,ca.4207526,323
2026-09-28,pun_107_wh_hl_01,ca.4219347,356
2026-09-28,pun_107_wh_hl_01,ca.4231515,435
2026-09-28,pun_107_wh_hl_01,ca.4281243,189
2026-09-28,pun_107_wh_hl_01,pramodsanjayk.vc,9
2026-09-28,pun_108_wh_hl_01,abhaysinhraos.vc,29
2026-09-28,pun_108_wh_hl_01,ca.3491540,799
2026-09-28,pun_108_wh_hl_01,ca.3873636,457
2026-09-28,pun_108_wh_hl_01,ca.3943255,953
2026-09-28,pun_108_wh_hl_01,ca.4020358,99
2026-09-28,pun_108_wh_hl_01,ca.4256862,546
2026-09-28,pun_108_wh_hl_01,ca.4263115,1158
2026-09-28,pun_108_wh_hl_01,kirang.vc,2
2026-09-28,pun_109_wh_hl_01,ca.3833017,412
2026-09-28,pun_109_wh_hl_01,ca.4012883,309
2026-09-28,pun_109_wh_hl_01,ca.4230750,482
2026-09-28,pun_109_wh_hl_01,ca.4255492,783
2026-09-28,pun_109_wh_hl_01,ca.4257427,731
2026-09-28,pun_109_wh_hl_01,sugammanoharp.vc,12
2026-09-28,pun_110_wh_hl_01,atulraghunathk.vc,302
2026-09-28,pun_110_wh_hl_01,ca.3492012,305
2026-09-28,pun_110_wh_hl_01,ca.3910975,66
2026-09-28,pun_110_wh_hl_01,ca.3997400,7
2026-09-28,pun_110_wh_hl_01,ca.4187390,630
2026-09-28,pun_110_wh_hl_01,ca.4232613,511
2026-09-28,pun_110_wh_hl_01,ca.4368525,251
2026-09-28,pun_111_wh_hl_01,ca.4113107,222
2026-09-28,pun_111_wh_hl_01,ca.4246663,174
2026-09-28,pun_112_wh_hl_01,ajaygawai.vc,36
2026-09-28,pun_112_wh_hl_01,ca.3935612,25
2026-09-28,pun_112_wh_hl_01,ca.4137392,98
2026-09-28,pun_112_wh_hl_01,ca.4219580,226
2026-09-28,pun_112_wh_hl_01,ca.4249276,1777
2026-09-28,pun_112_wh_hl_01,ca.4250564,356
2026-09-28,pun_112_wh_hl_01,ca.4375591,588
2026-09-28,pun_114_wh_hl_01,lma.100001568306,6
2026-09-28,pun_115_wh_hl_01,abhishekm6.vc,18
2026-09-28,pun_115_wh_hl_01,ca.4274776,542
2026-09-28,pun_115_wh_hl_01,ca.4307906,776
2026-09-28,pun_117_wh_hl_01,ca.3375877,545
2026-09-28,pun_117_wh_hl_01,ca.3529212,64
2026-09-28,pun_117_wh_hl_01,ca.3546570,311
2026-09-28,pun_117_wh_hl_01,ca.4085732,375
2026-09-28,pun_117_wh_hl_01,ca.4139710,2
2026-09-28,pun_117_wh_hl_01,ca.4231236,428
2026-09-28,pun_119_wh_hl_01,ca.3593051,80
2026-09-28,pun_119_wh_hl_01,ca.3938472,237
2026-09-28,pun_119_wh_hl_01,ca.3962216,344
2026-09-28,pun_119_wh_hl_01,ca.4044526,279
2026-09-28,pun_119_wh_hl_01,ca.4217396,523
2026-09-28,pun_119_wh_hl_01,ca.4249846,178
2026-09-28,pun_119_wh_hl_01,ca.4278217,381
2026-09-28,pun_119_wh_hl_01,ca.4354634,646
2026-09-28,pun_119_wh_hl_01,mohamads2.vc,4
2026-09-28,pun_120_wh_hl_01,lma.100000974585,93
2026-09-28,pun_120_wh_hl_01,lma.100001567011,86
2026-09-28,pun_120_wh_hl_01,lma.100001620797,159
2026-09-28,pun_120_wh_hl_01,lma.100001620805,103
2026-09-28,pun_120_wh_hl_01,lma.100001620860,95
2026-09-28,pun_121_wh_hl_01,ca.4025067,402
2026-09-28,pun_121_wh_hl_01,ca.4064558,511
2026-09-28,pun_121_wh_hl_01,ca.4169984,343
2026-09-28,pun_121_wh_hl_01,ca.4231203,74
2026-09-28,pun_121_wh_hl_01,ca.4231377,279
2026-09-28,pun_121_wh_hl_01,ca.4286325,170
2026-09-28,pun_121_wh_hl_01,ca.4290240,115
2026-09-28,pun_122_wh_hl_01,atul.bharatkadam,295
2026-09-28,pun_122_wh_hl_01,ca.3901419,428
2026-09-28,pun_122_wh_hl_01,ca.4278979,357
2026-09-28,pun_122_wh_hl_01,ca.4281083,225
2026-09-28,pun_122_wh_hl_01,ca.4284225,427
2026-09-28,pun_122_wh_hl_01,ca.4286344,525
2026-09-28,pun_122_wh_hl_01,surajmahajan.vc,49
2026-09-28,pun_123_wh_hl_01,lma.100001497008,51
2026-09-28,pun_123_wh_hl_01,lma.100001539705,49
2026-09-28,pun_123_wh_hl_01,lma.100001570160,3
2026-09-28,pun_123_wh_hl_01,lma.100001570602,38
2026-09-28,pun_123_wh_hl_01,lma.100001570603,71
2026-09-28,pun_123_wh_hl_01,lma.100001570665,59
2026-09-28,pun_124_wh_hl_01,akbarb.vc,478
2026-09-28,pun_124_wh_hl_01,ca.3797268,365
2026-09-28,pun_124_wh_hl_01,ca.4123939,1
2026-09-28,pun_124_wh_hl_01,ca.4191228,25
2026-09-28,pun_124_wh_hl_01,ca.4229347,24
2026-09-28,pun_124_wh_hl_01,ca.4231286,322
2026-09-28,pun_124_wh_hl_01,ca.4231382,67
2026-09-28,pun_124_wh_hl_01,ca.4231993,30
2026-09-28,pun_124_wh_hl_01,ca.4293515,129
2026-09-28,pun_124_wh_hl_01,surendarsuthar.vc,3
2026-09-28,pun_125_wh_hl_01,ca.3818150,398
2026-09-28,pun_126_wh_hl_01,ca.3849776,510
2026-09-28,pun_126_wh_hl_01,ca.4018564,252
2026-09-28,pun_126_wh_hl_01,ca.4147659,9
2026-09-28,pun_126_wh_hl_01,ca.4253226,825
2026-09-28,pun_126_wh_hl_01,ca.4262573,171
2026-09-28,pun_126_wh_hl_01,ca.4264249,369
2026-09-28,pun_126_wh_hl_01,rohanv1.vc,230
2026-09-28,pun_128_wh_hl_01,ca.3814213,205
2026-09-28,pun_128_wh_hl_01,ca.4162189,199
2026-09-28,pun_128_wh_hl_01,ca.4190196,541
2026-09-28,pun_128_wh_hl_01,ca.4228183,111
2026-09-28,pun_128_wh_hl_01,ca.4271802,424
2026-09-28,pun_128_wh_hl_01,pratikeshb.vc,6
2026-09-28,pun_130_wh_hl_01,ca.4007095,338
2026-09-28,pun_130_wh_hl_01,ca.4231378,32
2026-09-28,pun_130_wh_hl_01,ca.4257704,611
2026-09-28,pun_130_wh_hl_01,ca.4386389,335
2026-09-28,pun_131_wh_hl_01,ca.3954957,142
2026-09-28,pun_131_wh_hl_01,ca.4068599,1
2026-09-28,pun_131_wh_hl_01,ca.4119269,41
2026-09-28,pun_131_wh_hl_01,ca.4123826,482
2026-09-28,pun_131_wh_hl_01,ca.4174388,213
2026-09-28,pun_131_wh_hl_01,ca.4232720,79
2026-09-28,pun_131_wh_hl_01,rupratnan.vc,31
2026-09-28,pun_131_wh_hl_01,shradhaa.vc,114
2026-09-28,pun_131_wh_hl_01,tejast.vc,426
2026-09-28,pun_132_wh_hl_01,ca.3566964,74
2026-09-28,pun_132_wh_hl_01,ca.4038604,216
2026-09-28,pun_132_wh_hl_01,ca.4046524,357
2026-09-28,pun_132_wh_hl_01,ca.4187131,348
2026-09-28,pun_132_wh_hl_01,ca.4210087,213
2026-09-28,pun_132_wh_hl_01,ca.4231953,414
2026-09-28,pun_132_wh_hl_01,prasadshamraom.vc,5
2026-09-28,pun_135_wh_hl_01,ca.3819372,64
2026-09-28,pun_135_wh_hl_01,ca.4218496,1151
2026-09-28,pun_135_wh_hl_01,ca.4256502,242
2026-09-28,pun_135_wh_hl_01,harshalg.vc,521
2026-09-28,pun_136_wh_hl_01,adireddykunal.vc,224
2026-09-28,pun_138_wh_hl_01,ca.3905988,4
2026-09-28,pun_138_wh_hl_01,ca.4015948,16
2026-09-28,pun_138_wh_hl_01,ca.4286862,258
2026-09-28,pun_138_wh_hl_01,ca.4288730,302
2026-09-28,pun_138_wh_hl_01,ca.4292147,185
2026-09-28,pun_139_wh_hl_01,ca.4231069,8
2026-09-28,pun_139_wh_hl_01,ca.4268162,173
2026-09-28,pun_141_wh_hl_01,ca.4036828,60
2026-09-28,pun_141_wh_hl_01,ca.4253444,213
2026-09-28,pun_141_wh_hl_01,ca.4259402,105
2026-09-28,pun_144_wh_hl_01,lma.100001489084,1
2026-09-28,pun_144_wh_hl_01,lma.100001489387,125
2026-09-28,pun_144_wh_hl_01,lma.100001601376,64
2026-09-28,pun_144_wh_hl_01,lma.100001601515,137
2026-09-28,pun_145_wh_hl_01,ca.3921882,31
2026-09-28,pun_145_wh_hl_01,ca.4016512,133
2026-09-28,pun_145_wh_hl_01,ca.4055999,52
2026-09-28,pun_145_wh_hl_01,pallavis2.vc,1
2026-09-28,pun_146_wh_hl_01,ca.4186096,108
2026-09-28,pun_146_wh_hl_01,ca.4219252,518
2026-09-28,pun_148_wh_hl_01,ca.4184766,328
2026-09-28,pun_148_wh_hl_01,ca.4238644,1133
2026-09-28,pun_148_wh_hl_01,ca.4240796,799
2026-09-28,pun_148_wh_hl_01,prashantg.vc,3
2026-09-28,pun_149_wh_hl_01,ca.3884028,126
2026-09-28,pun_149_wh_hl_01,ca.4056969,43
2026-09-28,pun_149_wh_hl_01,ca.4089373,59
2026-09-28,pun_149_wh_hl_01,viraj.kokane,306
2026-09-28,pun_149_wh_hl_01,yashd.vc,527
2026-09-28,pun_150_wh_hl_01,ca.3730387,435
2026-09-28,pun_150_wh_hl_01,ca.4110967,908
2026-09-28,pun_150_wh_hl_01,ca.4167153,218
2026-09-28,pun_150_wh_hl_01,ca.4185847,235
2026-09-28,pun_150_wh_hl_01,ca.4217349,131
2026-09-28,pun_150_wh_hl_01,dnyaneshwarrap.vc,1
2026-09-28,pun_152_wh_hl_01,ca.4369302,279
2026-09-28,pun_153_wh_hl_01,ca.4231615,278
2026-09-28,pun_154_wh_hl_01,aniketv.vc,9
2026-09-28,pun_154_wh_hl_01,ca.3940373,444
2026-09-28,pun_154_wh_hl_01,ca.3955039,453
2026-09-28,pun_154_wh_hl_01,ca.4040349,366
2026-09-28,pun_154_wh_hl_01,ca.4042020,449
2026-09-28,pun_154_wh_hl_01,ca.4221279,27
2026-09-28,pun_154_wh_hl_01,pallavig1.vc,6
2026-09-28,pun_159_wh_hl_01,lma.100001142233,244
2026-09-28,pun_159_wh_hl_01,lma.100001533937,132
2026-09-28,pun_159_wh_hl_01,lma.100001569994,196
2026-09-28,pun_160_wh_hl_01,ca.4146155,45
2026-09-28,pun_160_wh_hl_01,ca.4187640,41
2026-09-28,pun_160_wh_hl_01,ca.4334866,39
2026-09-28,pun_160_wh_hl_01,rakeshsale.vc,61
2026-09-28,pun_161_wh_hl_01,ca.4185920,265
2026-09-28,pun_161_wh_hl_01,ca.4372463,27
2026-09-28,pun_161_wh_hl_01,vikramjeetb.vc,2
2026-09-28,pun_918_wh_hl_01,ca.4030234,13
2026-09-28,pun_918_wh_hl_01,ca.4030905,8
2026-09-28,pun_918_wh_hl_01,ca.4232019,25
2026-09-28,pun_918_wh_hl_01,ca.4232502,220
2026-09-28,ran_103_wh_hl_01,ca.4161659,10
2026-09-28,ran_103_wh_hl_01,ca.4271752,8
2026-09-28,ran_104_wh_hl_01,ca.3946803,14
2026-09-28,ran_105_wh_hl_01,ca.4189537,17
2026-09-28,ran_106_wh_hl_01,ca.4193175,17
2026-09-28,ran_107_wh_hl_01,ca.4294422,5
2026-09-28,ran_107_wh_hl_01,ca.4294621,1
2026-09-28,ras_101_wh_hl_01,ca.4129466,84
2026-09-28,ras_101_wh_hl_01,ca.4292416,113
2026-09-28,ras_101_wh_hl_01,ca.4292656,382
2026-09-28,ras_101_wh_hl_01,ca.4295070,250
2026-09-28,ras_101_wh_hl_01,ca.4295075,100
2026-09-28,ras_101_wh_hl_01,ca.4297848,87
2026-09-28,ras_101_wh_hl_01,ca.4310683,45
2026-09-28,ras_101_wh_hl_01,ca.4312494,125
2026-09-28,ras_101_wh_hl_01,ca.4315774,193
2026-09-28,ras_102_wh_hl_01,bhargabgogoi1.vc,2
2026-09-28,ras_102_wh_hl_01,ca.4189344,97
2026-09-28,ras_102_wh_hl_01,ca.4230827,178
2026-09-28,ras_102_wh_hl_01,ca.4230828,131
2026-09-28,ras_107_wh_hl_01,ca.4146444,974
2026-09-28,ras_107_wh_hl_01,ca.4146450,902
2026-09-28,ras_107_wh_hl_01,ca.4147357,1608
2026-09-28,ras_107_wh_hl_01,ca.4152577,306
2026-09-28,ras_107_wh_hl_01,ca.4228666,680
2026-09-28,ras_107_wh_hl_01,ca.4265394,973
2026-09-28,ras_107_wh_hl_01,ca.4265414,608
2026-09-28,ras_107_wh_hl_01,jintumanit.vc,8
2026-09-28,ras_108_wh_hl_01,ca.3920212,178
2026-09-28,ras_108_wh_hl_01,ca.4031580,382
2026-09-28,ras_108_wh_hl_01,ca.4141381,286
2026-09-28,ras_108_wh_hl_01,ca.4146350,389
2026-09-28,ras_108_wh_hl_01,ca.4146358,166
2026-09-28,ras_108_wh_hl_01,ca.4146376,236
2026-09-28,ras_108_wh_hl_01,ca.4179506,232
2026-09-28,ras_108_wh_hl_01,ca.4180948,62
2026-09-28,ras_108_wh_hl_01,ca.4187256,7
2026-09-28,ras_108_wh_hl_01,ca.4270458,77
2026-09-28,ras_108_wh_hl_01,ca.4323650,259
2026-09-28,ras_108_wh_hl_01,ca.4325730,74
2026-09-28,rbi_101_wh_hl_01,ca.3892667,133
2026-09-28,rbi_101_wh_hl_01,ca.3932929,417
2026-09-28,rbi_101_wh_hl_01,ca.4031197,1064
2026-09-28,rbi_101_wh_hl_01,ca.4218183,797
2026-09-28,rbi_101_wh_hl_01,saketkumar1.vc,3
2026-09-28,rbi_102_wh_hl_01,ca.3855076,300
2026-09-28,rbi_102_wh_hl_01,ca.3855086,232
2026-09-28,rbi_102_wh_hl_01,ca.3857583,452
2026-09-28,rbi_102_wh_hl_01,ca.3980344,558
2026-09-28,rbi_102_wh_hl_01,ca.4000521,660
2026-09-28,rbi_104_wh_hl_01,ca.3990746,74
2026-09-28,rbi_104_wh_hl_01,ca.4159651,241
2026-09-28,rbi_104_wh_hl_01,ca.4218797,56
2026-09-28,rbi_104_wh_hl_01,ca.4324272,90
2026-09-28,rbi_104_wh_hl_01,ca.4331419,214
2026-09-28,rbi_104_wh_hl_01,gautamkumar9.vc,167
2026-09-28,rbi_104_wh_hl_01,noorraja.vc,1
2026-09-28,rbi_105_wh_hl_01,akashchauhan2.vc,11
2026-09-28,rbi_105_wh_hl_01,ca.3842415,207
2026-09-28,rbi_105_wh_hl_01,ca.3881350,663
2026-09-28,rbi_105_wh_hl_01,ca.4109407,352
2026-09-28,rbi_105_wh_hl_01,ca.4166042,404
2026-09-28,rbi_105_wh_hl_01,ca.4184304,500
2026-09-28,rbi_105_wh_hl_01,ca.4238800,302
2026-09-28,rbi_105_wh_hl_01,ca.4274234,167
2026-09-28,rbi_106_wh_hl_01,ca.3831083,103
2026-09-28,rbi_106_wh_hl_01,ca.3988921,261
2026-09-28,rbi_106_wh_hl_01,ca.4021775,459
2026-09-28,rbi_106_wh_hl_01,ca.4048772,728
2026-09-28,rbi_106_wh_hl_01,ca.4112703,119
2026-09-28,rbi_106_wh_hl_01,ca.4164818,334
2026-09-28,rbi_106_wh_hl_01,ca.4197438,316
2026-09-28,rbi_106_wh_hl_01,princekumar21.vc,18
2026-09-28,rbi_107_wh_hl_01,ca.3817291,56
2026-09-28,rbi_107_wh_hl_01,ca.3902992,733
2026-09-28,rbi_107_wh_hl_01,ca.3932978,381
2026-09-28,rbi_107_wh_hl_01,ca.4018889,124
2026-09-28,rbi_107_wh_hl_01,ca.4102216,588
2026-09-28,rbi_107_wh_hl_01,ca.4115673,1338
2026-09-28,rbi_107_wh_hl_01,ca.4214367,1111
2026-09-28,rbi_107_wh_hl_01,ca.4257823,274
2026-09-28,rbi_107_wh_hl_01,ca.4269460,298
2026-09-28,rbi_107_wh_hl_01,ca.4272031,503
2026-09-28,rbi_107_wh_hl_01,dharmendrakuma8.vc,5
2026-09-28,rbi_107_wh_hl_01,nitishk4.vc,5
2026-09-28,rbi_110_wh_hl_01,ca.4080821,342
2026-09-28,rbi_110_wh_hl_01,ca.4177208,206
2026-09-28,rbi_110_wh_hl_01,ca.4245468,81
2026-09-28,rbi_110_wh_hl_01,ca.4360873,233
2026-09-28,rbi_110_wh_hl_01,rajasethi.vc,14
2026-09-28,rbi_111_wh_hl_01,ca.3922421,152
2026-09-28,rbi_111_wh_hl_01,ca.4067826,165
2026-09-28,rbi_111_wh_hl_01,ca.4158943,181
2026-09-28,rbi_111_wh_hl_01,ca.4226308,10
2026-09-28,rbi_111_wh_hl_01,satishyadav1.vc,1
2026-09-28,rbi_112_wh_hl_01,ca.4024736,26
2026-09-28,rbi_112_wh_hl_01,ca.4174011,116
2026-09-28,rbi_112_wh_hl_01,ca.4254104,225
2026-09-28,rbi_112_wh_hl_01,ca.4267739,289
2026-09-28,rbi_112_wh_hl_01,ca.4271016,75
2026-09-28,rbi_112_wh_hl_01,ca.4285808,244
2026-09-28,rbi_112_wh_hl_01,ca.4381594,37
2026-09-28,rbi_112_wh_hl_01,ca.4386361,41
2026-09-28,rbi_113_wh_hl_01,ca.4097087,106
2026-09-28,rbi_113_wh_hl_01,ca.4098279,75
2026-09-28,rbi_113_wh_hl_01,ca.4101340,39
2026-09-28,rbi_113_wh_hl_01,ca.4260795,232
2026-09-28,rbi_113_wh_hl_01,ca.4260796,2
2026-09-28,rbi_113_wh_hl_01,ca.4295402,90
2026-09-28,rbi_114_wh_hl_01,ca.3975114,312
2026-09-28,rbi_114_wh_hl_01,ca.4097342,195
2026-09-28,rbi_114_wh_hl_01,ca.4163446,34
2026-09-28,rbi_114_wh_hl_01,ca.4270327,370
2026-09-28,rbi_114_wh_hl_01,ca.4272037,696
2026-09-28,rbi_114_wh_hl_01,ca.4281227,220
2026-09-28,rbi_115_wh_hl_01,ca.4011927,456
2026-09-28,rbi_115_wh_hl_01,ca.4149455,218
2026-09-28,rbi_115_wh_hl_01,ca.4165428,115
2026-09-28,rbi_115_wh_hl_01,ca.4213872,157
2026-09-28,rbi_115_wh_hl_01,ca.4271285,249
2026-09-28,rbi_115_wh_hl_01,ca.4275449,82
2026-09-28,rbi_115_wh_hl_01,ca.4281708,298
2026-09-28,rbi_116_wh_hl_01,ca.4082707,637
2026-09-28,rbi_116_wh_hl_01,ca.4084548,841
2026-09-28,rbi_116_wh_hl_01,ca.4090137,138
2026-09-28,rbi_116_wh_hl_01,ca.4142341,224
2026-09-28,rbi_116_wh_hl_01,ca.4151538,361
2026-09-28,rbi_116_wh_hl_01,ca.4199973,282
2026-09-28,rbi_116_wh_hl_01,ca.4243001,261
2026-09-28,rbi_116_wh_hl_01,mukesh.kumar27,97
2026-09-28,rbi_116_wh_hl_01,rohitkumarsing6.vc,5
2026-09-28,rbi_117_wh_hl_01,ca.4160953,27
2026-09-28,rbi_117_wh_hl_01,ca.4189741,51
2026-09-28,rbi_117_wh_hl_01,ca.4358364,98
2026-09-28,rbi_118_wh_hl_01,ca.4021256,399
2026-09-28,rbi_118_wh_hl_01,ca.4021270,530
2026-09-28,rbi_118_wh_hl_01,ca.4023545,587
2026-09-28,rbi_118_wh_hl_01,ca.4046869,250
2026-09-28,rbi_118_wh_hl_01,ca.4256073,412
2026-09-28,rbi_118_wh_hl_01,ca.4332050,611
2026-09-28,rbi_118_wh_hl_01,chandankumar17.vc,1
2026-09-28,rbi_121_wh_hl_01,ca.4102682,23
2026-09-28,rbi_121_wh_hl_01,ca.4105252,74
2026-09-28,rbi_121_wh_hl_01,ca.4126372,1
2026-09-28,rbi_121_wh_hl_01,ca.4173289,863
2026-09-28,rbi_121_wh_hl_01,ca.4263450,406
2026-09-28,rbi_121_wh_hl_01,ca.4270848,439
2026-09-28,rbi_121_wh_hl_01,ca.4272341,923
2026-09-28,rbi_121_wh_hl_01,kundankumar15.vc,2
2026-09-28,rbi_122_wh_hl_01,ca.3986501,80
2026-09-28,rbi_122_wh_hl_01,ca.3986521,1006
2026-09-28,rbi_122_wh_hl_01,ca.4100099,1637
2026-09-28,rbi_122_wh_hl_01,ca.4139706,393
2026-09-28,rbi_122_wh_hl_01,ca.4204385,530
2026-09-28,rbi_122_wh_hl_01,ca.4326202,494
2026-09-28,rbi_123_wh_hl_01,ca.3987125,1
2026-09-28,rbi_123_wh_hl_01,ca.3987966,93
2026-09-28,rbi_123_wh_hl_01,ca.4188537,24
2026-09-28,rbi_123_wh_hl_01,ca.4192282,14
2026-09-28,rbi_123_wh_hl_01,ca.4284295,32
2026-09-28,rbi_123_wh_hl_01,divyanshsharma1.vc,81
2026-09-28,rbi_123_wh_hl_01,sushilkumar11.vc,107
2026-09-28,rbi_124_wh_hl_01,ca.4098011,177
2026-09-28,rbi_124_wh_hl_01,ca.4102456,11
2026-09-28,rbi_124_wh_hl_01,ca.4217240,190
2026-09-28,rbi_124_wh_hl_01,ca.4272707,311
2026-09-28,rbi_124_wh_hl_01,ca.4272868,218
2026-09-28,rbi_124_wh_hl_01,ca.4295013,682
2026-09-28,rbi_125_wh_hl_01,ca.4160994,378
2026-09-28,rbi_125_wh_hl_01,ca.4215412,1
2026-09-28,rbi_125_wh_hl_01,ca.4220139,726
2026-09-28,rbi_125_wh_hl_01,ca.4274987,118
2026-09-28,rbi_125_wh_hl_01,ca.4276803,469
2026-09-28,rbi_125_wh_hl_01,ca.4359166,148
2026-09-28,rbi_126_wh_hl_01,anandkumardubey.vc,1
2026-09-28,rbi_126_wh_hl_01,ca.4242110,103
2026-09-28,rbi_126_wh_hl_01,ca.4242724,71
2026-09-28,rbi_126_wh_hl_01,ca.4242763,165
2026-09-28,rbi_126_wh_hl_01,ca.4287658,64
2026-09-28,rbi_131_wh_hl_01,ca.4196134,274
2026-09-28,rbi_131_wh_hl_01,ca.4196806,31
2026-09-28,rbi_131_wh_hl_01,ca.4197154,86
2026-09-28,rbi_131_wh_hl_01,ca.4228476,23
2026-09-28,rbi_131_wh_hl_01,ca.4228479,47
2026-09-28,rbi_131_wh_hl_01,ca.4228487,69
2026-09-28,rbi_131_wh_hl_01,ca.4272214,104
2026-09-28,rbi_131_wh_hl_01,ca.4322553,76
2026-09-28,rbi_133_wh_hl_01,ca.4198604,186
2026-09-28,rbi_133_wh_hl_01,ca.4200545,81
2026-09-28,rbi_133_wh_hl_01,ca.4201285,49
2026-09-28,rbi_133_wh_hl_01,ca.4204175,68
2026-09-28,rbi_133_wh_hl_01,ca.4384682,87
2026-09-28,rbi_133_wh_hl_01,sanjayk6.vc,22
2026-09-28,rbi_134_wh_hl_01,ca.4041259,448
2026-09-28,rbi_134_wh_hl_01,ca.4200372,154
2026-09-28,rbi_134_wh_hl_01,ca.4203472,578
2026-09-28,rbi_134_wh_hl_01,ca.4227391,440
2026-09-28,rbi_134_wh_hl_01,ca.4266114,843
2026-09-28,rbi_135_wh_hl_01,ca.4201189,364
2026-09-28,rbi_135_wh_hl_01,ca.4201660,17
2026-09-28,rbi_135_wh_hl_01,ca.4220474,447
2026-09-28,rbi_135_wh_hl_01,ca.4250182,261
2026-09-28,rbi_135_wh_hl_01,ca.4297784,134
2026-09-28,rbi_135_wh_hl_01,mithulalchauhan.vc,5
2026-09-28,rbi_138_wh_hl_01,asifkhan5.vc,535
2026-09-28,rbi_138_wh_hl_01,ca.4160508,548
2026-09-28,rbi_138_wh_hl_01,ca.4186355,241
2026-09-28,rbi_138_wh_hl_01,ca.4237908,44
2026-09-28,rbi_138_wh_hl_01,ca.4279447,394
2026-09-28,rbi_138_wh_hl_01,priyanshukumar1.vc,3
2026-09-28,rbi_139_wh_hl_01,ca.4211342,494
2026-09-28,rbi_139_wh_hl_01,ca.4237507,214
2026-09-28,rbi_140_wh_hl_01,ca.4211778,192
2026-09-28,rbi_140_wh_hl_01,ca.4272345,31
2026-09-28,rbi_145_wh_hl_01,ca.4298389,79
2026-09-28,rbi_145_wh_hl_01,ca.4301763,6
2026-09-28,rbi_145_wh_hl_01,ca.4305150,160
2026-09-28,rjh_101_wh_hl_01,ca.4026227,134
2026-09-28,rjh_101_wh_hl_01,ca.4029353,30
2026-09-28,rjh_101_wh_hl_01,ca.4034736,103
2026-09-28,rjh_101_wh_hl_01,ca.4179331,30
2026-09-28,rjh_101_wh_hl_01,ca.4264014,29
2026-09-28,rjh_101_wh_hl_01,ca.4268208,113
2026-09-28,rjh_101_wh_hl_01,ca.4271631,83
2026-09-28,rjh_102_wh_hl_01,ca.4205844,148
2026-09-28,rjh_102_wh_hl_01,ca.4233363,4
2026-09-28,rjh_102_wh_hl_01,ca.4248332,6
2026-09-28,rjh_102_wh_hl_01,mdfaizan.vc,3
2026-09-28,rjh_103_wh_hl_01,ca.4149276,134
2026-09-28,rjh_103_wh_hl_01,ca.4160926,83
2026-09-28,rjh_103_wh_hl_01,ca.4173247,208
2026-09-28,rjh_103_wh_hl_01,dharmendra.k5,11
2026-09-28,rjh_104_wh_hl_01,ca.4047765,149
2026-09-28,rjh_104_wh_hl_01,ca.4055647,51
2026-09-28,rjh_104_wh_hl_01,ca.4144730,31
2026-09-28,rjh_104_wh_hl_01,ca.4168602,339
2026-09-28,rjh_104_wh_hl_01,ca.4225919,397
2026-09-28,rjh_104_wh_hl_01,ca.4263492,34
2026-09-28,rjh_104_wh_hl_01,subhashs4.vc,119
2026-09-28,rjh_105_wh_hl_01,ca.4086327,93
2026-09-28,rjh_105_wh_hl_01,ca.4089997,165
2026-09-28,rjh_105_wh_hl_01,ca.4160291,293
2026-09-28,rjh_105_wh_hl_01,ca.4262092,103
2026-09-28,rjh_106_wh_hl_01,ca.4250681,400
2026-09-28,rjh_106_wh_hl_01,ca.4250705,276
2026-09-28,rjh_106_wh_hl_01,ca.4253565,421
2026-09-28,rjh_106_wh_hl_01,ca.4254057,545
2026-09-28,rjh_106_wh_hl_01,ca.4269351,267
2026-09-28,rjh_106_wh_hl_01,ca.4270389,453
2026-09-28,rjh_106_wh_hl_01,ca.4319623,408
2026-09-28,rjh_106_wh_hl_01,ca.4377403,350
2026-09-28,rjh_107_wh_hl_02,ca.4322411,15
2026-09-28,rjh_107_wh_hl_02,ca.4372117,2
2026-09-28,rjh_107_wh_hl_02,ca.4373556,5
2026-09-28,rka_111_wh_hl_01,ca.3759955,1118
2026-09-28,rka_111_wh_hl_01,ca.3814256,225
2026-09-28,rka_111_wh_hl_01,ca.3834976,675
2026-09-28,rka_111_wh_hl_01,ca.3911619,619
2026-09-28,rka_111_wh_hl_01,ca.3989232,589
2026-09-28,rka_111_wh_hl_01,rajeshan.vc,1
2026-09-28,rka_112_wh_hl_01,ca.3744306,133
2026-09-28,rka_112_wh_hl_01,ca.3802584,168
2026-09-28,rka_112_wh_hl_01,ca.3824642,287
2026-09-28,rka_112_wh_hl_01,ca.3973021,280
2026-09-28,rka_112_wh_hl_01,ca.4029260,243
2026-09-28,rka_112_wh_hl_01,ca.4048744,332
2026-09-28,rka_112_wh_hl_01,ca.4244896,1095
2026-09-28,rka_113_wh_hl_01,ca.4001904,512
2026-09-28,rka_113_wh_hl_01,ca.4046525,269
2026-09-28,rka_113_wh_hl_01,ca.4293082,1038
2026-09-28,rka_113_wh_hl_01,ca.4371433,142
2026-09-28,rka_113_wh_hl_01,rupeshr1.vc,2
2026-09-28,rka_114_wh_hl_01,ca.3985500,405
2026-09-28,rka_114_wh_hl_01,ca.4026865,47
2026-09-28,rka_114_wh_hl_01,ca.4098291,159
2026-09-28,rka_114_wh_hl_01,ca.4099011,528
2026-09-28,rka_114_wh_hl_01,ca.4182929,175
2026-09-28,rka_114_wh_hl_01,ca.4184055,75
2026-09-28,rka_114_wh_hl_01,ca.4260976,610
2026-09-28,rka_114_wh_hl_01,ca.4260991,972
2026-09-28,rka_114_wh_hl_01,ca.4261887,57
2026-09-28,rka_114_wh_hl_01,ca.4264344,122
2026-09-28,rka_114_wh_hl_01,chethanp.vc,14
2026-09-28,rka_116_wh_hl_01,ca.3860372,158
2026-09-28,rka_116_wh_hl_01,ca.4078990,60
2026-09-28,rka_116_wh_hl_01,ca.4295565,48
2026-09-28,rka_117_wh_hl_01,ca.3926210,85
2026-09-28,rka_117_wh_hl_01,ca.4029568,10
2026-09-28,rka_117_wh_hl_01,ca.4116442,10
2026-09-28,rka_117_wh_hl_01,ca.4205570,1
2026-09-28,rka_117_wh_hl_01,ca.4271439,2
2026-09-28,rka_118_wh_hl_01,ca.3983984,12
2026-09-28,rka_118_wh_hl_01,ca.3985640,60
2026-09-28,rka_118_wh_hl_01,ca.4050170,139
2026-09-28,rka_118_wh_hl_01,ca.4057724,64
2026-09-28,rka_118_wh_hl_01,ca.4058026,404
2026-09-28,rka_118_wh_hl_01,ca.4061385,155
2026-09-28,rka_118_wh_hl_01,ca.4070734,31
2026-09-28,rka_119_wh_hl_01,ca.3984136,6
2026-09-28,rka_119_wh_hl_01,ca.4056975,183
2026-09-28,rka_119_wh_hl_01,ca.4317880,97
2026-09-28,rka_120_wh_hl_01,ca.4062728,6
2026-09-28,rka_120_wh_hl_01,ca.4181116,275
2026-09-28,rka_120_wh_hl_01,ca.4225395,186
2026-09-28,rka_120_wh_hl_01,ca.4267835,58
2026-09-28,rka_120_wh_hl_01,ca.4292378,94
2026-09-28,rka_120_wh_hl_01,ruthikg.vc,1
2026-09-28,rka_120_wh_hl_01,saikumarb2.vc,79
2026-09-28,rka_121_wh_hl_01,ca.4014450,681
2026-09-28,rka_121_wh_hl_01,ca.4014462,279
2026-09-28,rka_121_wh_hl_01,ca.4015694,22
2026-09-28,rka_121_wh_hl_01,ca.4306055,153
2026-09-28,rka_121_wh_hl_01,ca.4391280,3
2026-09-28,rka_122_wh_hl_01,ca.4029177,73
2026-09-28,rka_122_wh_hl_01,ca.4033870,105
2026-09-28,rka_122_wh_hl_01,ca.4036200,2
2026-09-28,rka_122_wh_hl_01,ca.4040700,152
2026-09-28,rka_122_wh_hl_01,ca.4040704,78
2026-09-28,rka_122_wh_hl_01,ca.4043619,138
2026-09-28,rka_122_wh_hl_01,ca.4057907,64
2026-09-28,rka_122_wh_hl_01,ca.4146840,114
2026-09-28,rka_122_wh_hl_01,ca.4273270,136
2026-09-28,rka_122_wh_hl_01,ca.4281499,10
2026-09-28,rka_122_wh_hl_01,udayakumarsl.vc,6
2026-09-28,rka_122_wh_hl_01,vinun.vc,1
2026-09-28,rka_123_wh_hl_01,ca.4033428,16
2026-09-28,rka_123_wh_hl_01,ca.4033464,5
2026-09-28,rka_123_wh_hl_01,ca.4033564,8
2026-09-28,rka_123_wh_hl_01,ca.4045696,2
2026-09-28,rka_123_wh_hl_01,ca.4366666,21
2026-09-28,rka_124_wh_hl_01,ca.4033457,66
2026-09-28,rka_124_wh_hl_01,ca.4033516,110
2026-09-28,rka_124_wh_hl_01,ca.4033587,60
2026-09-28,rka_124_wh_hl_01,ca.4037925,96
2026-09-28,rka_124_wh_hl_01,ca.4057959,135
2026-09-28,rka_124_wh_hl_01,ca.4119004,42
2026-09-28,rka_124_wh_hl_01,ca.4249254,52
2026-09-28,rka_124_wh_hl_01,ca.4294903,30
2026-09-28,rka_124_wh_hl_01,shrikantm.vc,7
2026-09-28,rka_125_wh_hl_01,ca.4041359,508
2026-09-28,rka_125_wh_hl_01,ca.4051944,100
2026-09-28,rka_125_wh_hl_01,ca.4142265,450
2026-09-28,rka_125_wh_hl_01,ca.4149585,167
2026-09-28,rka_125_wh_hl_01,ca.4149593,229
2026-09-28,rka_125_wh_hl_01,ca.4152530,71
2026-09-28,rka_125_wh_hl_01,ca.4271525,3
2026-09-28,rka_125_wh_hl_01,ca.4315969,219
2026-09-28,rka_125_wh_hl_01,ca.4329011,51
2026-09-28,rka_125_wh_hl_01,ca.4354141,111
2026-09-28,rka_125_wh_hl_01,ca.4356916,50
2026-09-28,rka_125_wh_hl_01,ca.4381318,366
2026-09-28,rka_125_wh_hl_01,irappaganamuki.vc,116
2026-09-28,rka_125_wh_hl_01,sangeethatv.vc,8
2026-09-28,rka_126_wh_hl_01,ca.4100905,9
2026-09-28,rka_126_wh_hl_01,ca.4104579,2
2026-09-28,rka_126_wh_hl_01,ca.4124556,26
2026-09-28,rka_126_wh_hl_01,ca.4145924,27
2026-09-28,rka_126_wh_hl_01,ca.4380926,24
2026-09-28,rka_126_wh_hl_01,sunilgouda.vc,1
2026-09-28,rka_127_wh_hl_01,ca.3980199,549
2026-09-28,rka_127_wh_hl_01,ca.4049920,682
2026-09-28,rka_127_wh_hl_01,ca.4152251,5
2026-09-28,rka_127_wh_hl_01,ca.4237078,341
2026-09-28,rka_127_wh_hl_01,sushmithgowdahs.vc,9
2026-09-28,rka_128_wh_hl_01,ca.4048295,277
2026-09-28,rka_128_wh_hl_01,ca.4163258,272
2026-09-28,rka_128_wh_hl_01,ca.4298748,16
2026-09-28,rka_128_wh_hl_01,ca.4301259,15
2026-09-28,rka_901_wh_hl_01,ca.3740259,63
2026-09-28,rka_901_wh_hl_01,ca.3940184,173
2026-09-28,rka_901_wh_hl_01,ca.4327308,174
2026-09-28,rka_901_wh_hl_01,ca.4327317,108
2026-09-28,rka_901_wh_hl_01,ca.4360362,277
2026-09-28,rka_901_wh_hl_01,tejasy.vc,9
2026-09-28,rmp_102_wh_hl_01,ca.4106540,1
2026-09-28,rmp_102_wh_hl_01,ca.4279562,2
2026-09-28,roa_110_wh_hl_01,ca.4083569,678
2026-09-28,roa_110_wh_hl_01,ca.4083592,4
2026-09-28,roa_110_wh_hl_01,ca.4084544,425
2026-09-28,roa_110_wh_hl_01,ca.4273291,596
2026-09-28,roa_110_wh_hl_01,ca.4294651,270
2026-09-28,roa_110_wh_hl_01,godugu.m,16
2026-09-28,roa_110_wh_hl_01,kammakirankumar.vc,137
2026-09-28,rok_102_wh_hl_01,lma.100001539685,520
2026-09-28,rok_102_wh_hl_01,lma.100001540121,363
2026-09-28,rok_102_wh_hl_01,lma.100001540485,2
2026-09-28,rok_102_wh_hl_01,lma.100001541370,8
2026-09-28,rok_102_wh_hl_01,lma.100001582763,159
2026-09-28,rok_102_wh_hl_01,lma.100001623907,2
2026-09-28,rok_102_wh_hl_01,lma.100001625970,35
2026-09-28,rok_104_wh_hl_01,lma.100001554827,109
2026-09-28,rok_104_wh_hl_01,lma.100001565100,99
2026-09-28,rok_104_wh_hl_01,lma.100001606661,4
2026-09-28,rok_108_wh_hl_01,lma.100001538629,27
2026-09-28,rok_108_wh_hl_01,lma.100001558311,120
2026-09-28,rok_108_wh_hl_01,lma.100001561942,93
2026-09-28,rok_108_wh_hl_01,lma.100001632114,41
2026-09-28,rok_108_wh_hl_01,lma.100001632124,65
2026-09-28,rok_109_wh_hl_01,lma.100001538667,4
2026-09-28,rok_109_wh_hl_01,lma.100001538692,109
2026-09-28,rok_109_wh_hl_01,lma.100001538767,271
2026-09-28,rok_109_wh_hl_01,lma.100001538799,218
2026-09-28,rok_109_wh_hl_01,lma.100001538841,310
2026-09-28,roo_101_wh_hl_01,ca.3880235,168
2026-09-28,roo_101_wh_hl_01,ca.3900748,483
2026-09-28,roo_101_wh_hl_01,ca.3985559,1595
2026-09-28,roo_101_wh_hl_01,ca.4017180,1388
2026-09-28,roo_101_wh_hl_01,ca.4044930,372
2026-09-28,roo_101_wh_hl_01,ca.4049769,1188
2026-09-28,roo_101_wh_hl_01,ca.4099211,76
2026-09-28,roo_101_wh_hl_01,pikunlenka.vc,21
2026-09-28,roo_104_wh_hl_01,ca.3905944,355
2026-09-28,roo_104_wh_hl_01,ca.3958723,548
2026-09-28,roo_104_wh_hl_01,ca.4078506,165
2026-09-28,roo_104_wh_hl_01,ca.4219987,1221
2026-09-28,roo_104_wh_hl_01,ca.4284180,377
2026-09-28,roo_104_wh_hl_01,sabujajena.vc,3314
2026-09-28,roo_105_wh_hl_01,ca.4199269,1688
2026-09-28,roo_105_wh_hl_01,ca.4201203,392
2026-09-28,roo_105_wh_hl_01,ca.4210558,909
2026-09-28,roo_105_wh_hl_01,ca.4221070,297
2026-09-28,roo_105_wh_hl_01,dildarkhan.vc,15
2026-09-28,roo_106_wh_hl_01,ca.4215529,174
2026-09-28,roo_106_wh_hl_01,sohanrath.vc,125
2026-09-28,roo_106_wh_hl_01,vinaysharma.vc,5
2026-09-28,roo_107_wh_hl_01,ca.4022247,882
2026-09-28,roo_107_wh_hl_01,ca.4022530,957
2026-09-28,roo_107_wh_hl_01,ca.4022541,478
2026-09-28,roo_107_wh_hl_01,ca.4022545,1062
2026-09-28,roo_107_wh_hl_01,ca.4022618,872
2026-09-28,roo_107_wh_hl_01,ca.4022623,165
2026-09-28,roo_107_wh_hl_01,ca.4281564,1090
2026-09-28,roo_107_wh_hl_01,santoshk5.vc,18
2026-09-28,roo_107_wh_hl_01,yogeshpoddar.vc,4
2026-09-28,roo_113_wh_hl_01,ca.4215451,18
2026-09-28,roo_113_wh_hl_01,ca.4224802,843
2026-09-28,roo_113_wh_hl_01,ca.4232153,628
2026-09-28,roo_113_wh_hl_01,ca.4236347,1
2026-09-28,roo_113_wh_hl_01,ca.4282740,861
2026-09-28,roo_113_wh_hl_01,shibramkarmakar.vc,657
2026-09-28,roo_113_wh_hl_01,srehanss.vc,9
2026-09-28,rpu_101_wh_hl_01,ca.3729505,90
2026-09-28,rpu_101_wh_hl_01,ca.3921427,119
2026-09-28,rpu_101_wh_hl_01,ca.4126498,113
2026-09-28,rpu_101_wh_hl_01,ca.4206327,804
2026-09-28,rpu_101_wh_hl_01,ca.4228037,610
2026-09-28,rpu_101_wh_hl_01,ca.4273466,689
2026-09-28,rpu_101_wh_hl_01,ca.4348736,594
2026-09-28,rpu_101_wh_hl_01,ca.4367383,598
2026-09-28,rpu_101_wh_hl_01,raviprakash3.vc,38
2026-09-28,rpu_102_wh_hl_01,ajaya31.vc,21
2026-09-28,rpu_102_wh_hl_01,ca.3875570,681
2026-09-28,rpu_102_wh_hl_01,ca.4096384,305
2026-09-28,rpu_102_wh_hl_01,ca.4222741,230
2026-09-28,rpu_102_wh_hl_01,ca.4233851,155
2026-09-28,rpu_102_wh_hl_01,ca.4237426,1
2026-09-28,rpu_102_wh_hl_01,ca.4266296,665
2026-09-28,rpu_102_wh_hl_01,ca.4270530,149
2026-09-28,rpu_103_wh_hl_01,ca.3729468,304
2026-09-28,rpu_103_wh_hl_01,ca.4072892,141
2026-09-28,rpu_103_wh_hl_01,ca.4237185,206
2026-09-28,rpu_103_wh_hl_01,ca.4270804,925
2026-09-28,rpu_103_wh_hl_01,ca.4305098,242
2026-09-28,rpu_103_wh_hl_01,ca.4348035,671
2026-09-28,rpu_103_wh_hl_01,ca.4400844,514
2026-09-28,rpu_103_wh_hl_01,ca.4400855,270
2026-09-28,rpu_103_wh_hl_01,harpreetsingh10.vc,10
2026-09-28,rpu_104_wh_hl_01,ca.3889828,338
2026-09-28,rpu_104_wh_hl_01,ca.3916301,618
2026-09-28,rpu_104_wh_hl_01,ca.3970344,166
2026-09-28,rpu_104_wh_hl_01,ca.4027373,319
2026-09-28,rpu_104_wh_hl_01,ca.4029955,35
2026-09-28,rpu_104_wh_hl_01,ca.4122941,800
2026-09-28,rpu_104_wh_hl_01,ca.4269771,552
2026-09-28,rpu_104_wh_hl_01,ca.4294929,384
2026-09-28,rpu_104_wh_hl_01,ca.4356224,6
2026-09-28,rpu_104_wh_hl_01,karamvirk.vc,13
2026-09-28,rpu_105_wh_hl_01,ca.3983916,62
2026-09-28,rpu_105_wh_hl_01,ca.4042047,533
2026-09-28,rpu_105_wh_hl_01,ca.4052840,98
2026-09-28,rpu_105_wh_hl_01,ca.4089662,919
2026-09-28,rpu_105_wh_hl_01,ca.4291390,141
2026-09-28,rpu_105_wh_hl_01,ca.4343139,1229
2026-09-28,rpu_105_wh_hl_01,ca.4364227,12
2026-09-28,rpu_105_wh_hl_01,ca.4393737,867
2026-09-28,rpu_105_wh_hl_01,harshpandey.vc,9
2026-09-28,rpu_107_wh_hl_01,ca.3545780,423
2026-09-28,rpu_107_wh_hl_01,ca.3563503,648
2026-09-28,rpu_107_wh_hl_01,ca.3998589,477
2026-09-28,rpu_107_wh_hl_01,ca.4045344,630
2026-09-28,rpu_107_wh_hl_01,ca.4192685,190
2026-09-28,rpu_107_wh_hl_01,ca.4320826,231
2026-09-28,rpu_107_wh_hl_01,ca.4350632,276
2026-09-28,rpu_113_wh_hl_01,ca.4104846,232
2026-09-28,rpu_113_wh_hl_01,ca.4104931,80
2026-09-28,rpu_113_wh_hl_01,ca.4229790,564
2026-09-28,rpu_113_wh_hl_01,ca.4230634,262
2026-09-28,rpu_113_wh_hl_01,ca.4268533,121
2026-09-28,rpu_113_wh_hl_01,ca.4344277,269
2026-09-28,rpu_113_wh_hl_01,ca.4347717,329
2026-09-28,rpu_113_wh_hl_01,dharampreets.vc,4
2026-09-28,rpu_115_wh_hl_01,ca.3912860,274
2026-09-28,rpu_115_wh_hl_01,ca.3928503,80
2026-09-28,rpu_115_wh_hl_01,ca.3929655,218
2026-09-28,rpu_115_wh_hl_01,ca.4213849,342
2026-09-28,rpu_115_wh_hl_01,ca.4221940,146
2026-09-28,rpu_115_wh_hl_01,ca.4280539,73
2026-09-28,rpu_115_wh_hl_01,ca.4330217,242
2026-09-28,rpu_115_wh_hl_01,veersingh.vc,8
2026-09-28,rpu_117_wh_hl_01,ca.4054379,253
2026-09-28,rpu_117_wh_hl_01,ca.4237389,1062
2026-09-28,rpu_117_wh_hl_01,ca.4269659,712
2026-09-28,rpu_117_wh_hl_01,ca.4270111,754
2026-09-28,rpu_117_wh_hl_01,ca.4379739,32
2026-09-28,rpu_117_wh_hl_01,rajukumar6.vc,8
2026-09-28,rpu_120_wh_hl_01,akhileshsingh1.vc,49
2026-09-28,rpu_120_wh_hl_01,ca.3937237,619
2026-09-28,rpu_120_wh_hl_01,ca.3944251,517
2026-09-28,rpu_120_wh_hl_01,ca.3999540,200
2026-09-28,rpu_120_wh_hl_01,ca.4137162,748
2026-09-28,rpu_120_wh_hl_01,ca.4143186,665
2026-09-28,rpu_120_wh_hl_01,ca.4173862,28
2026-09-28,rpu_120_wh_hl_01,ca.4382559,430
2026-09-28,rpu_120_wh_hl_01,ca.4384991,296
2026-09-28,rpu_122_wh_hl_01,akshpreetsingh.vc,5
2026-09-28,rpu_122_wh_hl_01,ca.3856704,73
2026-09-28,rpu_122_wh_hl_01,ca.4166062,153
2026-09-28,rpu_122_wh_hl_01,ca.4191039,300
2026-09-28,rpu_122_wh_hl_01,ca.4234353,10
2026-09-28,rpu_122_wh_hl_01,ca.4250513,22
2026-09-28,rpu_122_wh_hl_01,ca.4346244,172
2026-09-28,rta_101_wh_hl_01,ca.3938057,118
2026-09-28,rta_101_wh_hl_01,ca.3938538,507
2026-09-28,rta_101_wh_hl_01,ca.3954732,318
2026-09-28,rta_101_wh_hl_01,ca.4042923,282
2026-09-28,rta_101_wh_hl_01,ca.4042926,500
2026-09-28,rta_101_wh_hl_01,ca.4211604,108
2026-09-28,rta_101_wh_hl_01,ca.4268754,333
2026-09-28,rta_101_wh_hl_01,ca.4315436,297
2026-09-28,rta_101_wh_hl_01,durkeshraja.vc,88
2026-09-28,rta_101_wh_hl_01,ragulr3.vc,6
2026-09-28,rta_102_wh_hl_01,ananthakumarl.vc,151
2026-09-28,rta_102_wh_hl_01,ca.3920885,134
2026-09-28,rta_102_wh_hl_01,ca.3921190,456
2026-09-28,rta_102_wh_hl_01,ca.4067603,252
2026-09-28,rta_102_wh_hl_01,ca.4108128,310
2026-09-28,rta_102_wh_hl_01,ca.4114841,326
2026-09-28,rta_102_wh_hl_01,ca.4179459,251
2026-09-28,rta_102_wh_hl_01,ca.4188584,31
2026-09-28,rta_102_wh_hl_01,ca.4268103,73
2026-09-28,rta_102_wh_hl_01,ca.4290149,322
2026-09-28,rta_102_wh_hl_01,karthickrajak1.vc,10
2026-09-28,rta_103_wh_hl_01,ca.4113531,666
2026-09-28,rta_103_wh_hl_01,ca.4224239,502
2026-09-28,rta_103_wh_hl_01,ca.4227879,568
2026-09-28,rta_103_wh_hl_01,ca.4230015,536
2026-09-28,rta_103_wh_hl_01,thilaks.vc,7
2026-09-28,rta_104_wh_hl_01,ca.3899516,355
2026-09-28,rta_104_wh_hl_01,ca.3902437,416
2026-09-28,rta_104_wh_hl_01,ca.3903096,571
2026-09-28,rta_104_wh_hl_01,ca.4265987,264
2026-09-28,rta_104_wh_hl_01,ca.4382126,88
2026-09-28,rta_104_wh_hl_01,prasanthp3.vc,66
2026-09-28,rta_105_wh_hl_01,ca.3940503,1220
2026-09-28,rta_105_wh_hl_01,ca.3942678,76
2026-09-28,rta_105_wh_hl_01,ca.4150966,4
2026-09-28,rta_105_wh_hl_01,ca.4238773,1420
2026-09-28,rta_106_wh_hl_01,ca.4053737,345
2026-09-28,rta_107_wh_hl_01,ca.4070724,254
2026-09-28,rta_107_wh_hl_01,ca.4070753,92
2026-09-28,rta_107_wh_hl_01,sakthivelg.vc,4
2026-09-28,rta_109_wh_hl_01,ca.4096295,10
2026-09-28,rta_109_wh_hl_01,ca.4100529,2
2026-09-28,rta_110_wh_hl_01,ca.4030229,122
2026-09-28,rta_110_wh_hl_01,ca.4046746,88
2026-09-28,rta_110_wh_hl_01,ca.4049107,283
2026-09-28,rta_110_wh_hl_01,ca.4121935,116
2026-09-28,rta_110_wh_hl_01,ca.4242395,219
2026-09-28,rta_110_wh_hl_01,ca.4263381,75
2026-09-28,rta_110_wh_hl_01,ca.4265952,99
2026-09-28,rta_110_wh_hl_01,ca.4268710,35
2026-09-28,rta_110_wh_hl_01,gurupravinr.vc,6
2026-09-28,rta_111_wh_hl_01,ca.4025466,498
2026-09-28,rta_111_wh_hl_01,ca.4222740,180
2026-09-28,rta_111_wh_hl_01,ca.4271878,392
2026-09-28,rta_111_wh_hl_01,ca.4371841,468
2026-09-28,rta_111_wh_hl_01,sundarj.vc,112
2026-09-28,rta_113_wh_hl_01,ashwina.vc,42
2026-09-28,rta_113_wh_hl_01,ca.4020732,136
2026-09-28,rta_113_wh_hl_01,ca.4232322,13
2026-09-28,rta_113_wh_hl_01,ca.4315329,94
2026-09-28,rte_101_wh_hl_01,ca.3944029,296
2026-09-28,rte_101_wh_hl_01,ca.3958386,1
2026-09-28,rte_101_wh_hl_01,ca.4131116,564
2026-09-28,rte_101_wh_hl_01,ca.4200627,115
2026-09-28,rte_101_wh_hl_01,ca.4261370,433
2026-09-28,rte_101_wh_hl_01,ca.4280132,399
2026-09-28,rte_101_wh_hl_01,madavarapusaik.vc,317
2026-09-28,rte_102_wh_hl_01,ca.3942578,6
2026-09-28,rte_102_wh_hl_01,ca.3944026,437
2026-09-28,rte_102_wh_hl_01,ca.4084686,71
2026-09-28,rte_102_wh_hl_01,ca.4173270,350
2026-09-28,rte_102_wh_hl_01,ca.4297692,284
2026-09-28,rte_102_wh_hl_01,pandavulav.vc,27
2026-09-28,rte_102_wh_hl_01,sunkarivarshith.vc,31
2026-09-28,rte_103_wh_hl_01,ca.4006253,262
2026-09-28,rte_103_wh_hl_01,ca.4007137,321
2026-09-28,rte_103_wh_hl_01,ca.4007144,70
2026-09-28,rte_103_wh_hl_01,ca.4135837,189
2026-09-28,rte_103_wh_hl_01,gopus.vc,43
2026-09-28,ruk_101_wh_hl_01,ca.4115456,9
2026-09-28,ruk_103_wh_hl_01,ca.4187923,59
2026-09-28,ruk_103_wh_hl_01,ca.4198228,40
2026-09-28,ruk_103_wh_hl_01,ca.4264183,5
2026-09-28,ruk_103_wh_hl_01,ca.4270467,4
2026-09-28,ruk_103_wh_hl_01,deekshantbharti.vc,7
2026-09-28,ruk_104_wh_hl_01,ca.4030054,4
2026-09-28,ruk_104_wh_hl_01,ca.4038187,2
2026-09-28,ruk_104_wh_hl_01,ca.4096943,2
2026-09-28,rup_101_wh_hl_01,ca.4278704,71
2026-09-28,rup_102_wh_hl_01,ca.3602482,40
2026-09-28,rup_102_wh_hl_01,ca.3686453,679
2026-09-28,rup_102_wh_hl_01,ca.3833800,638
2026-09-28,rup_102_wh_hl_01,ca.4117547,1223
2026-09-28,rup_102_wh_hl_01,ca.4120080,589
2026-09-28,rup_102_wh_hl_01,ca.4272454,869
2026-09-28,rup_102_wh_hl_01,ca.4342820,434
2026-09-28,rup_102_wh_hl_01,ca.4350436,346
2026-09-28,rup_103_wh_hl_01,ca.4205761,6
2026-09-28,rup_103_wh_hl_01,ca.4272439,6
2026-09-28,rup_104_wh_hl_01,ca.3734893,57
2026-09-28,rup_104_wh_hl_01,ca.4095416,309
2026-09-28,rup_104_wh_hl_01,ca.4098767,488
2026-09-28,rup_104_wh_hl_01,ca.4143555,381
2026-09-28,rup_104_wh_hl_01,ca.4143559,322
2026-09-28,rup_104_wh_hl_01,ca.4180035,491
2026-09-28,rup_105_wh_hl_01,ca.3560599,8
2026-09-28,rup_105_wh_hl_01,ca.3852796,8
2026-09-28,rup_105_wh_hl_01,shahjadhasan.vc,140
2026-09-28,rup_107_wh_hl_01,ca.3591879,382
2026-09-28,rup_107_wh_hl_01,ca.3659722,356
2026-09-28,rup_107_wh_hl_01,ca.3726440,4
2026-09-28,rup_107_wh_hl_01,ca.3776299,344
2026-09-28,rup_107_wh_hl_01,ca.4005438,572
2026-09-28,rup_107_wh_hl_01,ca.4172601,136
2026-09-28,rup_107_wh_hl_01,ca.4222019,632
2026-09-28,rup_107_wh_hl_01,ca.4278670,353
2026-09-28,rup_107_wh_hl_01,rohitdixit.vc,18
2026-09-28,rup_111_wh_hl_01,ca.3870953,347
2026-09-28,rup_111_wh_hl_01,ca.3990952,893
2026-09-28,rup_111_wh_hl_01,ca.4195895,422
2026-09-28,rup_111_wh_hl_01,ca.4217108,256
2026-09-28,rup_111_wh_hl_01,ca.4219619,317
2026-09-28,rup_111_wh_hl_01,ca.4267890,450
2026-09-28,rup_111_wh_hl_01,ca.4304090,121
2026-09-28,rup_111_wh_hl_01,ca.4304190,338
2026-09-28,rup_111_wh_hl_01,ca.4345956,410
2026-09-28,rup_111_wh_hl_01,pushkarawasthi.vc,5
2026-09-28,rup_113_wh_hl_01,ca.3950778,20
2026-09-28,rup_113_wh_hl_01,ca.4033219,7
2026-09-28,rup_113_wh_hl_01,ca.4113070,54
2026-09-28,rup_113_wh_hl_01,ca.4115945,1
2026-09-28,rup_113_wh_hl_01,satyampal1.vc,40
2026-09-28,rup_115_wh_hl_01,ca.4272450,37
2026-09-28,rup_115_wh_hl_01,rahulawasthi.vc,125
2026-09-28,rup_116_wh_hl_01,ca.3954558,2461
2026-09-28,rup_116_wh_hl_01,ca.4032946,662
2026-09-28,rup_116_wh_hl_01,ca.4139678,230
2026-09-28,rup_116_wh_hl_01,ca.4217386,157
2026-09-28,rup_116_wh_hl_01,ca.4297147,120
2026-09-28,rup_117_wh_hl_01,anands2.vc,4
2026-09-28,rup_117_wh_hl_01,ca.4026803,144
2026-09-28,rup_117_wh_hl_01,ca.4192025,272
2026-09-28,rup_117_wh_hl_01,ca.4201830,190
2026-09-28,rup_117_wh_hl_01,ca.4252266,854
2026-09-28,rup_117_wh_hl_01,mridulshukla.vc,50
2026-09-28,rup_118_wh_hl_01,ca.3907143,1236
2026-09-28,rup_118_wh_hl_01,ca.3911773,1092
2026-09-28,rup_118_wh_hl_01,ca.3942501,587
2026-09-28,rup_118_wh_hl_01,ca.4143919,594
2026-09-28,rup_118_wh_hl_01,ca.4148890,540
2026-09-28,rup_118_wh_hl_01,ca.4166292,330
2026-09-28,rup_118_wh_hl_01,ca.4273681,275
2026-09-28,rup_119_wh_hl_01,ca.3948146,104
2026-09-28,rup_119_wh_hl_01,ca.4056852,106
2026-09-28,rup_122_wh_hl_01,ca.3953304,358
2026-09-28,rup_122_wh_hl_01,ca.4081102,22
2026-09-28,rup_122_wh_hl_01,ca.4280959,2
2026-09-28,rup_122_wh_hl_01,ca.4288615,306
2026-09-28,rup_122_wh_hl_01,rajneeshkumar1.vc,310
2026-09-28,rup_123_wh_hl_01,ca.4272681,198
2026-09-28,rup_123_wh_hl_01,shubhamk7.vc,4
2026-09-28,rup_124_wh_hl_01,ca.4206078,87
2026-09-28,rup_124_wh_hl_01,ca.4242095,32
2026-09-28,rup_124_wh_hl_01,ca.4246413,85
2026-09-28,rup_124_wh_hl_01,ca.4252222,255
2026-09-28,rup_124_wh_hl_01,ca.4304775,22
2026-09-28,rup_124_wh_hl_01,ca.4305130,111
2026-09-28,rup_124_wh_hl_01,shambhuprasad.vc,7
2026-09-28,rup_126_wh_hl_01,ca.4131190,70
2026-09-28,rup_126_wh_hl_01,ca.4133155,167
2026-09-28,rup_126_wh_hl_01,ca.4133537,24
2026-09-28,rup_126_wh_hl_01,ca.4156563,617
2026-09-28,rup_126_wh_hl_01,parveenkumar12.vc,171
2026-09-28,rup_127_wh_hl_01,ca.3917175,972
2026-09-28,rup_127_wh_hl_01,ca.3957453,1535
2026-09-28,rup_127_wh_hl_01,ca.4031655,235
2026-09-28,rup_127_wh_hl_01,ca.4148833,335
2026-09-28,rup_127_wh_hl_01,ca.4276781,228
2026-09-28,rup_127_wh_hl_01,ca.4281644,96
2026-09-28,rup_127_wh_hl_01,ca.4318649,658
2026-09-28,rup_127_wh_hl_01,shobhits1.vc,119
2026-09-28,rup_128_wh_hl_01,ca.4107025,396
2026-09-28,rup_128_wh_hl_01,ca.4113174,563
2026-09-28,rup_128_wh_hl_01,ca.4220265,456
2026-09-28,rup_128_wh_hl_01,hariomsharma.vc,75
2026-09-28,rup_129_wh_hl_01,ca.4033763,966
2026-09-28,rup_129_wh_hl_01,ca.4034432,362
2026-09-28,rup_129_wh_hl_01,ca.4140940,134
2026-09-28,rup_129_wh_hl_01,ca.4154257,1267
2026-09-28,rup_129_wh_hl_01,ca.4172603,697
2026-09-28,rup_129_wh_hl_01,rishabhjaiswal1.vc,15
2026-09-28,rup_130_wh_hl_01,ca.4283872,89
2026-09-28,rup_130_wh_hl_01,ca.4286863,311
2026-09-28,rup_131_wh_hl_01,ca.4200227,290
2026-09-28,rup_131_wh_hl_01,ca.4201456,94
2026-09-28,rup_131_wh_hl_01,manishkumar53.vc,1
2026-09-28,rup_131_wh_hl_01,sumitnigam.vc,385
2026-09-28,rup_132_wh_hl_01,ca.4207867,239
2026-09-28,rup_132_wh_hl_01,ca.4230682,99
2026-09-28,rup_132_wh_hl_01,ca.4247971,141
2026-09-28,rup_132_wh_hl_01,ca.4247975,48
2026-09-28,rup_132_wh_hl_01,deveshmahour.vc,3
2026-09-28,rup_133_wh_hl_01,ca.4065518,952
2026-09-28,rup_133_wh_hl_01,ca.4124970,536
2026-09-28,rup_133_wh_hl_01,ca.4129989,1089
2026-09-28,rup_133_wh_hl_01,ca.4131871,113
2026-09-28,rup_133_wh_hl_01,ca.4135618,789
2026-09-28,rup_133_wh_hl_01,ca.4141344,124
2026-09-28,rup_136_wh_hl_01,amitkumar84.vc,37
2026-09-28,rup_136_wh_hl_01,ca.4179752,67
2026-09-28,rup_136_wh_hl_01,ca.4179759,84
2026-09-28,rup_136_wh_hl_01,ca.4179764,21
2026-09-28,rup_136_wh_hl_01,ca.4179770,621
2026-09-28,rup_136_wh_hl_01,ca.4179772,250
2026-09-28,rup_136_wh_hl_01,ca.4179780,36
2026-09-28,rup_136_wh_hl_01,ca.4191542,134
2026-09-28,rup_136_wh_hl_01,ca.4234825,62
2026-09-28,rup_136_wh_hl_01,sharadkumar2.vc,84
2026-09-28,rup_137_wh_hl_01,ca.4091426,60
2026-09-28,rup_137_wh_hl_01,ca.4095244,190
2026-09-28,rup_137_wh_hl_01,ca.4115989,29
2026-09-28,rup_137_wh_hl_01,ca.4149703,197
2026-09-28,rup_137_wh_hl_01,ca.4354920,2
2026-09-28,rup_137_wh_hl_01,niteshkumar19.vc,81
2026-09-28,rup_139_wh_hl_01,ca.4035526,307
2026-09-28,rup_139_wh_hl_01,ca.4230286,610
2026-09-28,rup_139_wh_hl_01,ca.4282668,417
2026-09-28,rup_142_wh_hl_01,ca.4034180,10
2026-09-28,rup_142_wh_hl_01,ca.4166345,39
2026-09-28,rup_142_wh_hl_01,ca.4181294,4
2026-09-28,rup_142_wh_hl_01,ca.4199804,1
2026-09-28,rup_142_wh_hl_01,ca.4284670,29
2026-09-28,rwb_102_wh_hl_01,ca.4003630,31
2026-09-28,rwb_102_wh_hl_01,ca.4070111,58
2026-09-28,rwb_102_wh_hl_01,ca.4091694,10
2026-09-28,rwb_102_wh_hl_01,ca.4165342,5
2026-09-28,rwb_104_wh_hl_01,ca.4023062,86
2026-09-28,rwb_104_wh_hl_01,ca.4033643,187
2026-09-28,rwb_104_wh_hl_01,ca.4042068,397
2026-09-28,rwb_104_wh_hl_01,ca.4170355,560
2026-09-28,rwb_104_wh_hl_01,ca.4193775,514
2026-09-28,rwb_104_wh_hl_01,ca.4196810,220
2026-09-28,rwb_104_wh_hl_01,ca.4224177,403
2026-09-28,rwb_104_wh_hl_01,ca.4224178,314
2026-09-28,rwb_104_wh_hl_01,ca.4276611,321
2026-09-28,rwb_104_wh_hl_01,ca.4280827,212
2026-09-28,rwb_104_wh_hl_01,ca.4292825,272
2026-09-28,rwb_104_wh_hl_01,ca.4298548,522
2026-09-28,rwb_104_wh_hl_01,ca.4299355,484
2026-09-28,rwb_104_wh_hl_01,sujitmaity.vc,6
2026-09-28,rwb_106_wh_hl_01,ca.4228675,346
2026-09-28,rwb_106_wh_hl_01,ca.4229925,198
2026-09-28,rwb_106_wh_hl_01,ca.4250417,324
2026-09-28,rwb_106_wh_hl_01,ca.4283131,1
2026-09-28,rwb_106_wh_hl_01,ca.4312089,387
2026-09-28,rwb_106_wh_hl_01,krishnandukhan1.vc,15
2026-09-28,rwb_107_wh_hl_01,ca.3871250,30
2026-09-28,rwb_107_wh_hl_01,ca.4113818,80
2026-09-28,rwb_107_wh_hl_01,ca.4142768,154
2026-09-28,rwb_107_wh_hl_01,ca.4190835,48
2026-09-28,rwb_107_wh_hl_01,ca.4270139,22
2026-09-28,rwb_107_wh_hl_01,ca.4284322,1
2026-09-28,rwb_107_wh_hl_01,ranjitmondal1.vc,2
2026-09-28,rwb_109_wh_hl_01,ca.4087020,15
2026-09-28,rwb_111_wh_hl_01,ca.4139605,649
2026-09-28,rwb_111_wh_hl_01,ca.4141406,6
2026-09-28,rwb_111_wh_hl_01,ca.4155269,851
2026-09-28,rwb_111_wh_hl_01,ca.4193740,299
2026-09-28,rwb_111_wh_hl_01,ca.4204160,464
2026-09-28,rwb_111_wh_hl_01,ca.4272452,409
2026-09-28,rwb_111_wh_hl_01,subhambeck.vc,7
2026-09-28,rwb_113_wh_hl_01,ca.3945616,24
2026-09-28,rwb_113_wh_hl_01,ca.3996043,104
2026-09-28,rwb_113_wh_hl_01,ca.4048374,175
2026-09-28,rwb_113_wh_hl_01,ca.4063889,48
2026-09-28,rwb_115_wh_hl_01,ca.4188667,10
2026-09-28,rwb_115_wh_hl_01,ca.4195595,29
2026-09-28,rwb_115_wh_hl_01,ca.4232130,3
2026-09-28,rwb_115_wh_hl_01,ca.4324202,1
2026-09-28,rwb_115_wh_hl_01,nadishkhan.vc,1
2026-09-28,rwb_115_wh_hl_01,sanjoyturi.vc,11
2026-09-28,rwb_115_wh_hl_01,udaypaul.vc,32
2026-09-28,rwb_119_wh_hl_01,ca.4179595,30
2026-09-28,rwb_119_wh_hl_01,ca.4179597,34
2026-09-28,rwb_119_wh_hl_01,ca.4182740,27
2026-09-28,rwb_119_wh_hl_01,ca.4189401,6
2026-09-28,rwb_119_wh_hl_01,ca.4249882,12
2026-09-28,rwb_119_wh_hl_01,ca.4286514,3
2026-09-28,shm_101_wh_hl_01,ca.4038465,407
2026-09-28,shm_101_wh_hl_01,ca.4038466,189
2026-09-28,shm_101_wh_hl_01,ca.4038939,82
2026-09-28,shm_101_wh_hl_01,ca.4171254,78
2026-09-28,shm_101_wh_hl_01,narayansingh.vc,7
2026-09-28,sur_108_wh_hl_01,ca.4100452,1
2026-09-28,tri_102_wh_hl_01,lma.100001552011,11
2026-09-28,tri_102_wh_hl_01,lma.100001633403,1
2026-09-28,tri_102_wh_hl_01,lma.100001633410,9
2026-09-28,tri_104_wh_hl_01,lma.100001538964,1
2026-09-28,tri_104_wh_hl_01,lma.100001539354,1
2026-09-28,tri_105_wh_hl_01,lma.100001575248,3
2026-09-28,tri_105_wh_hl_01,lma.100001580707,87
2026-09-28,tri_105_wh_hl_01,lma.100001632175,1
2026-09-28,tri_105_wh_hl_01,lma.100001632426,54
2026-09-28,vad_101_wh_hl_01,ca.3951584,98
2026-09-28,vad_101_wh_hl_01,ca.3951837,32
2026-09-28,vad_101_wh_hl_01,ca.3958288,70
2026-09-28,vad_101_wh_hl_01,ca.4162888,122
2026-09-28,vad_101_wh_hl_01,kolianil.vc,4
2026-09-28,vad_106_wh_hl_01,ca.4142914,30
2026-09-28,vad_109_wh_hl_01,ca.3999176,39
2026-09-28,vad_109_wh_hl_01,ca.4242453,10
2026-09-28,var_101_wh_hl_01,ca.4274947,1
2026-09-28,var_105_wh_hl_01,ca.4035844,4
2026-09-28,var_105_wh_hl_01,ca.4161590,438
2026-09-28,var_105_wh_hl_01,ca.4163593,284
2026-09-28,var_105_wh_hl_01,ca.4187726,631
2026-09-28,var_105_wh_hl_01,ca.4213491,378
2026-09-28,var_105_wh_hl_01,satishkumary.vc,298
2026-09-28,var_106_wh_hl_01,ca.3997468,358
2026-09-28,var_106_wh_hl_01,ca.4024536,853
2026-09-28,var_106_wh_hl_01,ca.4129499,467
2026-09-28,var_106_wh_hl_01,ca.4150877,365
2026-09-28,var_106_wh_hl_01,ca.4208850,249
2026-09-28,var_106_wh_hl_01,ca.4283856,353
2026-09-28,var_106_wh_hl_01,jayantkumar2.vc,6
2026-09-28,var_107_wh_hl_01,akhilv1.vc,4
2026-09-28,var_107_wh_hl_01,ca.3947255,170
2026-09-28,var_107_wh_hl_01,ca.4000731,199
2026-09-28,var_107_wh_hl_01,ca.4103811,173
2026-09-28,var_107_wh_hl_01,ca.4111690,301
2026-09-28,var_107_wh_hl_01,ca.4353843,172
2026-09-28,var_107_wh_hl_01,ca.4360424,141
2026-09-28,var_108_wh_hl_01,atulgupta1.vc,5
2026-09-28,var_108_wh_hl_01,ca.3960165,229
2026-09-28,var_108_wh_hl_01,ca.3993355,326
2026-09-28,var_108_wh_hl_01,ca.4174772,496
2026-09-28,var_108_wh_hl_01,ca.4191011,482
2026-09-28,vel_101_wh_hl_01,sujithn.vc,3
2026-09-28,vel_103_wh_hl_01,ca.4119651,1
2026-09-28,vel_103_wh_hl_01,ca.4142874,1
2026-09-28,vel_103_wh_hl_01,ca.4285746,4
2026-09-28,vij_101_wh_hl_01,ca.4344304,98
2026-09-28,vij_101_wh_hl_01,d.ravigopal,113
2026-09-28,viz_101_wh_hl_01,allapavan.vc,1
2026-09-28,viz_101_wh_hl_01,ca.4032268,95
2026-09-28,viz_101_wh_hl_01,ca.4167112,197
2026-09-28,viz_101_wh_hl_01,ca.4244808,143
2026-09-28,viz_101_wh_hl_01,ca.4320845,44
2026-09-28,viz_101_wh_hl_01,ca.4324037,262
2026-09-28,viz_102_wh_hl_01,ca.4008937,27
2026-09-28,viz_102_wh_hl_01,ca.4012203,43
2026-09-28,viz_102_wh_hl_01,ca.4036560,289
2026-09-28,viz_102_wh_hl_01,ca.4373097,285
2026-09-28,viz_102_wh_hl_01,ca.4375565,480
2026-09-28,viz_105_wh_hl_01,ca.4008948,58
2026-09-28,viz_105_wh_hl_01,ca.4194063,302
2026-09-28,viz_105_wh_hl_01,ca.4261688,209
2026-09-28,viz_105_wh_hl_01,ca.4296063,100
2026-09-28,viz_105_wh_hl_01,ca.4318566,68
2026-09-28,viz_105_wh_hl_01,ca.4318719,21
2026-09-28,viz_105_wh_hl_01,ca.4321732,388
2026-09-28,viz_105_wh_hl_01,ca.4325082,58
2026-09-28,viz_105_wh_hl_01,ca.4369101,98
2026-09-28,viz_106_wh_hl_01,ca.4063457,115
2026-09-28,viz_106_wh_hl_01,ca.4063576,294
2026-09-28,viz_106_wh_hl_01,ca.4121235,114
2026-09-28,viz_106_wh_hl_01,ca.4225371,170
2026-09-28,viz_106_wh_hl_01,ca.4321440,206
2026-09-28,viz_107_wh_hl_01,ca.4063446,80
2026-09-28,viz_107_wh_hl_01,ca.4063552,18
2026-09-28,viz_107_wh_hl_01,ca.4129354,178
2026-09-28,viz_107_wh_hl_01,ca.4195805,136
2026-09-28,viz_109_wh_hl_01,ca.3948493,94
2026-09-28,viz_109_wh_hl_01,ca.3956916,4
2026-09-28,viz_109_wh_hl_01,ca.4132017,240
2026-09-28,viz_109_wh_hl_01,ca.4175146,145
2026-09-28,viz_109_wh_hl_01,ca.4182538,31
2026-09-28,viz_109_wh_hl_01,ca.4238618,12
2026-09-28,viz_109_wh_hl_01,ca.4244765,78
2026-09-28,viz_109_wh_hl_01,ca.4286163,134
2026-09-28,viz_109_wh_hl_01,ca.4303576,101
2026-09-28,viz_109_wh_hl_01,karrisrinu.vc,9
