derived_status,destination_warehouse,grn_created_by,grn_created_at,inv_storage_location_label
closed,ahm_119_wh_hl_01,,2026-09-29,
closed,ben_117_wh_hl_01,,2026-09-29,
closed,che_189_wh_hl_01,,2026-09-29,
closed,ghz_121_wh_hl_01,,2026-09-29,
closed,rpu_102_wh_hl_01,,2026-09-29,
closed,mum_025_wh_hl_01,,2026-09-29,
closed,ben_105_wh_hl_01,,2026-09-29,
closed,noi_123_wh_hl_01,,2026-09-29,
closed,che_139_wh_hl_01,,2026-09-29,
closed,koz_103_wh_hl_01,,2026-09-29,
closed,kol_135_wh_hl_01,,2026-09-29,
closed,mum_151_wh_hl_01,,2026-09-29,
closed,kol_105_wh_hl_01,,2026-09-29,
closed,roo_107_wh_hl_01,,2026-09-29,
closed,che_116_wh_hl_01,,2026-09-29,
closed,pun_108_wh_hl_01,,2026-09-29,
closed,che_141_wh_hl_01,,2026-09-29,
closed,rok_102_wh_hl_01,,2026-09-29,
closed,lud_104_wh_hl_01,,2026-09-29,
closed,gur_124_wh_hl_01,,2026-09-29,
closed,gur_127_wh_hl_01,,2026-09-29,
closed,del_310_wh_hl_02,,2026-09-29,
closed,kol_139_wh_hl_01,,2026-09-29,
closed,pun_101_wh_hl_01,,2026-09-29,
closed,rta_102_wh_hl_01,,2026-09-29,
closed,del_14_wh_hl_01,,2026-09-29,
closed,del_901_wh_hl_01,,2026-09-29,
closed,pun_124_wh_hl_01,,2026-09-29,
closed,ben_145_wh_hl_01,,2026-09-29,
closed,luc_115_wh_hl_01,,2026-09-29,
closed,ahm_114_wh_hl_01,,2026-09-29,
closed,rta_101_wh_hl_01,,2026-09-29,
closed,hyd_138_wh_hl_01,,2026-09-29,
closed,rup_102_wh_hl_01,,2026-09-29,
closed,del_901_wh_hl_01,,2026-09-29,
closed,ben_234_wh_hl_01,,2026-09-29,
closed,del_107_wh_hl_01,,2026-09-29,
closed,ben_036_wh_hl_01,,2026-09-29,
closed,guw_107_wh_hl_01,,2026-09-29,
closed,ahm_131_wh_hl_01,,2026-09-29,
closed,rup_102_wh_hl_01,,2026-09-29,
closed,guw_128_wh_hl_01,,2026-09-29,
closed,guw_128_wh_hl_01,,2026-09-29,
closed,che_188_wh_hl_01,,2026-09-29,
closed,rok_102_wh_hl_01,,2026-09-29,
closed,hyd_139_wh_hl_01,,2026-09-29,
closed,ghz_115_wh_hl_01,,2026-09-29,
closed,luc_110_wh_hl_01,,2026-09-29,
closed,pat_119_wh_hl_01,,2026-09-29,
closed,rpu_104_wh_hl_01,,2026-09-29,
closed,hyd_120_wh_hl_01,,2026-09-29,
closed,del_117_wh_hl_01,,2026-09-29,
closed,dnc_102_wh_hl_01,,2026-09-29,
closed,hyd_139_wh_hl_01,,2026-09-29,
closed,mum_102_wh_hl_01,,2026-09-29,
closed,hyd_146_wh_hl_01,,2026-09-29,
closed,rpu_103_wh_hl_01,,2026-09-29,
closed,rta_104_wh_hl_01,,2026-09-29,
closed,hyd_180_wh_hl_01,,2026-09-29,
closed,hyd_135_wh_hl_01,,2026-09-29,
closed,hyd_202_wh_hl_01,,2026-09-29,
closed,che_103_wh_hl_01,,2026-09-29,
closed,ben_007_wh_hl_01,,2026-09-29,
closed,del_061_wh_hl_01,,2026-09-29,
closed,che_139_wh_hl_01,,2026-09-29,
closed,rta_104_wh_hl_01,,2026-09-29,
closed,mum_043_wh_hl_01,,2026-09-29,
closed,rka_125_wh_hl_01,,2026-09-29,
closed,del_967_wh_hl_01,,2026-09-29,
closed,hyd_139_wh_hl_01,,2026-09-29,
closed,kol_172_wh_hl_01,,2026-09-29,
closed,del_074_wh_hl_01,,2026-09-29,
closed,koz_103_wh_hl_01,,2026-09-29,
closed,del_118_wh_hl_01,,2026-09-29,
closed,rta_101_wh_hl_01,,2026-09-29,
closed,hyd_138_wh_hl_01,,2026-09-29,
closed,hyd_153_wh_hl_01,,2026-09-29,
closed,mum_043_wh_hl_01,,2026-09-29,
closed,lud_103_wh_hl_01,,2026-09-29,
closed,ben_107_wh_hl_01,,2026-09-29,
closed,ben_120_wh_hl_01,,2026-09-29,
closed,mum_113_wh_hl_01,,2026-09-29,
closed,mum_182_wh_hl_01,,2026-09-29,
closed,kol_105_wh_hl_01,,2026-09-29,
closed,gur_122_wh_hl_01,,2026-09-29,
closed,kol_136_wh_hl_01,,2026-09-29,
closed,del_055_wh_hl_01,,2026-09-29,
closed,del_183_wh_hl_01,,2026-09-29,
closed,coi_104_wh_hl_01,,2026-09-29,
closed,guw_121_wh_hl_01,,2026-09-29,
closed,ben_117_wh_hl_01,,2026-09-29,
closed,lud_101_wh_hl_01,,2026-09-29,
closed,ben_063_wh_hl_01,,2026-09-29,
closed,noi_132_wh_hl_01,,2026-09-29,
closed,rok_102_wh_hl_01,,2026-09-29,
closed,ben_118_wh_hl_01,,2026-09-29,
closed,mum_067_wh_hl_01,,2026-09-29,
closed,ahm_133_wh_hl_01,,2026-09-29,
closed,rok_102_wh_hl_01,,2026-09-29,
closed,del_080_wh_hl_01,,2026-09-29,
closed,rpu_101_wh_hl_01,,2026-09-29,
closed,rwb_102_wh_hl_01,,2026-09-29,
closed,ben_223_wh_hl_01,,2026-09-29,
closed,del_017_wh_hl_01,,2026-09-29,
closed,guw_108_wh_hl_01,,2026-09-29,
closed,koz_103_wh_hl_01,,2026-09-29,
closed,ben_042_wh_hl_01,,2026-09-29,
closed,mum_067_wh_hl_01,,2026-09-29,
closed,coi_107_wh_hl_02,,2026-09-29,
closed,ahm_129_wh_hl_01,,2026-09-29,
closed,del_166_wh_hl_01,,2026-09-29,
closed,del_915_wh_hl_01,,2026-09-29,
closed,luc_117_wh_hl_01,,2026-09-29,
closed,del_017_wh_hl_01,,2026-09-29,
closed,del_061_wh_hl_01,,2026-09-29,
closed,kol_902_wh_hl_01,,2026-09-29,
closed,che_102_wh_hl_01,,2026-09-29,
closed,gur_122_wh_hl_01,,2026-09-29,
closed,che_125_wh_hl_01,,2026-09-29,
closed,gur_102_wh_hl_01,,2026-09-29,
closed,del_243_wh_hl_01,,2026-09-29,
closed,ahm_126_wh_hl_01,,2026-09-29,
closed,del_106_wh_hl_01,,2026-09-29,
closed,hyd_120_wh_hl_01,,2026-09-29,
closed,che_188_wh_hl_01,,2026-09-29,
closed,coi_110_wh_hl_01,,2026-09-29,
closed,mum_025_wh_hl_01,,2026-09-29,
closed,mum_110_wh_hl_01,,2026-09-29,
closed,del_160_wh_hl_01,,2026-09-29,
closed,rok_102_wh_hl_01,,2026-09-29,
closed,kol_139_wh_hl_01,,2026-09-29,
closed,kol_195_wh_hl_01,,2026-09-29,
closed,ahm_102_wh_hl_01,,2026-09-29,
closed,ghz_121_wh_hl_01,,2026-09-29,
closed,rok_108_wh_hl_01,,2026-09-29,
closed,che_143_wh_hl_01,,2026-09-29,
closed,pat_101_wh_hl_01,,2026-09-29,
closed,pun_117_wh_hl_01,,2026-09-29,
closed,hyd_172_wh_hl_01,,2026-09-29,
closed,kol_175_wh_hl_01,,2026-09-29,
closed,rpu_120_wh_hl_01,,2026-09-29,
closed,hyd_202_wh_hl_01,,2026-09-29,
closed,che_101_wh_hl_02,,2026-09-29,
closed,ben_179_wh_hl_01,,2026-09-29,
closed,guw_122_wh_hl_01,,2026-09-29,
closed,koz_103_wh_hl_01,,2026-09-29,
closed,del_118_wh_hl_01,,2026-09-29,
closed,coc_106_wh_hl_01,,2026-09-29,
closed,rta_104_wh_hl_01,,2026-09-29,
closed,far_104_wh_hl_01,,2026-09-29,
closed,rup_102_wh_hl_01,,2026-09-29,
closed,mum_025_wh_hl_01,,2026-09-29,
closed,ghz_121_wh_hl_01,,2026-09-29,
closed,vad_101_wh_hl_01,,2026-09-29,
closed,dnc_117_wh_hl_01,,2026-09-29,
closed,ghz_103_wh_hl_01,,2026-09-29,
closed,coi_104_wh_hl_01,,2026-09-29,
closed,hyd_178_wh_hl_01,,2026-09-29,
closed,coi_112_wh_hl_01,,2026-09-29,
closed,far_106_wh_hl_01,,2026-09-29,
closed,hyd_170_wh_hl_01,,2026-09-29,
closed,ben_216_wh_hl_01,,2026-09-29,
closed,che_139_wh_hl_01,,2026-09-29,
closed,rta_104_wh_hl_01,,2026-09-29,
closed,ben_018_wh_hl_01,,2026-09-29,
closed,coi_104_wh_hl_01,,2026-09-29,
closed,del_124_wh_hl_01,,2026-09-29,
closed,rup_102_wh_hl_01,,2026-09-29,
closed,del_023_wh_hl_01,,2026-09-29,
closed,ben_150_wh_hl_01,,2026-09-29,
closed,kol_172_wh_hl_01,,2026-09-29,
closed,ben_143_wh_hl_01,,2026-09-29,
closed,coi_106_wh_hl_01,,2026-09-29,
closed,pat_119_wh_hl_01,,2026-09-29,
closed,kol_105_wh_hl_01,,2026-09-29,
closed,rup_127_wh_hl_01,,2026-09-29,
closed,kol_105_wh_hl_01,,2026-09-29,
closed,ahm_103_wh_hl_01,,2026-09-29,
closed,del_123_wh_hl_01,,2026-09-29,
closed,ahm_131_wh_hl_01,,2026-09-29,
closed,ahm_122_wh_hl_01,,2026-09-29,
closed,del_195_wh_hl_01,,2026-09-29,
closed,ghz_114_wh_hl_01,,2026-09-29,
closed,del_104_wh_hl_01,,2026-09-29,
closed,del_010_wh_hl_01,,2026-09-29,
closed,rup_126_wh_hl_01,,2026-09-29,
closed,pun_154_wh_hl_01,,2026-09-29,
closed,kol_139_wh_hl_01,,2026-09-29,
closed,rta_104_wh_hl_01,,2026-09-29,
closed,rta_103_wh_hl_01,,2026-09-29,
closed,ahm_135_wh_hl_01,,2026-09-29,
closed,noi_102_wh_hl_01,,2026-09-29,
closed,var_106_wh_hl_01,,2026-09-29,
closed,coi_104_wh_hl_01,,2026-09-29,
closed,rwb_102_wh_hl_01,,2026-09-29,
closed,kol_163_wh_hl_01,,2026-09-29,
closed,ahm_109_wh_hl_01,,2026-09-29,
closed,mum_118_wh_hl_01,,2026-09-29,
closed,ben_238_wh_hl_01,,2026-09-29,
closed,del_078_wh_hl_01,,2026-09-29,
closed,che_121_wh_hl_01,,2026-09-29,
closed,gur_122_wh_hl_01,,2026-09-29,
closed,noi_102_wh_hl_01,,2026-09-29,
closed,pun_126_wh_hl_01,,2026-09-29,
closed,che_142_wh_hl_01,,2026-09-29,
closed,del_196_wh_hl_01,,2026-09-29,
closed,pun_112_wh_hl_01,,2026-09-29,
closed,far_105_wh_hl_01,,2026-09-29,
closed,kol_101_wh_hl_01,,2026-09-29,
closed,ben_018_wh_hl_01,,2026-09-29,
closed,gur_130_wh_hl_01,,2026-09-29,
closed,hyd_135_wh_hl_01,,2026-09-29,
closed,ghz_119_wh_hl_01,,2026-09-29,
closed,ahm_132_wh_hl_01,,2026-09-29,
closed,cha_108_wh_hl_01,,2026-09-29,
closed,noi_129_wh_hl_01,,2026-09-29,
closed,kol_103_wh_hl_01,,2026-09-29,
closed,luc_115_wh_hl_01,,2026-09-29,
closed,coi_112_wh_hl_01,,2026-09-29,
closed,ben_176_wh_hl_01,,2026-09-29,
closed,ben_257_wh_hl_01,,2026-09-29,
closed,jai_102_wh_hl_01,,2026-09-29,
closed,pat_118_wh_hl_01,,2026-09-29,
closed,che_126_wh_hl_01,,2026-09-29,
closed,ben_029_wh_hl_01,,2026-09-29,
closed,luc_119_wh_hl_01,,2026-09-29,
closed,che_195_wh_hl_01,,2026-09-29,
closed,del_118_wh_hl_01,,2026-09-29,
closed,roo_101_wh_hl_01,,2026-09-29,
closed,che_174_wh_hl_01,,2026-09-29,
closed,che_176_wh_hl_01,,2026-09-29,
closed,ben_125_wh_hl_01,,2026-09-29,
closed,kol_171_wh_hl_01,,2026-09-29,
closed,hyd_105_wh_hl_01,,2026-09-29,
closed,far_104_wh_hl_01,,2026-09-29,
closed,pun_121_wh_hl_01,,2026-09-29,
closed,rup_102_wh_hl_01,,2026-09-29,
closed,hyd_153_wh_hl_01,,2026-09-29,
closed,bhu_108_wh_hl_01,,2026-09-29,
closed,mum_061_wh_hl_01,,2026-09-29,
closed,vad_104_wh_hl_01,,2026-09-29,
closed,ahm_133_wh_hl_01,,2026-09-29,
closed,del_064_wh_hl_01,,2026-09-29,
closed,hyd_138_wh_hl_01,,2026-09-29,
closed,bom_045_wh_hl_01,,2026-09-29,
closed,mum_159_wh_hl_01,,2026-09-29,
closed,gur_113_wh_hl_01,,2026-09-29,
closed,che_176_wh_hl_01,,2026-09-29,
closed,coc_107_wh_hl_01,,2026-09-29,
closed,rok_102_wh_hl_01,,2026-09-29,
closed,hyd_181_wh_hl_01,,2026-09-29,
closed,cha_102_wh_hl_01,,2026-09-29,
closed,ahm_122_wh_hl_01,,2026-09-29,
closed,ahm_131_wh_hl_01,,2026-09-29,
closed,ben_118_wh_hl_01,,2026-09-29,
closed,rte_101_wh_hl_01,,2026-09-29,
closed,kol_128_wh_hl_01,,2026-09-29,
closed,pun_918_wh_hl_01,,2026-09-29,
closed,che_146_wh_hl_01,,2026-09-29,
closed,coi_106_wh_hl_01,,2026-09-29,
closed,far_107_wh_hl_01,,2026-09-29,
closed,kol_105_wh_hl_01,,2026-09-29,
closed,rpu_102_wh_hl_01,,2026-09-29,
closed,noi_102_wh_hl_01,,2026-09-29,
closed,luc_117_wh_hl_01,,2026-09-29,
closed,del_160_wh_hl_01,,2026-09-29,
closed,che_150_wh_hl_01,,2026-09-29,
closed,ghz_121_wh_hl_01,,2026-09-29,
closed,mum_152_wh_hl_01,,2026-09-29,
closed,gur_103_wh_hl_01,,2026-09-29,
closed,ahm_104_wh_hl_01,,2026-09-29,
closed,kol_109_wh_hl_01,,2026-09-29,
closed,coi_106_wh_hl_01,,2026-09-29,
closed,ben_043_wh_hl_01,,2026-09-29,
closed,guw_104_wh_hl_01,,2026-09-29,
closed,ghz_119_wh_hl_01,,2026-09-29,
closed,ben_108_wh_hl_01,,2026-09-29,
closed,kol_150_wh_hl_01,,2026-09-29,
closed,rup_111_wh_hl_01,,2026-09-29,
closed,ben_121_wh_hl_01,,2026-09-29,
closed,ahm_112_wh_hl_01,,2026-09-29,
closed,dnc_106_wh_hl_01,,2026-09-29,
closed,ben_201_wh_hl_01,,2026-09-29,
closed,jai_117_wh_hl_01,,2026-09-29,
closed,rup_111_wh_hl_01,,2026-09-29,
closed,del_160_wh_hl_01,,2026-09-29,
closed,ben_160_wh_hl_01,,2026-09-29,
closed,del_180_wh_hl_01,,2026-09-29,
closed,del_122_wh_hl_01,,2026-09-29,
closed,rpu_105_wh_hl_01,,2026-09-29,
closed,kol_105_wh_hl_01,,2026-09-29,
closed,ahm_127_wh_hl_01,,2026-09-29,
closed,pun_126_wh_hl_01,,2026-09-29,
closed,ben_013_wh_hl_01,,2026-09-29,
closed,rup_126_wh_hl_01,,2026-09-29,
closed,del_14_wh_hl_01,,2026-09-29,
closed,del_123_wh_hl_01,,2026-09-29,
closed,rup_142_wh_hl_01,,2026-09-29,
closed,hyd_186_wh_hl_01,,2026-09-29,
closed,del_163_wh_hl_01,,2026-09-29,
closed,ahm_104_wh_hl_01,,2026-09-29,
closed,pun_108_wh_hl_01,,2026-09-29,
closed,che_150_wh_hl_01,,2026-09-29,
closed,gur_122_wh_hl_01,,2026-09-29,
closed,rpu_105_wh_hl_01,,2026-09-29,
closed,rbi_134_wh_hl_01,,2026-09-29,
closed,del_178_wh_hl_01,,2026-09-29,
closed,ben_179_wh_hl_01,,2026-09-29,
closed,ben_243_wh_hl_01,,2026-09-29,
closed,ahm_111_wh_hl_01,,2026-09-29,
closed,hyd_159_wh_hl_01,,2026-09-29,
closed,hyd_161_wh_hl_01,,2026-09-29,
closed,rup_102_wh_hl_01,,2026-09-29,
closed,del_202_wh_hl_01,,2026-09-29,
closed,kol_104_wh_hl_01,,2026-09-29,
closed,noi_129_wh_hl_01,,2026-09-29,
closed,rup_142_wh_hl_01,,2026-09-29,
closed,hyd_112_wh_hl_01,,2026-09-29,
closed,ben_137_wh_hl_01,,2026-09-29,
closed,mum_061_wh_hl_01,,2026-09-29,
closed,del_195_wh_hl_01,,2026-09-29,
closed,kol_103_wh_hl_01,,2026-09-29,
closed,ahm_124_wh_hl_01,,2026-09-29,
closed,mum_159_wh_hl_01,,2026-09-29,
closed,pun_138_wh_hl_01,,2026-09-29,
closed,mum_151_wh_hl_01,,2026-09-29,
closed,hyd_119_wh_hl_01,,2026-09-29,
closed,pat_121_wh_hl_01,,2026-09-29,
closed,bhu_101_wh_hl_01,,2026-09-29,
closed,del_071_wh_hl_01,,2026-09-29,
closed,che_188_wh_hl_01,,2026-09-29,
closed,del_004_wh_hl_01,,2026-09-29,
closed,pat_115_wh_hl_01,,2026-09-29,
closed,che_176_wh_hl_01,,2026-09-29,
closed,rka_125_wh_hl_01,,2026-09-29,
closed,pun_117_wh_hl_01,,2026-09-29,
closed,kol_142_wh_hl_01,,2026-09-29,
closed,cha_108_wh_hl_01,,2026-09-29,
closed,del_106_wh_hl_01,,2026-09-29,
closed,rte_101_wh_hl_01,,2026-09-29,
closed,ben_018_wh_hl_01,,2026-09-29,
closed,mum_152_wh_hl_01,,2026-09-29,
closed,vad_104_wh_hl_01,,2026-09-29,
closed,hyd_119_wh_hl_01,,2026-09-29,
closed,pun_153_wh_hl_01,,2026-09-29,
closed,ben_105_wh_hl_01,,2026-09-29,
closed,ahm_131_wh_hl_01,,2026-09-29,
closed,kol_128_wh_hl_01,,2026-09-29,
closed,pat_112_wh_hl_01,,2026-09-29,
closed,kol_105_wh_hl_01,,2026-09-29,
closed,pun_126_wh_hl_01,,2026-09-29,
closed,dnc_102_wh_hl_01,,2026-09-29,
closed,mum_921_wh_hl_01,,2026-09-29,
closed,rte_101_wh_hl_01,,2026-09-29,
closed,jal_102_wh_hl_01,,2026-09-29,
closed,rta_111_wh_hl_01,,2026-09-29,
closed,rte_102_wh_hl_01,,2026-09-29,
closed,pun_126_wh_hl_01,,2026-09-29,
closed,del_188_wh_hl_01,,2026-09-29,
closed,del_196_wh_hl_01,,2026-09-29,
closed,mum_021_wh_hl_01,,2026-09-29,
closed,pun_115_wh_hl_01,,2026-09-29,
closed,ben_145_wh_hl_01,,2026-09-29,
closed,che_142_wh_hl_01,,2026-09-29,
closed,dnc_117_wh_hl_01,,2026-09-29,
closed,ghz_119_wh_hl_01,,2026-09-29,
closed,hyd_138_wh_hl_01,,2026-09-29,
closed,del_181_wh_hl_01,,2026-09-29,
closed,kol_106_wh_hl_01,,2026-09-29,
closed,hyd_147_wh_hl_01,,2026-09-29,
closed,del_010_wh_hl_01,,2026-09-29,
closed,che_146_wh_hl_01,,2026-09-29,
closed,ahm_917_wh_hl_01,,2026-09-29,
closed,hyd_153_wh_hl_01,,2026-09-29,
closed,hyd_159_wh_hl_01,,2026-09-29,
closed,noi_143_wh_hl_01,,2026-09-29,
closed,che_134_wh_hl_01,,2026-09-29,
closed,mum_118_wh_hl_01,,2026-09-29,
closed,del_957_wh_hl_01,,2026-09-29,
closed,che_124_wh_hl_01,,2026-09-29,
closed,pun_108_wh_hl_01,,2026-09-29,
closed,del_128_wh_hl_01,,2026-09-29,
closed,gur_130_wh_hl_01,,2026-09-29,
closed,kol_103_wh_hl_01,,2026-09-29,
closed,ben_143_wh_hl_01,,2026-09-29,
closed,rta_102_wh_hl_01,,2026-09-29,
closed,noi_139_wh_hl_01,,2026-09-29,
closed,rta_111_wh_hl_01,,2026-09-29,
closed,noi_129_wh_hl_01,,2026-09-29,
closed,del_025_wh_hl_01,,2026-09-29,
closed,rup_142_wh_hl_01,,2026-09-29,
closed,noi_102_wh_hl_01,,2026-09-29,
closed,rbi_134_wh_hl_01,,2026-09-29,
closed,rta_102_wh_hl_01,,2026-09-29,
closed,gur_121_wh_hl_01,,2026-09-29,
closed,rta_101_wh_hl_01,,2026-09-29,
closed,del_195_wh_hl_01,,2026-09-29,
closed,mum_115_wh_hl_01,,2026-09-29,
closed,ben_117_wh_hl_01,,2026-09-29,
closed,luc_115_wh_hl_01,,2026-09-29,
closed,bom_045_wh_hl_01,,2026-09-29,
closed,ahm_124_wh_hl_01,,2026-09-29,
closed,hyd_120_wh_hl_01,,2026-09-29,
closed,hyd_120_wh_hl_01,,2026-09-29,
closed,mum_159_wh_hl_01,,2026-09-29,
closed,che_122_wh_hl_01,,2026-09-29,
closed,hyd_105_wh_hl_01,,2026-09-29,
closed,che_176_wh_hl_01,,2026-09-29,
closed,ahm_111_wh_hl_01,,2026-09-29,
closed,dnc_117_wh_hl_01,,2026-09-29,
closed,del_901_wh_hl_01,,2026-09-29,
closed,del_195_wh_hl_01,,2026-09-29,
closed,che_176_wh_hl_01,,2026-09-29,
closed,ben_152_wh_hl_01,,2026-09-29,
closed,pun_138_wh_hl_01,,2026-09-29,
closed,mum_109_wh_hl_01,,2026-09-29,
closed,rok_102_wh_hl_01,,2026-09-29,
closed,del_141_wh_hl_01,,2026-09-29,
closed,che_174_wh_hl_01,,2026-09-29,
closed,guw_107_wh_hl_01,,2026-09-29,
closed,rpu_105_wh_hl_01,,2026-09-29,
closed,rup_133_wh_hl_01,,2026-09-29,
closed,rup_133_wh_hl_01,,2026-09-29,
closed,ahm_136_wh_hl_01,,2026-09-29,
closed,pun_138_wh_hl_01,,2026-09-29,
closed,del_064_wh_hl_01,,2026-09-29,
closed,pun_145_wh_hl_01,,2026-09-29,
closed,noi_102_wh_hl_01,,2026-09-29,
closed,pat_115_wh_hl_01,,2026-09-29,
closed,rjh_106_wh_hl_01,,2026-09-29,
closed,luc_117_wh_hl_01,,2026-09-29,
closed,jal_103_wh_hl_01,,2026-09-29,
closed,coi_103_wh_hl_01,,2026-09-29,
closed,mum_102_wh_hl_01,,2026-09-29,
closed,jai_127_wh_hl_01,,2026-09-29,
closed,jal_102_wh_hl_01,,2026-09-29,
closed,coi_110_wh_hl_01,,2026-09-29,
closed,pun_122_wh_hl_01,,2026-09-29,
closed,hub_102_wh_hl_01,,2026-09-29,
closed,kol_105_wh_hl_01,,2026-09-29,
closed,rpu_107_wh_hl_01,,2026-09-29,
closed,rpu_122_wh_hl_01,,2026-09-29,
closed,cha_104_wh_hl_01,,2026-09-29,
closed,del_160_wh_hl_01,,2026-09-29,
closed,rup_126_wh_hl_01,,2026-09-29,
closed,che_121_wh_hl_01,,2026-09-29,
closed,rpu_107_wh_hl_01,,2026-09-29,
closed,kol_105_wh_hl_01,,2026-09-29,
closed,kol_103_wh_hl_01,,2026-09-29,
closed,kol_165_wh_hl_01,,2026-09-29,
closed,cha_102_wh_hl_01,,2026-09-29,
closed,noi_102_wh_hl_01,,2026-09-29,
closed,gur_109_wh_hl_01,,2026-09-29,
closed,gur_127_wh_hl_01,,2026-09-29,
closed,kol_103_wh_hl_01,,2026-09-29,
closed,hyd_147_wh_hl_01,,2026-09-29,
closed,pun_108_wh_hl_01,,2026-09-29,
closed,che_159_wh_hl_01,,2026-09-29,
closed,del_007_wh_hl_01,,2026-09-29,
closed,del_193_wh_hl_01,,2026-09-29,
closed,pun_154_wh_hl_01,,2026-09-29,
closed,ben_105_wh_hl_01,,2026-09-29,
closed,ghz_121_wh_hl_01,,2026-09-29,
closed,rbi_102_wh_hl_01,,2026-09-29,
closed,ben_058_wh_hl_01,,2026-09-29,
closed,hyd_152_wh_hl_01,,2026-09-29,
closed,hyd_150_wh_hl_01,,2026-09-29,
closed,hyd_138_wh_hl_01,,2026-09-29,
closed,pun_126_wh_hl_01,,2026-09-29,
closed,ahm_133_wh_hl_01,,2026-09-29,
closed,ahm_132_wh_hl_01,,2026-09-29,
closed,ben_265_wh_hl_01,,2026-09-29,
closed,dnc_117_wh_hl_01,,2026-09-29,
closed,ben_155_wh_hl_01,,2026-09-29,
closed,gur_112_wh_hl_01,,2026-09-29,
closed,del_158_wh_hl_01,,2026-09-29,
closed,che_115_wh_hl_01,,2026-09-29,
closed,ben_042_wh_hl_01,,2026-09-29,
closed,ben_195_wh_hl_01,,2026-09-29,
closed,hyd_104_wh_hl_01,,2026-09-29,
closed,rok_102_wh_hl_01,,2026-09-29,
closed,rta_102_wh_hl_01,,2026-09-29,
closed,mum_043_wh_hl_01,,2026-09-29,
closed,del_188_wh_hl_01,,2026-09-29,
closed,del_142_wh_hl_01,,2026-09-29,
closed,pun_117_wh_hl_01,,2026-09-29,
closed,hyd_120_wh_hl_01,,2026-09-29,
closed,ben_147_wh_hl_01,,2026-09-29,
closed,rup_102_wh_hl_01,,2026-09-29,
closed,pat_102_wh_hl_01,,2026-09-29,
closed,vad_104_wh_hl_01,,2026-09-29,
closed,ben_128_wh_hl_01,,2026-09-29,
closed,che_176_wh_hl_01,,2026-09-29,
closed,dnc_117_wh_hl_01,,2026-09-29,
closed,ben_223_wh_hl_01,,2026-09-29,
closed,ahm_103_wh_hl_01,,2026-09-29,
closed,rka_125_wh_hl_01,,2026-09-29,
closed,ahm_136_wh_hl_01,,2026-09-29,
closed,kol_163_wh_hl_01,,2026-09-29,
closed,del_181_wh_hl_01,,2026-09-29,
closed,mum_118_wh_hl_01,,2026-09-29,
closed,ahm_122_wh_hl_01,,2026-09-29,
closed,hyd_135_wh_hl_01,,2026-09-29,
closed,pun_128_wh_hl_01,,2026-09-29,
closed,hyd_135_wh_hl_01,,2026-09-29,
closed,pun_138_wh_hl_01,,2026-09-29,
closed,rup_118_wh_hl_01,,2026-09-29,
closed,lud_101_wh_hl_01,,2026-09-29,
closed,che_150_wh_hl_01,,2026-09-29,
closed,rok_102_wh_hl_01,,2026-09-29,
closed,del_007_wh_hl_01,,2026-09-29,
closed,hyd_120_wh_hl_01,,2026-09-29,
closed,ben_155_wh_hl_01,,2026-09-29,
closed,del_14_wh_hl_01,,2026-09-29,
closed,del_181_wh_hl_01,,2026-09-29,
closed,hyd_172_wh_hl_01,,2026-09-29,
closed,ahm_128_wh_hl_01,,2026-09-29,
closed,rka_119_wh_hl_01,,2026-09-29,
closed,lud_104_wh_hl_01,,2026-09-29,
closed,pun_107_wh_hl_01,,2026-09-29,
closed,mum_140_wh_hl_01,,2026-09-29,
closed,noi_143_wh_hl_01,,2026-09-29,
closed,rka_122_wh_hl_01,,2026-09-29,
closed,lud_102_wh_hl_01,,2026-09-29,
closed,pun_124_wh_hl_01,,2026-09-29,
closed,pun_119_wh_hl_01,,2026-09-29,
closed,ahm_133_wh_hl_01,,2026-09-29,
closed,del_243_wh_hl_01,,2026-09-29,
closed,che_146_wh_hl_01,,2026-09-29,
closed,che_159_wh_hl_01,,2026-09-29,
closed,gur_122_wh_hl_01,,2026-09-29,
closed,hyd_109_wh_hl_01,,2026-09-29,
closed,kol_103_wh_hl_01,,2026-09-29,
closed,noi_102_wh_hl_01,,2026-09-29,
closed,guw_104_wh_hl_01,,2026-09-29,
closed,coi_104_wh_hl_01,,2026-09-29,
closed,luc_117_wh_hl_01,,2026-09-29,
closed,kol_103_wh_hl_01,,2026-09-29,
closed,kol_139_wh_hl_01,,2026-09-29,
closed,kol_176_wh_hl_01,,2026-09-29,
closed,ahm_133_wh_hl_01,,2026-09-29,
closed,del_209_wh_hl_01,,2026-09-29,
closed,mum_067_wh_hl_01,,2026-09-29,
closed,hyd_131_wh_hl_01,,2026-09-29,
closed,del_243_wh_hl_01,,2026-09-29,
closed,noi_107_wh_hl_01,,2026-09-29,
closed,rka_122_wh_hl_01,,2026-09-29,
closed,ben_121_wh_hl_01,,2026-09-29,
closed,ghz_119_wh_hl_01,,2026-09-29,
closed,kol_109_wh_hl_01,,2026-09-29,
closed,kol_109_wh_hl_01,,2026-09-29,
closed,rka_127_wh_hl_01,,2026-09-29,
closed,ben_241_wh_hl_01,,2026-09-29,
closed,rok_108_wh_hl_01,,2026-09-29,
closed,del_180_wh_hl_01,,2026-09-29,
closed,del_023_wh_hl_01,,2026-09-29,
closed,ghz_119_wh_hl_01,,2026-09-29,
closed,ghz_106_wh_hl_01,,2026-09-29,
closed,hyd_185_wh_hl_01,,2026-09-29,
closed,ben_210_wh_hl_01,,2026-09-29,
closed,pun_108_wh_hl_01,,2026-09-29,
closed,kol_133_wh_hl_01,,2026-09-29,
closed,coi_109_wh_hl_01,,2026-09-29,
closed,noi_106_wh_hl_01,,2026-09-29,
closed,ahm_112_wh_hl_01,,2026-09-29,
closed,vel_101_wh_hl_01,,2026-09-29,
closed,ghz_104_wh_hl_01,,2026-09-29,
closed,ben_219_wh_hl_01,,2026-09-29,
closed,ben_160_wh_hl_01,,2026-09-29,
closed,rup_137_wh_hl_01,,2026-09-29,
closed,pun_135_wh_hl_01,,2026-09-29,
closed,hyd_180_wh_hl_01,,2026-09-29,
closed,pun_138_wh_hl_01,,2026-09-29,
closed,mum_159_wh_hl_01,,2026-09-29,
closed,del_140_wh_hl_01,,2026-09-29,
closed,ben_103_wh_hl_01,,2026-09-29,
closed,del_178_wh_hl_01,,2026-09-29,
closed,che_102_wh_hl_01,,2026-09-29,
closed,lud_101_wh_hl_01,,2026-09-29,
closed,che_196_wh_hl_01,,2026-09-29,
closed,rte_101_wh_hl_01,,2026-09-29,
closed,hyd_105_wh_hl_01,,2026-09-29,
closed,rok_109_wh_hl_01,,2026-09-29,
closed,ahm_104_wh_hl_01,,2026-09-29,
closed,che_139_wh_hl_01,,2026-09-29,
closed,hyd_172_wh_hl_01,,2026-09-29,
closed,mum_152_wh_hl_01,,2026-09-29,
closed,ben_034_wh_hl_01,,2026-09-29,
closed,ahm_122_wh_hl_01,,2026-09-29,
closed,che_179_wh_hl_01,,2026-09-29,
closed,hyd_189_wh_hl_01,,2026-09-29,
closed,rup_118_wh_hl_01,,2026-09-29,
closed,pat_102_wh_hl_01,,2026-09-29,
closed,gur_130_wh_hl_01,,2026-09-29,
closed,kol_103_wh_hl_01,,2026-09-29,
closed,del_158_wh_hl_01,,2026-09-29,
closed,pat_113_wh_hl_01,,2026-09-29,
closed,rpu_107_wh_hl_01,,2026-09-29,
closed,rka_111_wh_hl_01,,2026-09-29,
closed,coi_103_wh_hl_01,,2026-09-29,
closed,ahm_131_wh_hl_01,,2026-09-29,
closed,coi_103_wh_hl_01,,2026-09-29,
closed,ghz_111_wh_hl_01,,2026-09-29,
closed,rpu_102_wh_hl_01,,2026-09-29,
closed,pun_108_wh_hl_01,,2026-09-29,
closed,rup_105_wh_hl_01,,2026-09-29,
closed,kol_105_wh_hl_01,,2026-09-29,
closed,ghz_111_wh_hl_01,,2026-09-29,
closed,pun_106_wh_hl_01,,2026-09-29,
closed,mum_109_wh_hl_01,,2026-09-29,
closed,gur_121_wh_hl_01,,2026-09-29,
closed,hyd_152_wh_hl_01,,2026-09-29,
closed,hyd_150_wh_hl_01,,2026-09-29,
closed,ahm_109_wh_hl_01,,2026-09-29,
closed,ben_109_wh_hl_01,,2026-09-29,
closed,pun_918_wh_hl_01,,2026-09-29,
closed,hyd_108_wh_hl_01,,2026-09-29,
closed,pun_104_wh_hl_01,,2026-09-29,
closed,hyd_151_wh_hl_01,,2026-09-29,
closed,hyd_167_wh_hl_01,,2026-09-29,
closed,ben_036_wh_hl_01,,2026-09-29,
closed,del_025_wh_hl_01,,2026-09-29,
closed,mum_151_wh_hl_01,,2026-09-29,
closed,ahm_127_wh_hl_01,,2026-09-29,
closed,ben_231_wh_hl_01,,2026-09-29,
closed,kol_200_wh_hl_01,,2026-09-29,
closed,del_188_wh_hl_01,,2026-09-29,
closed,kol_136_wh_hl_01,,2026-09-29,
closed,rwb_106_wh_hl_01,,2026-09-29,
closed,del_188_wh_hl_01,,2026-09-29,
closed,kol_105_wh_hl_01,,2026-09-29,
closed,rta_103_wh_hl_01,,2026-09-29,
closed,pun_121_wh_hl_01,,2026-09-29,
closed,hyd_139_wh_hl_01,,2026-09-29,
closed,kol_198_wh_hl_01,,2026-09-29,
closed,che_103_wh_hl_01,,2026-09-29,
closed,ahm_104_wh_hl_01,,2026-09-29,
closed,ahm_104_wh_hl_01,,2026-09-29,
closed,ghz_121_wh_hl_01,,2026-09-29,
closed,ben_223_wh_hl_01,,2026-09-29,
closed,ghz_119_wh_hl_01,,2026-09-29,
closed,noi_129_wh_hl_01,,2026-09-29,
closed,guw_106_wh_hl_01,,2026-09-29,
closed,far_104_wh_hl_01,,2026-09-29,
closed,che_192_wh_hl_01,,2026-09-29,
closed,luc_110_wh_hl_01,,2026-09-29,
closed,ben_040_wh_hl_01,,2026-09-29,
closed,mum_110_wh_hl_01,,2026-09-29,
closed,pun_130_wh_hl_01,,2026-09-29,
closed,hyd_139_wh_hl_01,,2026-09-29,
closed,dnc_117_wh_hl_01,,2026-09-29,
closed,pun_145_wh_hl_01,,2026-09-29,
closed,kol_103_wh_hl_01,,2026-09-29,
closed,ben_216_wh_hl_01,,2026-09-29,
closed,rta_101_wh_hl_01,,2026-09-29,
closed,rte_101_wh_hl_01,,2026-09-29,
closed,ahm_101_wh_hl_01,,2026-09-29,
closed,che_176_wh_hl_01,,2026-09-29,
closed,ahm_104_wh_hl_01,,2026-09-29,
closed,mum_113_wh_hl_01,,2026-09-29,
closed,pat_102_wh_hl_01,,2026-09-29,
closed,pun_153_wh_hl_01,,2026-09-29,
closed,che_126_wh_hl_01,,2026-09-29,
closed,pun_145_wh_hl_01,,2026-09-29,
closed,pun_145_wh_hl_01,,2026-09-29,
closed,hyd_127_wh_hl_01,,2026-09-29,
closed,rup_129_wh_hl_01,,2026-09-29,
closed,koz_103_wh_hl_01,,2026-09-29,
closed,del_018_wh_hl_01,,2026-09-29,
closed,ahm_142_wh_hl_01,,2026-09-29,
closed,vad_101_wh_hl_01,,2026-09-29,
closed,del_195_wh_hl_01,,2026-09-29,
closed,del_200_wh_hl_01,,2026-09-29,
closed,ben_105_wh_hl_01,,2026-09-29,
closed,coi_109_wh_hl_01,,2026-09-29,
closed,che_126_wh_hl_01,,2026-09-29,
closed,ben_143_wh_hl_01,,2026-09-29,
closed,hyd_106_wh_hl_01,,2026-09-29,
closed,del_122_wh_hl_01,,2026-09-29,
closed,rbi_122_wh_hl_01,,2026-09-29,
closed,luc_122_wh_hl_01,,2026-09-29,
closed,mum_033_wh_hl_01,,2026-09-29,
closed,ghz_118_wh_hl_01,,2026-09-29,
closed,ahm_104_wh_hl_01,,2026-09-29,
closed,kol_176_wh_hl_01,,2026-09-29,
closed,gur_115_wh_hl_01,,2026-09-29,
closed,hyd_154_wh_hl_01,,2026-09-29,
closed,kol_105_wh_hl_01,,2026-09-29,
closed,hyd_150_wh_hl_01,,2026-09-29,
closed,gur_129_wh_hl_01,,2026-09-29,
closed,ben_050_wh_hl_01,,2026-09-29,
closed,gur_104_wh_hl_01,,2026-09-29,
closed,far_107_wh_hl_01,,2026-09-29,
closed,rbi_134_wh_hl_01,,2026-09-29,
closed,ben_241_wh_hl_01,,2026-09-29,
closed,noi_102_wh_hl_01,,2026-09-29,
closed,kol_105_wh_hl_01,,2026-09-29,
closed,coi_105_wh_hl_01,,2026-09-29,
closed,vad_101_wh_hl_01,,2026-09-29,
closed,ben_118_wh_hl_01,,2026-09-29,
closed,ben_174_wh_hl_01,,2026-09-29,
closed,coi_109_wh_hl_01,,2026-09-29,
closed,del_001_wh_hl_01,,2026-09-29,
closed,mum_110_wh_hl_01,,2026-09-29,
closed,ghz_121_wh_hl_01,,2026-09-29,
closed,rka_113_wh_hl_01,,2026-09-29,
closed,kol_105_wh_hl_01,,2026-09-29,
closed,coi_106_wh_hl_01,,2026-09-29,
closed,mum_067_wh_hl_01,,2026-09-29,
closed,che_176_wh_hl_01,,2026-09-29,
closed,ben_174_wh_hl_01,,2026-09-29,
closed,rbi_135_wh_hl_01,,2026-09-29,
closed,ben_043_wh_hl_01,,2026-09-29,
closed,del_158_wh_hl_01,,2026-09-29,
closed,ahm_101_wh_hl_01,,2026-09-29,
closed,koz_103_wh_hl_01,,2026-09-29,
closed,koz_104_wh_hl_01,,2026-09-29,
closed,pun_145_wh_hl_01,,2026-09-29,
closed,gur_117_wh_hl_01,,2026-09-29,
closed,hyd_102_wh_hl_01,,2026-09-29,
closed,jai_110_wh_hl_01,,2026-09-29,
closed,ben_007_wh_hl_01,,2026-09-29,
closed,mum_103_wh_hl_01,,2026-09-29,
closed,far_104_wh_hl_01,,2026-09-29,
closed,hyd_140_wh_hl_01,,2026-09-29,
closed,gur_121_wh_hl_01,,2026-09-29,
closed,ben_125_wh_hl_01,,2026-09-29,
closed,vad_101_wh_hl_01,,2026-09-29,
closed,del_14_wh_hl_01,,2026-09-29,
closed,ben_195_wh_hl_01,,2026-09-29,
closed,jai_127_wh_hl_01,,2026-09-29,
closed,mum_110_wh_hl_01,,2026-09-29,
closed,ben_007_wh_hl_01,,2026-09-29,
closed,dnc_117_wh_hl_01,,2026-09-29,
closed,luc_117_wh_hl_01,,2026-09-29,
closed,del_112_wh_hl_01,,2026-09-29,
closed,ahm_101_wh_hl_01,,2026-09-29,
closed,del_915_wh_hl_01,,2026-09-29,
closed,rta_104_wh_hl_01,,2026-09-29,
closed,coc_107_wh_hl_01,,2026-09-29,
closed,hyd_153_wh_hl_01,,2026-09-29,
closed,mum_113_wh_hl_01,,2026-09-29,
closed,rpu_122_wh_hl_01,,2026-09-29,
closed,jai_118_wh_hl_01,,2026-09-29,
closed,ghz_106_wh_hl_01,,2026-09-29,
closed,kol_101_wh_hl_01,,2026-09-29,
closed,che_179_wh_hl_01,,2026-09-29,
closed,jai_106_wh_hl_01,,2026-09-29,
closed,che_179_wh_hl_01,,2026-09-29,
closed,mum_061_wh_hl_01,,2026-09-29,
closed,che_107_wh_hl_01,,2026-09-29,
closed,bhu_107_wh_hl_01,,2026-09-29,
closed,kol_103_wh_hl_01,,2026-09-29,
closed,hyd_115_wh_hl_01,,2026-09-29,
closed,hyd_120_wh_hl_01,,2026-09-29,
closed,hyd_135_wh_hl_01,,2026-09-29,
closed,hyd_172_wh_hl_01,,2026-09-29,
closed,mum_043_wh_hl_01,,2026-09-29,
closed,pun_145_wh_hl_01,,2026-09-29,
closed,pun_130_wh_hl_01,,2026-09-29,
closed,hyd_127_wh_hl_01,,2026-09-29,
closed,che_105_wh_hl_01,,2026-09-29,
closed,ben_120_wh_hl_01,,2026-09-29,
closed,ben_162_wh_hl_01,,2026-09-29,
closed,ras_107_wh_hl_01,,2026-09-29,
closed,lud_102_wh_hl_01,,2026-09-29,
closed,mum_102_wh_hl_01,,2026-09-29,
closed,rta_110_wh_hl_01,,2026-09-29,
closed,kol_105_wh_hl_01,,2026-09-29,
closed,del_126_wh_hl_01,,2026-09-29,
closed,ben_110_wh_hl_01,,2026-09-29,
closed,ahm_133_wh_hl_01,,2026-09-29,
closed,ghz_121_wh_hl_01,,2026-09-29,
closed,kol_105_wh_hl_01,,2026-09-29,
closed,del_166_wh_hl_01,,2026-09-29,
closed,lud_101_wh_hl_01,,2026-09-29,
closed,pat_101_wh_hl_01,,2026-09-29,
closed,mum_126_wh_hl_01,,2026-09-29,
closed,pun_136_wh_hl_01,,2026-09-29,
closed,gur_113_wh_hl_01,,2026-09-29,
closed,hyd_154_wh_hl_01,,2026-09-29,
closed,noi_102_wh_hl_01,,2026-09-29,
closed,noi_102_wh_hl_01,,2026-09-29,
closed,del_195_wh_hl_01,,2026-09-29,
closed,hyd_122_wh_hl_01,,2026-09-29,
closed,del_166_wh_hl_01,,2026-09-29,
closed,kol_177_wh_hl_01,,2026-09-29,
closed,rpu_104_wh_hl_01,,2026-09-29,
closed,del_124_wh_hl_01,,2026-09-29,
closed,del_142_wh_hl_01,,2026-09-29,
closed,ahm_114_wh_hl_01,,2026-09-29,
closed,ben_003_wh_hl_01,,2026-09-29,
closed,del_078_wh_hl_01,,2026-09-29,
closed,rok_102_wh_hl_01,,2026-09-29,
closed,ben_128_wh_hl_01,,2026-09-29,
closed,pun_109_wh_hl_01,,2026-09-29,
closed,ghz_121_wh_hl_01,,2026-09-29,
closed,pun_115_wh_hl_01,,2026-09-29,
closed,ben_160_wh_hl_01,,2026-09-29,
closed,del_243_wh_hl_01,,2026-09-29,
closed,guw_108_wh_hl_01,,2026-09-29,
closed,hyd_174_wh_hl_01,,2026-09-29,
closed,ahm_127_wh_hl_01,,2026-09-29,
closed,ahm_127_wh_hl_01,,2026-09-29,
closed,ahm_126_wh_hl_01,,2026-09-29,
closed,che_176_wh_hl_01,,2026-09-29,
closed,hyd_139_wh_hl_01,,2026-09-29,
closed,pat_102_wh_hl_01,,2026-09-29,
closed,che_184_wh_hl_01,,2026-09-29,
closed,kol_103_wh_hl_01,,2026-09-29,
closed,hyd_115_wh_hl_01,,2026-09-29,
closed,hyd_135_wh_hl_01,,2026-09-29,
closed,hyd_117_wh_hl_01,,2026-09-29,
closed,del_039_wh_hl_01,,2026-09-29,
closed,luc_134_wh_hl_01,,2026-09-29,
closed,del_004_wh_hl_01,,2026-09-29,
closed,hyd_139_wh_hl_01,,2026-09-29,
closed,ahm_132_wh_hl_01,,2026-09-29,
closed,ben_034_wh_hl_01,,2026-09-29,
closed,ghz_102_wh_hl_01,,2026-09-29,
closed,rup_118_wh_hl_01,,2026-09-29,
closed,ben_167_wh_hl_01,,2026-09-29,
closed,che_176_wh_hl_01,,2026-09-29,
closed,che_110_wh_hl_01,,2026-09-29,
closed,ben_223_wh_hl_01,,2026-09-29,
closed,che_195_wh_hl_01,,2026-09-29,
closed,ben_243_wh_hl_01,,2026-09-29,
closed,mum_140_wh_hl_01,,2026-09-29,
closed,kol_135_wh_hl_01,,2026-09-29,
closed,mum_109_wh_hl_01,,2026-09-29,
closed,pat_102_wh_hl_01,,2026-09-29,
closed,hyd_139_wh_hl_01,,2026-09-29,
closed,ben_007_wh_hl_01,,2026-09-29,
closed,del_124_wh_hl_01,,2026-09-29,
closed,pun_138_wh_hl_01,,2026-09-29,
closed,rup_118_wh_hl_01,,2026-09-29,
closed,gur_108_wh_hl_01,,2026-09-29,
closed,ahm_124_wh_hl_01,,2026-09-29,
closed,rpu_104_wh_hl_01,,2026-09-29,
closed,mum_118_wh_hl_01,,2026-09-29,
closed,lud_102_wh_hl_01,,2026-09-29,
closed,del_042_wh_hl_01,,2026-09-29,
closed,kol_110_wh_hl_01,,2026-09-29,
closed,del_026_wh_hl_01,,2026-09-29,
closed,luc_122_wh_hl_01,,2026-09-29,
closed,kol_176_wh_hl_01,,2026-09-29,
closed,del_188_wh_hl_01,,2026-09-29,
closed,pun_104_wh_hl_01,,2026-09-29,
closed,kol_195_wh_hl_01,,2026-09-29,
closed,noi_132_wh_hl_01,,2026-09-29,
closed,rup_126_wh_hl_01,,2026-09-29,
closed,coi_103_wh_hl_01,,2026-09-29,
closed,ben_013_wh_hl_01,,2026-09-29,
closed,gur_122_wh_hl_01,,2026-09-29,
closed,kol_105_wh_hl_01,,2026-09-29,
closed,rwb_107_wh_hl_01,,2026-09-29,
closed,del_017_wh_hl_01,,2026-09-29,
closed,gur_118_wh_hl_01,,2026-09-29,
closed,del_181_wh_hl_01,,2026-09-29,
closed,noi_108_wh_hl_01,,2026-09-29,
closed,kol_103_wh_hl_01,,2026-09-29,
closed,roo_101_wh_hl_01,,2026-09-29,
closed,del_195_wh_hl_01,,2026-09-29,
closed,rbi_134_wh_hl_01,,2026-09-29,
closed,hyd_124_wh_hl_01,,2026-09-29,
closed,ben_160_wh_hl_01,,2026-09-29,
closed,del_180_wh_hl_01,,2026-09-29,
closed,kol_109_wh_hl_01,,2026-09-29,
closed,rup_131_wh_hl_01,,2026-09-29,
closed,guw_122_wh_hl_01,,2026-09-29,
closed,del_14_wh_hl_01,,2026-09-29,
closed,del_188_wh_hl_01,,2026-09-29,
closed,ahm_131_wh_hl_01,,2026-09-29,
closed,ghz_112_wh_hl_01,,2026-09-29,
closed,rup_126_wh_hl_01,,2026-09-29,
closed,gur_114_wh_hl_01,,2026-09-29,
closed,hyd_110_wh_hl_01,,2026-09-29,
closed,mum_921_wh_hl_01,,2026-09-29,
closed,del_180_wh_hl_01,,2026-09-29,
closed,rup_126_wh_hl_01,,2026-09-29,
closed,del_196_wh_hl_01,,2026-09-29,
closed,che_176_wh_hl_01,,2026-09-29,
closed,rup_102_wh_hl_01,,2026-09-29,
closed,ben_143_wh_hl_01,,2026-09-29,
closed,pun_122_wh_hl_01,,2026-09-29,
closed,del_010_wh_hl_01,,2026-09-29,
closed,coi_109_wh_hl_01,,2026-09-29,
closed,che_162_wh_hl_01,,2026-09-29,
closed,pun_117_wh_hl_01,,2026-09-29,
closed,rta_103_wh_hl_01,,2026-09-29,
closed,che_184_wh_hl_01,,2026-09-29,
closed,rka_118_wh_hl_01,,2026-09-29,
closed,jai_113_wh_hl_01,,2026-09-29,
closed,del_181_wh_hl_01,,2026-09-29,
closed,ahm_128_wh_hl_01,,2026-09-29,
closed,koz_105_wh_hl_01,,2026-09-29,
closed,ahm_142_wh_hl_01,,2026-09-29,
closed,hyd_102_wh_hl_01,,2026-09-29,
closed,guw_128_wh_hl_01,,2026-09-29,
closed,hyd_140_wh_hl_01,,2026-09-29,
closed,ben_147_wh_hl_01,,2026-09-29,
closed,ben_123_wh_hl_01,,2026-09-29,
closed,del_017_wh_hl_01,,2026-09-29,
closed,del_118_wh_hl_01,,2026-09-29,
closed,che_149_wh_hl_01,,2026-09-29,
closed,mum_150_wh_hl_01,,2026-09-29,
closed,ben_243_wh_hl_01,,2026-09-29,
closed,ahm_101_wh_hl_01,,2026-09-29,
closed,rup_142_wh_hl_01,,2026-09-29,
closed,del_195_wh_hl_01,,2026-09-29,
closed,koz_105_wh_hl_01,,2026-09-29,
closed,rup_102_wh_hl_01,,2026-09-29,
closed,hyd_115_wh_hl_01,,2026-09-29,
closed,del_124_wh_hl_01,,2026-09-29,
closed,luc_101_wh_hl_01,,2026-09-29,
closed,vad_104_wh_hl_01,,2026-09-29,
closed,rpu_103_wh_hl_01,,2026-09-29,
closed,del_047_wh_hl_01,,2026-09-29,
closed,rta_102_wh_hl_01,,2026-09-29,
closed,noi_114_wh_hl_01,,2026-09-29,
closed,coc_107_wh_hl_01,,2026-09-29,
closed,rpu_117_wh_hl_01,,2026-09-29,
closed,kol_126_wh_hl_01,,2026-09-29,
closed,ben_125_wh_hl_01,,2026-09-29,
closed,ben_016_wh_hl_01,,2026-09-29,
closed,che_176_wh_hl_01,,2026-09-29,
closed,rta_104_wh_hl_01,,2026-09-29,
closed,rok_102_wh_hl_01,,2026-09-29,
closed,hyd_159_wh_hl_01,,2026-09-29,
closed,ben_240_wh_hl_01,,2026-09-29,
closed,jal_102_wh_hl_01,,2026-09-29,
closed,kol_116_wh_hl_01,,2026-09-29,
closed,ben_240_wh_hl_01,,2026-09-29,
closed,rte_102_wh_hl_01,,2026-09-29,
closed,lud_104_wh_hl_01,,2026-09-29,
closed,del_048_wh_hl_01,,2026-09-29,
closed,del_188_wh_hl_01,,2026-09-29,
closed,del_197_wh_hl_01,,2026-09-29,
closed,pun_126_wh_hl_01,,2026-09-29,
closed,rta_102_wh_hl_01,,2026-09-29,
closed,che_110_wh_hl_01,,2026-09-29,
closed,mum_075_wh_hl_01,,2026-09-29,
closed,kol_114_wh_hl_01,,2026-09-29,
closed,ahm_131_wh_hl_01,,2026-09-29,
closed,del_143_wh_hl_01,,2026-09-29,
closed,ghz_111_wh_hl_01,,2026-09-29,
closed,del_142_wh_hl_01,,2026-09-29,
closed,ghz_119_wh_hl_01,,2026-09-29,
closed,che_107_wh_hl_01,,2026-09-29,
closed,guw_121_wh_hl_01,,2026-09-29,
closed,hyd_167_wh_hl_01,,2026-09-29,
closed,che_105_wh_hl_01,,2026-09-29,
closed,hyd_103_wh_hl_01,,2026-09-29,
closed,che_179_wh_hl_01,,2026-09-29,
closed,kol_105_wh_hl_01,,2026-09-29,
closed,pun_102_wh_hl_01,,2026-09-29,
closed,hyd_103_wh_hl_01,,2026-09-29,
closed,noi_102_wh_hl_01,,2026-09-29,
closed,gur_110_wh_hl_01,,2026-09-29,
closed,rup_137_wh_hl_01,,2026-09-29,
closed,che_134_wh_hl_01,,2026-09-29,
closed,ahm_133_wh_hl_01,,2026-09-29,
closed,jal_101_wh_hl_01,,2026-09-29,
closed,che_159_wh_hl_01,,2026-09-29,
closed,ghz_121_wh_hl_01,,2026-09-29,
closed,hyd_102_wh_hl_01,,2026-09-29,
closed,ben_903_wh_hl_01,,2026-09-29,
closed,gur_102_wh_hl_01,,2026-09-29,
closed,pun_122_wh_hl_01,,2026-09-29,
closed,pun_108_wh_hl_01,,2026-09-29,
closed,ahm_101_wh_hl_01,,2026-09-29,
closed,kol_195_wh_hl_01,,2026-09-29,
closed,ahm_131_wh_hl_01,,2026-09-29,
closed,pat_101_wh_hl_01,,2026-09-29,
closed,del_004_wh_hl_01,,2026-09-29,
closed,hyd_105_wh_hl_01,,2026-09-29,
closed,che_116_wh_hl_01,,2026-09-29,
closed,ben_061_wh_hl_01,,2026-09-29,
closed,roo_101_wh_hl_01,,2026-09-29,
closed,che_103_wh_hl_01,,2026-09-29,
closed,pun_103_wh_hl_01,,2026-09-29,
closed,ghz_111_wh_hl_01,,2026-09-29,
closed,gur_108_wh_hl_01,,2026-09-29,
closed,vad_104_wh_hl_01,,2026-09-29,
closed,ben_155_wh_hl_01,,2026-09-29,
closed,bhu_101_wh_hl_01,,2026-09-29,
closed,che_192_wh_hl_01,,2026-09-29,
closed,del_141_wh_hl_01,,2026-09-29,
closed,del_118_wh_hl_01,,2026-09-29,
closed,ahm_104_wh_hl_01,,2026-09-29,
closed,ben_125_wh_hl_01,,2026-09-29,
closed,hyd_120_wh_hl_01,,2026-09-29,
closed,hyd_153_wh_hl_01,,2026-09-29,
closed,ben_115_wh_hl_01,,2026-09-29,
closed,ben_125_wh_hl_01,,2026-09-29,
closed,ben_219_wh_hl_01,,2026-09-29,
closed,del_901_wh_hl_01,,2026-09-29,
closed,koz_101_wh_hl_01,,2026-09-29,
closed,del_261_wh_hl_01,,2026-09-29,
closed,ghz_106_wh_hl_01,,2026-09-29,
closed,rup_142_wh_hl_01,,2026-09-29,
closed,ben_216_wh_hl_01,,2026-09-29,
closed,del_078_wh_hl_01,,2026-09-29,
closed,gur_115_wh_hl_01,,2026-09-29,
closed,del_199_wh_hl_01,,2026-09-29,
closed,mum_137_wh_hl_01,,2026-09-29,
closed,hyd_135_wh_hl_01,,2026-09-29,
closed,ahm_128_wh_hl_01,,2026-09-29,
closed,kol_171_wh_hl_01,,2026-09-29,
closed,rka_125_wh_hl_01,,2026-09-29,
closed,ben_184_wh_hl_01,,2026-09-29,
closed,pun_130_wh_hl_01,,2026-09-29,
closed,far_108_wh_hl_01,,2026-09-29,
closed,ben_116_wh_hl_01,,2026-09-29,
closed,del_074_wh_hl_01,,2026-09-29,
closed,ahm_120_wh_hl_01,,2026-09-29,
closed,dnc_117_wh_hl_01,,2026-09-29,
closed,kol_103_wh_hl_01,,2026-09-29,
closed,del_178_wh_hl_01,,2026-09-29,
closed,che_188_wh_hl_01,,2026-09-29,
closed,rta_103_wh_hl_01,,2026-09-29,
closed,rwb_104_wh_hl_01,,2026-09-29,
closed,che_176_wh_hl_01,,2026-09-29,
closed,ahm_122_wh_hl_01,,2026-09-29,
closed,coc_105_wh_hl_01,,2026-09-29,
closed,ben_216_wh_hl_01,,2026-09-29,
closed,del_108_wh_hl_01,,2026-09-29,
closed,ben_150_wh_hl_01,,2026-09-29,
closed,jal_102_wh_hl_01,,2026-09-29,
closed,ben_107_wh_hl_01,,2026-09-29,
closed,rta_110_wh_hl_01,,2026-09-29,
closed,hyd_149_wh_hl_01,,2026-09-29,
closed,hyd_167_wh_hl_01,,2026-09-29,
closed,pun_124_wh_hl_01,,2026-09-29,
closed,del_142_wh_hl_01,,2026-09-29,
closed,mum_152_wh_hl_01,,2026-09-29,
closed,lud_104_wh_hl_01,,2026-09-29,
closed,del_243_wh_hl_01,,2026-09-29,
closed,cha_104_wh_hl_01,,2026-09-29,
closed,ben_198_wh_hl_01,,2026-09-29,
closed,mum_063_wh_hl_01,,2026-09-29,
closed,ben_150_wh_hl_01,,2026-09-29,
closed,pun_154_wh_hl_01,,2026-09-29,
closed,coi_109_wh_hl_01,,2026-09-29,
closed,noi_102_wh_hl_01,,2026-09-29,
closed,rup_129_wh_hl_01,,2026-09-29,
closed,ghz_119_wh_hl_01,,2026-09-29,
closed,pat_106_wh_hl_01,,2026-09-29,
closed,vad_102_wh_hl_01,,2026-09-29,
closed,del_195_wh_hl_01,,2026-09-29,
closed,far_107_wh_hl_01,,2026-09-29,
closed,vad_102_wh_hl_01,,2026-09-29,
closed,ahm_109_wh_hl_01,,2026-09-29,
closed,che_159_wh_hl_01,,2026-09-29,
closed,ahm_109_wh_hl_01,,2026-09-29,
closed,ben_167_wh_hl_01,,2026-09-29,
closed,pun_154_wh_hl_01,,2026-09-29,
closed,rwb_106_wh_hl_01,,2026-09-29,
closed,del_181_wh_hl_01,,2026-09-29,
closed,kol_109_wh_hl_01,,2026-09-29,
closed,del_023_wh_hl_01,,2026-09-29,
closed,ahm_127_wh_hl_01,,2026-09-29,
closed,kol_103_wh_hl_01,,2026-09-29,
closed,ahm_132_wh_hl_01,,2026-09-29,
closed,ben_040_wh_hl_01,,2026-09-29,
closed,del_080_wh_hl_01,,2026-09-29,
closed,ben_034_wh_hl_01,,2026-09-29,
closed,ahm_131_wh_hl_01,,2026-09-29,
closed,ben_128_wh_hl_01,,2026-09-29,
closed,del_160_wh_hl_01,,2026-09-29,
closed,ghz_121_wh_hl_01,,2026-09-29,
closed,del_140_wh_hl_01,,2026-09-29,
closed,kol_103_wh_hl_01,,2026-09-29,
closed,del_125_wh_hl_01,,2026-09-29,
closed,pun_126_wh_hl_01,,2026-09-29,
closed,del_004_wh_hl_01,,2026-09-29,
closed,del_124_wh_hl_01,,2026-09-29,
closed,jal_103_wh_hl_01,,2026-09-29,
closed,ggn_105_wh_hl_01,,2026-09-29,
closed,rta_105_wh_hl_01,,2026-09-29,
closed,coc_107_wh_hl_01,,2026-09-29,
closed,dnc_117_wh_hl_01,,2026-09-29,
closed,hyd_139_wh_hl_01,,2026-09-29,
closed,che_139_wh_hl_01,,2026-09-29,
closed,kol_103_wh_hl_01,,2026-09-29,
closed,rka_901_wh_hl_01,,2026-09-29,
closed,ben_125_wh_hl_01,,2026-09-29,
closed,cha_104_wh_hl_01,,2026-09-29,
closed,ahm_109_wh_hl_01,,2026-09-29,
closed,vad_101_wh_hl_01,,2026-09-29,
closed,rta_105_wh_hl_01,,2026-09-29,
closed,gur_109_wh_hl_01,,2026-09-29,
closed,kol_103_wh_hl_01,,2026-09-29,
closed,ben_125_wh_hl_01,,2026-09-29,
closed,jai_102_wh_hl_01,,2026-09-29,
closed,che_160_wh_hl_01,,2026-09-29,
closed,che_175_wh_hl_01,,2026-09-29,
closed,dnc_117_wh_hl_01,,2026-09-29,
closed,hyd_139_wh_hl_01,,2026-09-29,
closed,ahm_101_wh_hl_01,,2026-09-29,
closed,rta_104_wh_hl_01,,2026-09-29,
closed,hyd_189_wh_hl_01,,2026-09-29,
closed,che_141_wh_hl_01,,2026-09-29,
closed,ben_247_wh_hl_01,,2026-09-29,
closed,gur_109_wh_hl_01,,2026-09-29,
closed,rta_101_wh_hl_01,,2026-09-29,
closed,kol_213_wh_hl_01,,2026-09-29,
closed,luc_117_wh_hl_01,,2026-09-29,
closed,luc_110_wh_hl_01,,2026-09-29,
closed,cha_104_wh_hl_01,,2026-09-29,
closed,del_084_wh_hl_01,,2026-09-29,
closed,vad_104_wh_hl_01,,2026-09-29,
closed,che_196_wh_hl_01,,2026-09-29,
closed,del_001_wh_hl_01,,2026-09-29,
closed,del_017_wh_hl_01,,2026-09-29,
closed,che_185_wh_hl_01,,2026-09-29,
closed,vad_101_wh_hl_01,,2026-09-29,
closed,dnc_114_wh_hl_01,,2026-09-29,
closed,pun_136_wh_hl_01,,2026-09-29,
closed,kol_171_wh_hl_01,,2026-09-29,
closed,ben_137_wh_hl_01,,2026-09-29,
closed,rbi_107_wh_hl_01,,2026-09-29,
closed,ben_120_wh_hl_01,,2026-09-29,
closed,del_197_wh_hl_01,,2026-09-29,
closed,pun_117_wh_hl_01,,2026-09-29,
closed,ahm_142_wh_hl_01,,2026-09-29,
closed,rjh_101_wh_hl_01,,2026-09-29,
closed,noi_102_wh_hl_01,,2026-09-29,
closed,rjh_106_wh_hl_01,,2026-09-29,
closed,ahm_129_wh_hl_01,,2026-09-29,
closed,ben_150_wh_hl_01,,2026-09-29,
closed,ben_150_wh_hl_01,,2026-09-29,
closed,kol_195_wh_hl_01,,2026-09-29,
closed,ahm_119_wh_hl_01,,2026-09-29,
closed,che_114_wh_hl_01,,2026-09-29,
closed,ahm_131_wh_hl_01,,2026-09-29,
closed,del_14_wh_hl_01,,2026-09-29,
closed,coi_105_wh_hl_01,,2026-09-29,
closed,kol_103_wh_hl_01,,2026-09-29,
closed,kol_103_wh_hl_01,,2026-09-29,
closed,ben_178_wh_hl_01,,2026-09-29,
closed,hyd_122_wh_hl_01,,2026-09-29,
closed,gur_109_wh_hl_01,,2026-09-29,
closed,coi_106_wh_hl_01,,2026-09-29,
closed,che_171_wh_hl_01,,2026-09-29,
closed,ahm_127_wh_hl_01,,2026-09-29,
closed,pun_122_wh_hl_01,,2026-09-29,
closed,pun_105_wh_hl_01,,2026-09-29,
closed,kol_126_wh_hl_01,,2026-09-29,
closed,del_289_wh_hl_01,,2026-09-29,
closed,del_162_wh_hl_01,,2026-09-29,
closed,ben_162_wh_hl_01,,2026-09-29,
closed,che_176_wh_hl_01,,2026-09-29,
closed,rup_101_wh_hl_01,,2026-09-29,
closed,mum_110_wh_hl_01,,2026-09-29,
closed,ghz_118_wh_hl_01,,2026-09-29,
closed,noi_126_wh_hl_01,,2026-09-29,
closed,pun_154_wh_hl_01,,2026-09-29,
closed,ghz_117_wh_hl_01,,2026-09-29,
closed,del_143_wh_hl_01,,2026-09-29,
closed,vad_101_wh_hl_01,,2026-09-29,
closed,che_150_wh_hl_01,,2026-09-29,
closed,kol_171_wh_hl_01,,2026-09-29,
closed,ben_137_wh_hl_01,,2026-09-29,
closed,kol_133_wh_hl_01,,2026-09-29,
closed,ghz_121_wh_hl_01,,2026-09-29,
closed,gur_109_wh_hl_01,,2026-09-29,
closed,kol_103_wh_hl_01,,2026-09-29,
closed,koz_105_wh_hl_01,,2026-09-29,
closed,rpu_117_wh_hl_01,,2026-09-29,
closed,kol_103_wh_hl_01,,2026-09-29,
closed,ghz_119_wh_hl_01,,2026-09-29,
closed,ghz_119_wh_hl_01,,2026-09-29,
closed,hyd_172_wh_hl_01,,2026-09-29,
closed,ben_166_wh_hl_01,,2026-09-29,
closed,ahm_142_wh_hl_01,,2026-09-29,
closed,hyd_140_wh_hl_01,,2026-09-29,
closed,rup_102_wh_hl_01,,2026-09-29,
closed,mum_118_wh_hl_01,,2026-09-29,
closed,cha_102_wh_hl_01,,2026-09-29,
closed,del_165_wh_hl_01,,2026-09-29,
closed,rta_103_wh_hl_01,,2026-09-29,
closed,noi_132_wh_hl_01,,2026-09-29,
closed,ahm_104_wh_hl_01,,2026-09-29,
closed,rta_101_wh_hl_01,,2026-09-29,
closed,ggn_105_wh_hl_01,,2026-09-29,
closed,che_188_wh_hl_01,,2026-09-29,
closed,del_112_wh_hl_01,,2026-09-29,
closed,kol_130_wh_hl_01,,2026-09-29,
closed,del_042_wh_hl_01,,2026-09-29,
closed,hyd_161_wh_hl_01,,2026-09-29,
closed,rup_102_wh_hl_01,,2026-09-29,
closed,pun_138_wh_hl_01,,2026-09-29,
closed,vel_101_wh_hl_01,,2026-09-29,
closed,ahm_127_wh_hl_01,,2026-09-29,
closed,mum_160_wh_hl_01,,2026-09-29,
closed,che_157_wh_hl_01,,2026-09-29,
closed,hyd_135_wh_hl_01,,2026-09-29,
closed,mum_103_wh_hl_01,,2026-09-29,
closed,che_179_wh_hl_01,,2026-09-29,
closed,hyd_137_wh_hl_01,,2026-09-29,
closed,coi_103_wh_hl_01,,2026-09-29,
closed,del_123_wh_hl_01,,2026-09-29,
closed,kol_160_wh_hl_01,,2026-09-29,
closed,ben_162_wh_hl_01,,2026-09-29,
closed,coi_107_wh_hl_02,,2026-09-29,
closed,coi_109_wh_hl_01,,2026-09-29,
closed,coi_106_wh_hl_01,,2026-09-29,
closed,pun_149_wh_hl_01,,2026-09-29,
closed,rpu_104_wh_hl_01,,2026-09-29,
closed,coi_106_wh_hl_01,,2026-09-29,
closed,rjh_106_wh_hl_01,,2026-09-29,
closed,pun_124_wh_hl_01,,2026-09-29,
closed,ben_105_wh_hl_01,,2026-09-29,
closed,ben_286_wh_hl_01,,2026-09-29,
closed,noi_139_wh_hl_01,,2026-09-29,
closed,rte_101_wh_hl_01,,2026-09-29,
closed,ben_150_wh_hl_01,,2026-09-29,
closed,kol_134_wh_hl_02,,2026-09-29,
closed,cha_108_wh_hl_01,,2026-09-29,
closed,gur_110_wh_hl_01,,2026-09-29,
closed,hyd_158_wh_hl_01,,2026-09-29,
closed,hyd_142_wh_hl_01,,2026-09-29,
closed,del_188_wh_hl_01,,2026-09-29,
closed,mum_025_wh_hl_01,,2026-09-29,
closed,ghz_112_wh_hl_01,,2026-09-29,
closed,che_105_wh_hl_01,,2026-09-29,
closed,rup_128_wh_hl_01,,2026-09-29,
closed,kol_103_wh_hl_01,,2026-09-29,
closed,che_139_wh_hl_01,,2026-09-29,
closed,pun_918_wh_hl_01,,2026-09-29,
closed,vad_102_wh_hl_01,,2026-09-29,
closed,hyd_119_wh_hl_01,,2026-09-29,
closed,rpu_104_wh_hl_01,,2026-09-29,
closed,guw_104_wh_hl_01,,2026-09-29,
closed,hyd_167_wh_hl_01,,2026-09-29,
closed,pun_124_wh_hl_01,,2026-09-29,
closed,che_124_wh_hl_01,,2026-09-29,
closed,che_134_wh_hl_01,,2026-09-29,
closed,hyd_174_wh_hl_01,,2026-09-29,
closed,ahm_120_wh_hl_01,,2026-09-29,
closed,ghz_110_wh_hl_01,,2026-09-29,
closed,far_104_wh_hl_01,,2026-09-29,
closed,ben_027_wh_hl_01,,2026-09-29,
closed,ben_216_wh_hl_01,,2026-09-29,
closed,che_179_wh_hl_01,,2026-09-29,
closed,ahm_133_wh_hl_01,,2026-09-29,
closed,cha_102_wh_hl_01,,2026-09-29,
closed,pun_126_wh_hl_01,,2026-09-29,
closed,che_134_wh_hl_01,,2026-09-29,
closed,ahm_131_wh_hl_01,,2026-09-29,
closed,rup_142_wh_hl_01,,2026-09-29,
closed,hyd_103_wh_hl_01,,2026-09-29,
closed,che_189_wh_hl_01,,2026-09-29,
closed,del_118_wh_hl_01,,2026-09-29,
closed,noi_139_wh_hl_01,,2026-09-29,
closed,dnc_110_wh_hl_01,,2026-09-29,
closed,noi_108_wh_hl_01,,2026-09-29,
closed,ghz_119_wh_hl_01,,2026-09-29,
closed,coc_107_wh_hl_01,,2026-09-29,
closed,noi_114_wh_hl_01,,2026-09-29,
closed,hyd_103_wh_hl_01,,2026-09-29,
closed,pun_138_wh_hl_01,,2026-09-29,
closed,del_243_wh_hl_01,,2026-09-29,
closed,gur_108_wh_hl_01,,2026-09-29,
closed,dnc_114_wh_hl_01,,2026-09-29,
closed,che_176_wh_hl_01,,2026-09-29,
closed,far_101_wh_hl_01,,2026-09-29,
closed,mum_062_wh_hl_01,,2026-09-29,
closed,vad_104_wh_hl_01,,2026-09-29,
closed,rok_102_wh_hl_01,,2026-09-29,
closed,koz_101_wh_hl_01,,2026-09-29,
closed,che_149_wh_hl_01,,2026-09-29,
closed,ahm_109_wh_hl_01,,2026-09-29,
closed,ben_042_wh_hl_01,,2026-09-29,
closed,vad_104_wh_hl_01,,2026-09-29,
closed,hyd_120_wh_hl_01,,2026-09-29,
closed,rta_102_wh_hl_01,,2026-09-29,
closed,ben_235_wh_hl_01,,2026-09-29,
closed,rta_102_wh_hl_01,,2026-09-29,
closed,hyd_103_wh_hl_01,,2026-09-29,
closed,ben_216_wh_hl_01,,2026-09-29,
closed,ben_034_wh_hl_01,,2026-09-29,
closed,rup_116_wh_hl_01,,2026-09-29,
closed,luc_117_wh_hl_01,,2026-09-29,
closed,shm_101_wh_hl_01,,2026-09-29,
closed,pun_145_wh_hl_01,,2026-09-29,
closed,rpu_101_wh_hl_01,,2026-09-29,
closed,vad_104_wh_hl_01,,2026-09-29,
closed,che_103_wh_hl_01,,2026-09-29,
closed,ben_234_wh_hl_01,,2026-09-29,
closed,hyd_138_wh_hl_01,,2026-09-29,
closed,koz_104_wh_hl_01,,2026-09-29,
closed,pun_145_wh_hl_01,,2026-09-29,
closed,che_196_wh_hl_01,,2026-09-29,
closed,ghz_103_wh_hl_01,,2026-09-29,
closed,del_108_wh_hl_01,,2026-09-29,
closed,rpu_107_wh_hl_01,,2026-09-29,
closed,noi_102_wh_hl_01,,2026-09-29,
closed,kol_105_wh_hl_01,,2026-09-29,
closed,pun_109_wh_hl_01,,2026-09-29,
closed,rte_102_wh_hl_01,,2026-09-29,
closed,kol_165_wh_hl_01,,2026-09-29,
closed,ben_219_wh_hl_01,,2026-09-29,
closed,kol_105_wh_hl_01,,2026-09-29,
closed,gur_122_wh_hl_01,,2026-09-29,
closed,jal_102_wh_hl_01,,2026-09-29,
closed,ahm_139_wh_hl_01,,2026-09-29,
closed,rta_104_wh_hl_01,,2026-09-29,
closed,del_188_wh_hl_01,,2026-09-29,
closed,del_178_wh_hl_01,,2026-09-29,
closed,kol_111_wh_hl_01,,2026-09-29,
closed,kol_103_wh_hl_01,,2026-09-29,
closed,hyd_117_wh_hl_01,,2026-09-29,
closed,kol_133_wh_hl_01,,2026-09-29,
closed,del_104_wh_hl_01,,2026-09-29,
closed,ghz_121_wh_hl_01,,2026-09-29,
closed,rpu_122_wh_hl_01,,2026-09-29,
closed,che_130_wh_hl_01,,2026-09-29,
closed,noi_143_wh_hl_01,,2026-09-29,
closed,rka_125_wh_hl_01,,2026-09-29,
closed,pun_108_wh_hl_01,,2026-09-29,
closed,kol_176_wh_hl_01,,2026-09-29,
closed,hyd_192_wh_hl_01,,2026-09-29,
closed,ahm_133_wh_hl_01,,2026-09-29,
closed,noi_114_wh_hl_01,,2026-09-29,
closed,rwb_106_wh_hl_01,,2026-09-29,
closed,ahm_127_wh_hl_01,,2026-09-29,
closed,ahm_104_wh_hl_01,,2026-09-29,
closed,coc_107_wh_hl_01,,2026-09-29,
closed,ahm_101_wh_hl_01,,2026-09-29,
closed,gur_115_wh_hl_01,,2026-09-29,
closed,ghz_119_wh_hl_01,,2026-09-29,
closed,ahm_112_wh_hl_01,,2026-09-29,
closed,rok_102_wh_hl_01,,2026-09-29,
closed,rta_103_wh_hl_01,,2026-09-29,
closed,pat_121_wh_hl_01,,2026-09-29,
closed,guw_110_wh_hl_01,,2026-09-29,
closed,jai_127_wh_hl_01,,2026-09-29,
closed,luc_134_wh_hl_01,,2026-09-29,
closed,mum_103_wh_hl_01,,2026-09-29,
closed,jal_101_wh_hl_01,,2026-09-29,
closed,ben_039_wh_hl_01,,2026-09-29,
closed,hyd_149_wh_hl_01,,2026-09-29,
closed,del_158_wh_hl_01,,2026-09-29,
closed,lud_104_wh_hl_01,,2026-09-29,
closed,rta_102_wh_hl_01,,2026-09-29,
closed,dnc_117_wh_hl_01,,2026-09-29,
closed,koz_103_wh_hl_01,,2026-09-29,
closed,ahm_120_wh_hl_01,,2026-09-29,
closed,del_202_wh_hl_01,,2026-09-29,
closed,pat_115_wh_hl_01,,2026-09-29,
closed,kol_103_wh_hl_01,,2026-09-29,
closed,var_108_wh_hl_01,,2026-09-29,
closed,hyd_159_wh_hl_01,,2026-09-29,
closed,mum_043_wh_hl_01,,2026-09-29,
closed,rka_125_wh_hl_01,,2026-09-29,
closed,mum_144_wh_hl_01,,2026-09-29,
closed,shm_101_wh_hl_01,,2026-09-29,
closed,ben_138_wh_hl_01,,2026-09-29,
closed,koz_101_wh_hl_01,,2026-09-29,
closed,gur_102_wh_hl_01,,2026-09-29,
closed,koz_101_wh_hl_01,,2026-09-29,
closed,ahm_122_wh_hl_01,,2026-09-29,
closed,del_143_wh_hl_01,,2026-09-29,
closed,che_160_wh_hl_01,,2026-09-29,
closed,pun_117_wh_hl_01,,2026-09-29,
closed,hyd_140_wh_hl_01,,2026-09-29,
closed,rup_102_wh_hl_01,,2026-09-29,
closed,ben_018_wh_hl_01,,2026-09-29,
closed,che_189_wh_hl_01,,2026-09-29,
closed,che_176_wh_hl_01,,2026-09-29,
closed,kol_171_wh_hl_01,,2026-09-29,
closed,rup_116_wh_hl_01,,2026-09-29,
closed,pun_117_wh_hl_01,,2026-09-29,
closed,hyd_189_wh_hl_01,,2026-09-29,
closed,hyd_189_wh_hl_01,,2026-09-29,
closed,roo_107_wh_hl_01,,2026-09-29,
closed,pat_115_wh_hl_01,,2026-09-29,
closed,pun_128_wh_hl_01,,2026-09-29,
closed,jal_103_wh_hl_01,,2026-09-29,
closed,pun_145_wh_hl_01,,2026-09-29,
closed,hyd_140_wh_hl_01,,2026-09-29,
closed,del_141_wh_hl_01,,2026-09-29,
closed,ben_195_wh_hl_01,,2026-09-29,
closed,mum_043_wh_hl_01,,2026-09-29,
closed,kol_116_wh_hl_01,,2026-09-29,
closed,ben_150_wh_hl_01,,2026-09-29,
closed,del_071_wh_hl_01,,2026-09-29,
closed,coi_105_wh_hl_01,,2026-09-29,
closed,ben_105_wh_hl_01,,2026-09-29,
closed,coi_109_wh_hl_01,,2026-09-29,
closed,far_107_wh_hl_01,,2026-09-29,
closed,guw_104_wh_hl_01,,2026-09-29,
closed,ghz_114_wh_hl_01,,2026-09-29,
closed,ggn_105_wh_hl_01,,2026-09-29,
closed,rpu_113_wh_hl_01,,2026-09-29,
closed,coi_109_wh_hl_01,,2026-09-29,
closed,che_189_wh_hl_01,,2026-09-29,
closed,che_150_wh_hl_01,,2026-09-29,
closed,mum_110_wh_hl_01,,2026-09-29,
closed,coi_109_wh_hl_01,,2026-09-29,
closed,rta_110_wh_hl_01,,2026-09-29,
closed,kol_105_wh_hl_01,,2026-09-29,
closed,coi_106_wh_hl_01,,2026-09-29,
closed,ghz_121_wh_hl_01,,2026-09-29,
closed,del_181_wh_hl_01,,2026-09-29,
closed,gur_122_wh_hl_01,,2026-09-29,
closed,cha_104_wh_hl_01,,2026-09-29,
closed,pun_108_wh_hl_01,,2026-09-29,
closed,ahm_133_wh_hl_01,,2026-09-29,
closed,del_156_wh_hl_01,,2026-09-29,
closed,ghz_114_wh_hl_01,,2026-09-29,
closed,del_074_wh_hl_01,,2026-09-29,
closed,kol_158_wh_hl_01,,2026-09-29,
closed,kol_103_wh_hl_01,,2026-09-29,
closed,coi_110_wh_hl_01,,2026-09-29,
closed,del_149_wh_hl_01,,2026-09-29,
closed,del_243_wh_hl_01,,2026-09-29,
closed,rta_102_wh_hl_01,,2026-09-29,
closed,che_149_wh_hl_01,,2026-09-29,
closed,rta_104_wh_hl_01,,2026-09-29,
closed,pun_105_wh_hl_01,,2026-09-29,
closed,pun_154_wh_hl_01,,2026-09-29,
closed,noi_106_wh_hl_01,,2026-09-29,
closed,ben_013_wh_hl_01,,2026-09-29,
closed,ahm_119_wh_hl_01,,2026-09-29,
closed,pun_115_wh_hl_01,,2026-09-29,
closed,del_101_wh_hl_01,,2026-09-29,
closed,del_107_wh_hl_01,,2026-09-29,
closed,rpu_113_wh_hl_01,,2026-09-29,
closed,che_174_wh_hl_01,,2026-09-29,
closed,ahm_111_wh_hl_01,,2026-09-29,
closed,ras_102_wh_hl_01,,2026-09-29,
closed,rup_102_wh_hl_01,,2026-09-29,
closed,luc_117_wh_hl_01,,2026-09-29,
closed,dnc_107_wh_hl_01,,2026-09-29,
closed,che_176_wh_hl_01,,2026-09-29,
closed,ben_013_wh_hl_01,,2026-09-29,
closed,del_243_wh_hl_01,,2026-09-29,
closed,del_196_wh_hl_01,,2026-09-29,
closed,gur_104_wh_hl_01,,2026-09-29,
closed,che_176_wh_hl_01,,2026-09-29,
closed,ahm_128_wh_hl_01,,2026-09-29,
closed,jai_102_wh_hl_01,,2026-09-29,
closed,rup_102_wh_hl_01,,2026-09-29,
closed,mum_043_wh_hl_01,,2026-09-29,
closed,mum_137_wh_hl_01,,2026-09-29,
closed,vad_101_wh_hl_01,,2026-09-29,
closed,hyd_174_wh_hl_01,,2026-09-29,
closed,bhu_103_wh_hl_01,,2026-09-29,
closed,del_197_wh_hl_01,,2026-09-29,
closed,ahm_917_wh_hl_01,,2026-09-29,
closed,koz_105_wh_hl_01,,2026-09-29,
closed,kol_902_wh_hl_01,,2026-09-29,
closed,del_14_wh_hl_01,,2026-09-29,
closed,ghz_119_wh_hl_01,,2026-09-29,
closed,ahm_142_wh_hl_01,,2026-09-29,
closed,del_163_wh_hl_01,,2026-09-29,
closed,koz_103_wh_hl_01,,2026-09-29,
closed,vad_104_wh_hl_01,,2026-09-29,
closed,del_181_wh_hl_01,,2026-09-29,
closed,dnc_117_wh_hl_01,,2026-09-29,
closed,del_001_wh_hl_01,,2026-09-29,
closed,rok_107_wh_hl_01,,2026-09-29,
closed,jai_104_wh_hl_01,,2026-09-29,
closed,hyd_180_wh_hl_01,,2026-09-29,
closed,ben_137_wh_hl_01,,2026-09-29,
closed,ben_256_wh_hl_01,,2026-09-29,
closed,rup_102_wh_hl_01,,2026-09-29,
closed,del_107_wh_hl_01,,2026-09-29,
closed,kol_184_wh_hl_01,,2026-09-29,
closed,bhu_101_wh_hl_01,,2026-09-29,
closed,hyd_139_wh_hl_01,,2026-09-29,
closed,pun_145_wh_hl_01,,2026-09-29,
closed,kol_116_wh_hl_01,,2026-09-29,
closed,lud_102_wh_hl_01,,2026-09-29,
closed,ahm_131_wh_hl_01,,2026-09-29,
closed,del_026_wh_hl_01,,2026-09-29,
closed,dnc_102_wh_hl_01,,2026-09-29,
closed,rjh_106_wh_hl_01,,2026-09-29,
closed,kol_158_wh_hl_01,,2026-09-29,
closed,coi_109_wh_hl_01,,2026-09-29,
closed,ghz_121_wh_hl_01,,2026-09-29,
closed,coi_106_wh_hl_01,,2026-09-29,
closed,che_196_wh_hl_01,,2026-09-29,
closed,ben_160_wh_hl_01,,2026-09-29,
closed,che_147_wh_hl_01,,2026-09-29,
closed,rup_126_wh_hl_01,,2026-09-29,
closed,pun_135_wh_hl_01,,2026-09-29,
closed,ben_017_wh_hl_01,,2026-09-29,
closed,ben_160_wh_hl_01,,2026-09-29,
closed,ghz_114_wh_hl_01,,2026-09-29,
closed,rka_122_wh_hl_01,,2026-09-29,
closed,ghz_114_wh_hl_01,,2026-09-29,
closed,del_064_wh_hl_01,,2026-09-29,
closed,kol_105_wh_hl_01,,2026-09-29,
closed,gur_117_wh_hl_01,,2026-09-29,
closed,koz_103_wh_hl_01,,2026-09-29,
closed,kol_155_wh_hl_01,,2026-09-29,
closed,pat_111_wh_hl_01,,2026-09-29,
closed,kol_103_wh_hl_01,,2026-09-29,
closed,kol_103_wh_hl_01,,2026-09-29,
closed,kol_103_wh_hl_01,,2026-09-29,
closed,che_139_wh_hl_01,,2026-09-29,
closed,ben_241_wh_hl_01,,2026-09-29,
closed,kol_105_wh_hl_01,,2026-09-29,
closed,coi_106_wh_hl_01,,2026-09-29,
closed,pun_135_wh_hl_01,,2026-09-29,
closed,ahm_127_wh_hl_01,,2026-09-29,
closed,pun_108_wh_hl_01,,2026-09-29,
closed,che_188_wh_hl_01,,2026-09-29,
closed,che_149_wh_hl_01,,2026-09-29,
closed,pun_154_wh_hl_01,,2026-09-29,
closed,del_107_wh_hl_01,,2026-09-29,
closed,mum_921_wh_hl_01,,2026-09-29,
closed,hyd_120_wh_hl_01,,2026-09-29,
closed,ben_174_wh_hl_01,,2026-09-29,
closed,rjh_106_wh_hl_01,,2026-09-29,
closed,lud_104_wh_hl_01,,2026-09-29,
closed,kol_207_wh_hl_01,,2026-09-29,
closed,ahm_131_wh_hl_01,,2026-09-29,
closed,ahm_132_wh_hl_01,,2026-09-29,
closed,ahm_122_wh_hl_01,,2026-09-29,
closed,del_180_wh_hl_01,,2026-09-29,
closed,del_188_wh_hl_01,,2026-09-29,
closed,rpu_122_wh_hl_01,,2026-09-29,
closed,guw_110_wh_hl_01,,2026-09-29,
closed,ben_219_wh_hl_01,,2026-09-29,
closed,hyd_111_wh_hl_01,,2026-09-29,
closed,che_184_wh_hl_01,,2026-09-29,
closed,del_064_wh_hl_01,,2026-09-29,
closed,lud_103_wh_hl_01,,2026-09-29,
closed,del_118_wh_hl_01,,2026-09-29,
closed,che_190_wh_hl_01,,2026-09-29,
closed,ben_036_wh_hl_01,,2026-09-29,
closed,ahm_120_wh_hl_01,,2026-09-29,
closed,rka_901_wh_hl_01,,2026-09-29,
closed,pun_145_wh_hl_01,,2026-09-29,
closed,ben_050_wh_hl_01,,2026-09-29,
closed,ben_234_wh_hl_01,,2026-09-29,
closed,del_14_wh_hl_01,,2026-09-29,
closed,del_004_wh_hl_01,,2026-09-29,
closed,vad_102_wh_hl_01,,2026-09-29,
closed,rok_102_wh_hl_01,,2026-09-29,
closed,rta_105_wh_hl_01,,2026-09-29,
closed,kol_112_wh_hl_01,,2026-09-29,
closed,rup_102_wh_hl_01,,2026-09-29,
closed,pun_138_wh_hl_01,,2026-09-29,
closed,hyd_140_wh_hl_01,,2026-09-29,
closed,ghz_115_wh_hl_01,,2026-09-29,
closed,che_120_wh_hl_01,,2026-09-29,
closed,rta_102_wh_hl_01,,2026-09-29,
closed,pat_102_wh_hl_01,,2026-09-29,
closed,mum_025_wh_hl_01,,2026-09-29,
closed,pun_138_wh_hl_01,,2026-09-29,
closed,hyd_136_wh_hl_01,,2026-09-29,
closed,gur_129_wh_hl_01,,2026-09-29,
closed,ben_917_wh_hl_01,,2026-09-29,
closed,roo_101_wh_hl_01,,2026-09-29,
closed,mum_102_wh_hl_01,,2026-09-29,
closed,pun_101_wh_hl_01,,2026-09-29,
closed,ben_227_wh_hl_01,,2026-09-29,
closed,ghz_121_wh_hl_01,,2026-09-29,
closed,ben_118_wh_hl_01,,2026-09-29,
closed,ahm_101_wh_hl_01,,2026-09-29,
closed,pun_109_wh_hl_01,,2026-09-29,
closed,noi_106_wh_hl_01,,2026-09-29,
closed,del_180_wh_hl_01,,2026-09-29,
closed,ahm_917_wh_hl_01,,2026-09-29,
closed,ahm_127_wh_hl_01,,2026-09-29,
closed,del_026_wh_hl_01,,2026-09-29,
closed,che_126_wh_hl_01,,2026-09-29,
closed,che_132_wh_hl_01,,2026-09-29,
closed,ben_013_wh_hl_01,,2026-09-29,
closed,ahm_135_wh_hl_01,,2026-09-29,
closed,del_148_wh_hl_01,,2026-09-29,
closed,cha_102_wh_hl_01,,2026-09-29,
closed,kol_105_wh_hl_01,,2026-09-29,
closed,kol_103_wh_hl_01,,2026-09-29,
closed,kol_103_wh_hl_01,,2026-09-29,
closed,hyd_154_wh_hl_01,,2026-09-29,
closed,dnc_102_wh_hl_01,,2026-09-29,
closed,del_124_wh_hl_01,,2026-09-29,
closed,rbi_122_wh_hl_01,,2026-09-29,
closed,rup_126_wh_hl_01,,2026-09-29,
closed,ben_178_wh_hl_01,,2026-09-29,
closed,rok_102_wh_hl_01,,2026-09-29,
closed,rpu_102_wh_hl_01,,2026-09-29,
closed,ghz_121_wh_hl_01,,2026-09-29,
closed,del_180_wh_hl_01,,2026-09-29,
closed,ghz_111_wh_hl_01,,2026-09-29,
closed,jai_127_wh_hl_01,,2026-09-29,
closed,che_176_wh_hl_01,,2026-09-29,
closed,che_139_wh_hl_01,,2026-09-29,
closed,del_14_wh_hl_01,,2026-09-29,
closed,pat_120_wh_hl_01,,2026-09-29,
closed,rta_103_wh_hl_01,,2026-09-29,
closed,hyd_189_wh_hl_01,,2026-09-29,
closed,jai_113_wh_hl_01,,2026-09-29,
closed,che_196_wh_hl_01,,2026-09-29,
closed,ben_136_wh_hl_01,,2026-09-29,
closed,coi_112_wh_hl_01,,2026-09-29,
closed,del_14_wh_hl_01,,2026-09-29,
closed,del_080_wh_hl_01,,2026-09-29,
closed,che_192_wh_hl_01,,2026-09-29,
closed,rka_901_wh_hl_01,,2026-09-29,
closed,guw_110_wh_hl_01,,2026-09-29,
closed,ben_152_wh_hl_01,,2026-09-29,
closed,kol_184_wh_hl_01,,2026-09-29,
closed,rup_117_wh_hl_01,,2026-09-29,
closed,che_176_wh_hl_01,,2026-09-29,
closed,ben_145_wh_hl_01,,2026-09-29,
closed,noi_129_wh_hl_01,,2026-09-29,
closed,rpu_113_wh_hl_01,,2026-09-29,
closed,ben_145_wh_hl_01,,2026-09-29,
closed,ben_184_wh_hl_01,,2026-09-29,
closed,pun_138_wh_hl_01,,2026-09-29,
closed,pat_115_wh_hl_01,,2026-09-29,
closed,hyd_120_wh_hl_01,,2026-09-29,
closed,hyd_139_wh_hl_01,,2026-09-29,
closed,kol_163_wh_hl_01,,2026-09-29,
closed,che_132_wh_hl_01,,2026-09-29,
closed,hyd_103_wh_hl_01,,2026-09-29,
closed,hyd_189_wh_hl_01,,2026-09-29,
closed,che_105_wh_hl_01,,2026-09-29,
closed,vad_104_wh_hl_01,,2026-09-29,
closed,jai_113_wh_hl_01,,2026-09-29,
closed,del_178_wh_hl_01,,2026-09-29,
closed,kol_171_wh_hl_01,,2026-09-29,
closed,rup_118_wh_hl_01,,2026-09-29,
closed,del_080_wh_hl_01,,2026-09-29,
closed,ben_137_wh_hl_01,,2026-09-29,
closed,che_102_wh_hl_01,,2026-09-29,
closed,jai_112_wh_hl_01,,2026-09-29,
closed,ben_228_wh_hl_01,,2026-09-29,
closed,rpu_102_wh_hl_01,,2026-09-29,
closed,coi_107_wh_hl_02,,2026-09-29,
closed,mum_113_wh_hl_01,,2026-09-29,
closed,rbi_126_wh_hl_01,,2026-09-29,
closed,ben_224_wh_hl_01,,2026-09-29,
closed,kol_149_wh_hl_01,,2026-09-29,
closed,jal_102_wh_hl_01,,2026-09-29,
closed,coi_109_wh_hl_01,,2026-09-29,
closed,del_237_wh_hl_01,,2026-09-29,
closed,del_108_wh_hl_01,,2026-09-29,
closed,jal_104_wh_hl_01,,2026-09-29,
closed,pun_108_wh_hl_01,,2026-09-29,
closed,lud_101_wh_hl_01,,2026-09-29,
closed,ahm_124_wh_hl_01,,2026-09-29,
closed,pat_118_wh_hl_01,,2026-09-29,
closed,rup_129_wh_hl_01,,2026-09-29,
closed,pat_120_wh_hl_01,,2026-09-29,
closed,ben_160_wh_hl_01,,2026-09-29,
closed,rka_122_wh_hl_01,,2026-09-29,
closed,coi_106_wh_hl_01,,2026-09-29,
closed,rbi_134_wh_hl_01,,2026-09-29,
closed,pun_139_wh_hl_01,,2026-09-29,
closed,hyd_167_wh_hl_01,,2026-09-29,
closed,kol_111_wh_hl_01,,2026-09-29,
closed,ben_231_wh_hl_01,,2026-09-29,
closed,del_123_wh_hl_01,,2026-09-29,
closed,rta_105_wh_hl_01,,2026-09-29,
closed,kol_136_wh_hl_01,,2026-09-29,
closed,ghz_121_wh_hl_01,,2026-09-29,
closed,ahm_917_wh_hl_01,,2026-09-29,
closed,ben_138_wh_hl_01,,2026-09-29,
closed,gur_130_wh_hl_01,,2026-09-29,
closed,kol_103_wh_hl_01,,2026-09-29,
closed,ahm_114_wh_hl_01,,2026-09-29,
closed,coi_106_wh_hl_01,,2026-09-29,
closed,ahm_109_wh_hl_01,,2026-09-29,
closed,del_017_wh_hl_01,,2026-09-29,
closed,coc_105_wh_hl_01,,2026-09-29,
closed,luc_130_wh_hl_01,,2026-09-29,
closed,del_209_wh_hl_01,,2026-09-29,
closed,kol_109_wh_hl_01,,2026-09-29,
closed,che_126_wh_hl_01,,2026-09-29,
closed,rup_131_wh_hl_01,,2026-09-29,
closed,rok_102_wh_hl_01,,2026-09-29,
closed,del_118_wh_hl_01,,2026-09-29,
closed,ahm_130_wh_hl_01,,2026-09-29,
closed,ahm_127_wh_hl_01,,2026-09-29,
closed,dnc_117_wh_hl_01,,2026-09-29,
closed,jai_106_wh_hl_01,,2026-09-29,
closed,mum_104_wh_hl_01,,2026-09-29,
closed,luc_909_wh_hl_01,,2026-09-29,
closed,rta_105_wh_hl_01,,2026-09-29,
closed,kol_103_wh_hl_01,,2026-09-29,
closed,ben_216_wh_hl_01,,2026-09-29,
closed,pun_145_wh_hl_01,,2026-09-29,
closed,ben_160_wh_hl_01,,2026-09-29,
closed,mum_080_wh_hl_01,,2026-09-29,
closed,rok_109_wh_hl_01,,2026-09-29,
closed,ben_238_wh_hl_01,,2026-09-29,
closed,rup_105_wh_hl_01,,2026-09-29,
closed,rok_109_wh_hl_01,,2026-09-29,
closed,rok_102_wh_hl_01,,2026-09-29,
closed,cha_108_wh_hl_01,,2026-09-29,
closed,mum_103_wh_hl_01,,2026-09-29,
closed,amr_104_wh_hl_01,,2026-09-29,
closed,del_967_wh_hl_01,,2026-09-29,
closed,guw_121_wh_hl_01,,2026-09-29,
closed,rok_102_wh_hl_01,,2026-09-29,
closed,ahm_104_wh_hl_01,,2026-09-29,
closed,dnc_117_wh_hl_01,,2026-09-29,
closed,ahm_104_wh_hl_01,,2026-09-29,
closed,pun_122_wh_hl_01,,2026-09-29,
closed,rta_102_wh_hl_01,,2026-09-29,
closed,hyd_180_wh_hl_01,,2026-09-29,
closed,hyd_119_wh_hl_01,,2026-09-29,
closed,jai_102_wh_hl_01,,2026-09-29,
closed,ahm_122_wh_hl_01,,2026-09-29,
closed,luc_133_wh_hl_01,,2026-09-29,
closed,rup_107_wh_hl_01,,2026-09-29,
closed,pun_145_wh_hl_01,,2026-09-29,
closed,del_123_wh_hl_01,,2026-09-29,
closed,far_104_wh_hl_01,,2026-09-29,
closed,ahm_133_wh_hl_01,,2026-09-29,
closed,hyd_140_wh_hl_01,,2026-09-29,
closed,mum_043_wh_hl_01,,2026-09-29,
closed,coc_102_wh_hl_01,,2026-09-29,
closed,kol_197_wh_hl_01,,2026-09-29,
closed,mum_113_wh_hl_01,,2026-09-29,
closed,ben_150_wh_hl_01,,2026-09-29,
closed,kol_105_wh_hl_01,,2026-09-29,
closed,noi_102_wh_hl_01,,2026-09-29,
closed,ahm_127_wh_hl_01,,2026-09-29,
closed,mum_067_wh_hl_01,,2026-09-29,
closed,del_180_wh_hl_01,,2026-09-29,
closed,kol_109_wh_hl_01,,2026-09-29,
closed,kol_105_wh_hl_01,,2026-09-29,
closed,pun_121_wh_hl_01,,2026-09-29,
closed,kol_195_wh_hl_01,,2026-09-29,
closed,del_237_wh_hl_01,,2026-09-29,
closed,che_136_wh_hl_01,,2026-09-29,
closed,hyd_122_wh_hl_01,,2026-09-29,
closed,del_055_wh_hl_01,,2026-09-29,
closed,pat_101_wh_hl_01,,2026-09-29,
closed,noi_139_wh_hl_01,,2026-09-29,
closed,rbi_115_wh_hl_01,,2026-09-29,
closed,del_178_wh_hl_01,,2026-09-29,
closed,ghz_119_wh_hl_01,,2026-09-29,
closed,jai_127_wh_hl_01,,2026-09-29,
closed,coi_109_wh_hl_01,,2026-09-29,
closed,hyd_125_wh_hl_01,,2026-09-29,
closed,ahm_127_wh_hl_01,,2026-09-29,
closed,kol_133_wh_hl_01,,2026-09-29,
closed,noi_132_wh_hl_01,,2026-09-29,
closed,ben_265_wh_hl_01,,2026-09-29,
closed,del_261_wh_hl_01,,2026-09-29,
closed,ben_216_wh_hl_01,,2026-09-29,
closed,hyd_138_wh_hl_01,,2026-09-29,
closed,ben_216_wh_hl_01,,2026-09-29,
closed,kol_195_wh_hl_01,,2026-09-29,
closed,ahm_104_wh_hl_01,,2026-09-29,
closed,ahm_131_wh_hl_01,,2026-09-29,
closed,rpu_120_wh_hl_01,,2026-09-29,
closed,pun_126_wh_hl_01,,2026-09-29,
closed,mum_110_wh_hl_01,,2026-09-29,
closed,del_078_wh_hl_01,,2026-09-29,
closed,pun_135_wh_hl_01,,2026-09-29,
closed,del_209_wh_hl_01,,2026-09-29,
closed,rpu_120_wh_hl_01,,2026-09-29,
closed,pat_101_wh_hl_01,,2026-09-29,
closed,ben_017_wh_hl_01,,2026-09-29,
closed,che_197_wh_hl_01,,2026-09-29,
closed,kol_209_wh_hl_01,,2026-09-29,
closed,kol_195_wh_hl_01,,2026-09-29,
closed,ahm_101_wh_hl_01,,2026-09-29,
closed,del_017_wh_hl_01,,2026-09-29,
closed,che_174_wh_hl_01,,2026-09-29,
closed,rta_103_wh_hl_01,,2026-09-29,
closed,hyd_119_wh_hl_01,,2026-09-29,
closed,ben_145_wh_hl_01,,2026-09-29,
closed,guw_121_wh_hl_01,,2026-09-29,
closed,rup_104_wh_hl_01,,2026-09-29,
closed,ben_219_wh_hl_01,,2026-09-29,
closed,pat_102_wh_hl_01,,2026-09-29,
closed,rta_103_wh_hl_01,,2026-09-29,
closed,rup_131_wh_hl_01,,2026-09-29,
closed,del_181_wh_hl_01,,2026-09-29,
closed,rta_104_wh_hl_01,,2026-09-29,
closed,hyd_135_wh_hl_01,,2026-09-29,
closed,rka_118_wh_hl_01,,2026-09-29,
closed,rup_102_wh_hl_01,,2026-09-29,
closed,hyd_120_wh_hl_01,,2026-09-29,
closed,mum_160_wh_hl_01,,2026-09-29,
closed,hyd_139_wh_hl_01,,2026-09-29,
closed,ghz_119_wh_hl_01,,2026-09-29,
closed,ben_043_wh_hl_01,,2026-09-29,
closed,pun_138_wh_hl_01,,2026-09-29,
closed,guw_117_wh_hl_01,,2026-09-29,
closed,ahm_104_wh_hl_01,,2026-09-29,
closed,hyd_187_wh_hl_01,,2026-09-29,
closed,ahm_101_wh_hl_01,,2026-09-29,
closed,gur_109_wh_hl_01,,2026-09-29,
closed,hyd_140_wh_hl_01,,2026-09-29,
closed,ben_137_wh_hl_01,,2026-09-29,
closed,che_192_wh_hl_01,,2026-09-29,
closed,che_139_wh_hl_01,,2026-09-29,
closed,che_135_wh_hl_01,,2026-09-29,
closed,del_007_wh_hl_01,,2026-09-29,
closed,ben_024_wh_hl_01,,2026-09-29,
closed,mum_109_wh_hl_01,,2026-09-29,
closed,hyd_136_wh_hl_01,,2026-09-29,
closed,rka_125_wh_hl_01,,2026-09-29,
closed,vad_104_wh_hl_01,,2026-09-29,
closed,bhu_103_wh_hl_01,,2026-09-29,
closed,ben_901_wh_hl_01,,2026-09-29,
closed,luc_134_wh_hl_01,,2026-09-29,
closed,del_195_wh_hl_01,,2026-09-29,
closed,dnc_102_wh_hl_01,,2026-09-29,
closed,ben_125_wh_hl_01,,2026-09-29,
closed,ben_150_wh_hl_01,,2026-09-29,
closed,ahm_131_wh_hl_01,,2026-09-29,
closed,luc_909_wh_hl_01,,2026-09-29,
closed,mum_113_wh_hl_01,,2026-09-29,
closed,coi_105_wh_hl_01,,2026-09-29,
closed,coi_106_wh_hl_01,,2026-09-29,
closed,lud_102_wh_hl_01,,2026-09-29,
closed,mum_102_wh_hl_01,,2026-09-29,
closed,mum_012_wh_hl_01,,2026-09-29,
closed,del_209_wh_hl_01,,2026-09-29,
closed,del_160_wh_hl_01,,2026-09-29,
closed,ghz_112_wh_hl_01,,2026-09-29,
closed,del_196_wh_hl_01,,2026-09-29,
closed,kol_109_wh_hl_01,,2026-09-29,
closed,roo_107_wh_hl_01,,2026-09-29,
closed,pun_126_wh_hl_01,,2026-09-29,
closed,del_160_wh_hl_01,,2026-09-29,
closed,noi_102_wh_hl_01,,2026-09-29,
closed,ghz_119_wh_hl_01,,2026-09-29,
closed,far_101_wh_hl_01,,2026-09-29,
closed,mum_067_wh_hl_01,,2026-09-29,
closed,del_14_wh_hl_01,,2026-09-29,
closed,ghz_119_wh_hl_01,,2026-09-29,
closed,noi_102_wh_hl_01,,2026-09-29,
closed,gur_108_wh_hl_01,,2026-09-29,
closed,che_146_wh_hl_01,,2026-09-29,
closed,mum_109_wh_hl_01,,2026-09-29,
closed,mum_102_wh_hl_01,,2026-09-29,
closed,pun_154_wh_hl_01,,2026-09-29,
closed,del_160_wh_hl_01,,2026-09-29,
closed,vad_102_wh_hl_01,,2026-09-29,
closed,che_174_wh_hl_01,,2026-09-29,
closed,rup_128_wh_hl_01,,2026-09-29,
closed,del_108_wh_hl_01,,2026-09-29,
closed,pun_108_wh_hl_01,,2026-09-29,
closed,del_195_wh_hl_01,,2026-09-29,
closed,del_195_wh_hl_01,,2026-09-29,
closed,dnc_107_wh_hl_01,,2026-09-29,
closed,rup_129_wh_hl_01,,2026-09-29,
closed,che_118_wh_hl_01,,2026-09-29,
closed,del_101_wh_hl_01,,2026-09-29,
closed,ghz_119_wh_hl_01,,2026-09-29,
closed,rka_125_wh_hl_01,,2026-09-29,
closed,dnc_117_wh_hl_01,,2026-09-29,
closed,ben_144_wh_hl_01,,2026-09-29,
closed,coi_112_wh_hl_01,,2026-09-29,
closed,rta_105_wh_hl_01,,2026-09-29,
closed,gur_117_wh_hl_01,,2026-09-29,
closed,kol_158_wh_hl_01,,2026-09-29,
closed,koz_103_wh_hl_01,,2026-09-29,
closed,kol_171_wh_hl_01,,2026-09-29,
closed,gur_124_wh_hl_01,,2026-09-29,
closed,che_179_wh_hl_01,,2026-09-29,
closed,kol_103_wh_hl_01,,2026-09-29,
closed,rbi_105_wh_hl_01,,2026-09-29,
closed,rpu_103_wh_hl_01,,2026-09-29,
closed,bhu_103_wh_hl_01,,2026-09-29,
closed,hyd_157_wh_hl_01,,2026-09-29,
closed,ben_174_wh_hl_01,,2026-09-29,
closed,far_110_wh_hl_01,,2026-09-29,
closed,ahm_104_wh_hl_01,,2026-09-29,
closed,rok_102_wh_hl_01,,2026-09-29,
closed,rok_102_wh_hl_01,,2026-09-29,
closed,gur_113_wh_hl_01,,2026-09-29,
closed,ben_180_wh_hl_01,,2026-09-29,
closed,ben_256_wh_hl_01,,2026-09-29,
closed,hyd_138_wh_hl_01,,2026-09-29,
closed,mum_152_wh_hl_01,,2026-09-29,
closed,hyd_180_wh_hl_01,,2026-09-29,
closed,che_107_wh_hl_01,,2026-09-29,
closed,far_110_wh_hl_01,,2026-09-29,
closed,gur_104_wh_hl_01,,2026-09-29,
closed,ben_219_wh_hl_01,,2026-09-29,
closed,hyd_131_wh_hl_01,,2026-09-29,
closed,dnc_106_wh_hl_01,,2026-09-29,
closed,ben_118_wh_hl_01,,2026-09-29,
closed,rte_101_wh_hl_01,,2026-09-29,
closed,mum_187_wh_hl_01,,2026-09-29,
closed,kol_105_wh_hl_01,,2026-09-29,
closed,noi_102_wh_hl_01,,2026-09-29,
closed,coi_104_wh_hl_01,,2026-09-29,
closed,ahm_127_wh_hl_01,,2026-09-29,
closed,mum_921_wh_hl_01,,2026-09-29,
closed,luc_110_wh_hl_01,,2026-09-29,
closed,far_106_wh_hl_01,,2026-09-29,
closed,noi_102_wh_hl_01,,2026-09-29,
closed,noi_102_wh_hl_01,,2026-09-29,
closed,mum_921_wh_hl_01,,2026-09-29,
closed,luc_133_wh_hl_01,,2026-09-29,
closed,roo_101_wh_hl_01,,2026-09-29,
closed,hyd_150_wh_hl_01,,2026-09-29,
closed,del_243_wh_hl_01,,2026-09-29,
closed,del_188_wh_hl_01,,2026-09-29,
closed,kol_136_wh_hl_01,,2026-09-29,
closed,noi_102_wh_hl_01,,2026-09-29,
closed,far_101_wh_hl_01,,2026-09-29,
closed,hyd_159_wh_hl_01,,2026-09-29,
closed,hyd_151_wh_hl_01,,2026-09-29,
closed,kol_103_wh_hl_01,,2026-09-29,
closed,mum_126_wh_hl_01,,2026-09-29,
closed,rpu_101_wh_hl_01,,2026-09-29,
closed,che_105_wh_hl_01,,2026-09-29,
closed,rpu_115_wh_hl_01,,2026-09-29,
closed,rka_122_wh_hl_01,,2026-09-29,
closed,kol_142_wh_hl_01,,2026-09-29,
closed,pun_119_wh_hl_01,,2026-09-29,
closed,pun_122_wh_hl_01,,2026-09-29,
closed,pun_135_wh_hl_01,,2026-09-29,
closed,noi_123_wh_hl_01,,2026-09-29,
closed,rta_102_wh_hl_01,,2026-09-29,
closed,pun_159_wh_hl_01,,2026-09-29,
closed,kol_166_wh_hl_01,,2026-09-29,
closed,kol_103_wh_hl_01,,2026-09-29,
closed,coc_105_wh_hl_01,,2026-09-29,
closed,ben_184_wh_hl_01,,2026-09-29,
closed,noi_114_wh_hl_01,,2026-09-29,
closed,del_042_wh_hl_01,,2026-09-29,
closed,gur_108_wh_hl_01,,2026-09-29,
closed,che_123_wh_hl_01,,2026-09-29,
closed,del_188_wh_hl_01,,2026-09-29,
closed,ben_247_wh_hl_01,,2026-09-29,
closed,rok_108_wh_hl_01,,2026-09-29,
closed,rta_102_wh_hl_01,,2026-09-29,
closed,del_080_wh_hl_01,,2026-09-29,
closed,che_103_wh_hl_01,,2026-09-29,
closed,kol_122_wh_hl_01,,2026-09-29,
closed,far_101_wh_hl_01,,2026-09-29,
closed,vad_101_wh_hl_01,,2026-09-29,
closed,vad_101_wh_hl_01,,2026-09-29,
closed,pun_145_wh_hl_01,,2026-09-29,
closed,roo_107_wh_hl_01,,2026-09-29,
closed,mum_103_wh_hl_01,,2026-09-29,
closed,rpu_117_wh_hl_01,,2026-09-29,
closed,hyd_120_wh_hl_01,,2026-09-29,
closed,che_110_wh_hl_01,,2026-09-29,
closed,pun_135_wh_hl_01,,2026-09-29,
closed,rok_102_wh_hl_01,,2026-09-29,
closed,del_004_wh_hl_01,,2026-09-29,
closed,del_14_wh_hl_01,,2026-09-29,
closed,ben_238_wh_hl_01,,2026-09-29,
closed,del_202_wh_hl_01,,2026-09-29,
closed,del_021_wh_hl_01,,2026-09-29,
closed,dnc_117_wh_hl_01,,2026-09-29,
closed,rup_133_wh_hl_01,,2026-09-29,
closed,cha_108_wh_hl_01,,2026-09-29,
closed,pun_126_wh_hl_01,,2026-09-29,
closed,che_139_wh_hl_01,,2026-09-29,
closed,rup_132_wh_hl_01,,2026-09-29,
closed,bhu_110_wh_hl_01,,2026-09-29,
closed,rup_102_wh_hl_01,,2026-09-29,
closed,hyd_159_wh_hl_01,,2026-09-29,
closed,ahm_104_wh_hl_01,,2026-09-29,
closed,hyd_187_wh_hl_01,,2026-09-29,
closed,mum_061_wh_hl_01,,2026-09-29,
closed,rup_104_wh_hl_01,,2026-09-29,
closed,bhu_103_wh_hl_01,,2026-09-29,
closed,pat_115_wh_hl_01,,2026-09-29,
closed,del_158_wh_hl_01,,2026-09-29,
closed,mum_159_wh_hl_01,,2026-09-29,
closed,che_195_wh_hl_01,,2026-09-29,
closed,rok_102_wh_hl_01,,2026-09-29,
closed,pun_138_wh_hl_01,,2026-09-29,
closed,dnc_107_wh_hl_01,,2026-09-29,
closed,mum_113_wh_hl_01,,2026-09-29,
closed,roo_107_wh_hl_01,,2026-09-29,
closed,rpu_117_wh_hl_01,,2026-09-29,
closed,coi_106_wh_hl_01,,2026-09-29,
closed,rok_108_wh_hl_01,,2026-09-29,
closed,del_188_wh_hl_01,,2026-09-29,
closed,che_105_wh_hl_01,,2026-09-29,
closed,far_107_wh_hl_01,,2026-09-29,
closed,pat_120_wh_hl_01,,2026-09-29,
closed,ben_128_wh_hl_01,,2026-09-29,
closed,del_310_wh_hl_02,,2026-09-29,
closed,pat_106_wh_hl_01,,2026-09-29,
closed,pun_154_wh_hl_01,,2026-09-29,
closed,far_107_wh_hl_01,,2026-09-29,
closed,ghz_119_wh_hl_01,,2026-09-29,
closed,gur_102_wh_hl_01,,2026-09-29,
closed,gur_130_wh_hl_01,,2026-09-29,
closed,mum_189_wh_hl_01,,2026-09-29,
closed,kol_111_wh_hl_01,,2026-09-29,
closed,ben_234_wh_hl_01,,2026-09-29,
closed,rta_110_wh_hl_01,,2026-09-29,
closed,kol_129_wh_hl_01,,2026-09-29,
closed,vad_101_wh_hl_01,,2026-09-29,
closed,kol_105_wh_hl_01,,2026-09-29,
closed,vad_101_wh_hl_01,,2026-09-29,
closed,coi_107_wh_hl_02,,2026-09-29,
closed,hyd_137_wh_hl_01,,2026-09-29,
closed,hyd_124_wh_hl_01,,2026-09-29,
closed,del_017_wh_hl_01,,2026-09-29,
closed,ben_016_wh_hl_01,,2026-09-29,
closed,vel_103_wh_hl_01,,2026-09-29,
closed,kol_195_wh_hl_01,,2026-09-29,
closed,del_160_wh_hl_01,,2026-09-29,
closed,ghz_121_wh_hl_01,,2026-09-29,
closed,pun_154_wh_hl_01,,2026-09-29,
closed,ahm_124_wh_hl_01,,2026-09-29,
closed,roo_113_wh_hl_01,,2026-09-29,
closed,pun_108_wh_hl_01,,2026-09-29,
closed,pun_105_wh_hl_01,,2026-09-29,
closed,ahm_131_wh_hl_01,,2026-09-29,
closed,del_196_wh_hl_01,,2026-09-29,
closed,jai_117_wh_hl_01,,2026-09-29,
closed,gur_122_wh_hl_01,,2026-09-29,
closed,coi_103_wh_hl_01,,2026-09-29,
closed,ahm_101_wh_hl_01,,2026-09-29,
closed,ahm_128_wh_hl_01,,2026-09-29,
closed,kol_171_wh_hl_01,,2026-09-29,
closed,hyd_118_wh_hl_01,,2026-09-29,
closed,hyd_139_wh_hl_01,,2026-09-29,
closed,ben_017_wh_hl_01,,2026-09-29,
closed,rta_103_wh_hl_01,,2026-09-29,
closed,gur_117_wh_hl_01,,2026-09-29,
closed,bhu_103_wh_hl_01,,2026-09-29,
closed,del_045_wh_hl_01,,2026-09-29,
closed,var_106_wh_hl_01,,2026-09-29,
closed,che_176_wh_hl_01,,2026-09-29,
closed,mum_160_wh_hl_01,,2026-09-29,
closed,ben_196_wh_hl_01,,2026-09-29,
closed,ghz_119_wh_hl_01,,2026-09-29,
closed,mum_079_wh_hl_01,,2026-09-29,
closed,che_147_wh_hl_01,,2026-09-29,
closed,che_102_wh_hl_01,,2026-09-29,
closed,pun_153_wh_hl_01,,2026-09-29,
closed,mum_067_wh_hl_01,,2026-09-29,
closed,che_176_wh_hl_01,,2026-09-29,
closed,che_172_wh_hl_01,,2026-09-29,
closed,ghz_115_wh_hl_01,,2026-09-29,
closed,hyd_139_wh_hl_01,,2026-09-29,
closed,del_124_wh_hl_01,,2026-09-29,
closed,pun_117_wh_hl_01,,2026-09-29,
closed,rta_104_wh_hl_01,,2026-09-29,
closed,che_160_wh_hl_01,,2026-09-29,
closed,ahm_136_wh_hl_01,,2026-09-29,
closed,rta_101_wh_hl_01,,2026-09-29,
closed,hyd_161_wh_hl_01,,2026-09-29,
closed,ben_184_wh_hl_01,,2026-09-29,
closed,rup_133_wh_hl_01,,2026-09-29,
closed,pun_145_wh_hl_01,,2026-09-29,
closed,pun_138_wh_hl_01,,2026-09-29,
closed,kol_175_wh_hl_01,,2026-09-29,
closed,ghz_119_wh_hl_01,,2026-09-29,
closed,rta_103_wh_hl_01,,2026-09-29,
closed,koz_101_wh_hl_01,,2026-09-29,
closed,hyd_105_wh_hl_01,,2026-09-29,
closed,ben_216_wh_hl_01,,2026-09-29,
closed,rka_119_wh_hl_01,,2026-09-29,
closed,ben_150_wh_hl_01,,2026-09-29,
closed,ben_140_wh_hl_01,,2026-09-29,
closed,coi_107_wh_hl_02,,2026-09-29,
closed,pun_103_wh_hl_01,,2026-09-29,
closed,rka_114_wh_hl_01,,2026-09-29,
closed,coi_106_wh_hl_01,,2026-09-29,
closed,ben_135_wh_hl_01,,2026-09-29,
closed,ahm_131_wh_hl_01,,2026-09-29,
closed,ghz_121_wh_hl_01,,2026-09-29,
closed,ben_107_wh_hl_01,,2026-09-29,
closed,ben_107_wh_hl_01,,2026-09-29,
closed,kol_105_wh_hl_01,,2026-09-29,
closed,pun_154_wh_hl_01,,2026-09-29,
closed,jai_117_wh_hl_01,,2026-09-29,
closed,del_026_wh_hl_01,,2026-09-29,
closed,gur_117_wh_hl_01,,2026-09-29,
closed,ghz_111_wh_hl_01,,2026-09-29,
closed,che_159_wh_hl_01,,2026-09-29,
closed,che_190_wh_hl_01,,2026-09-29,
closed,che_105_wh_hl_01,,2026-09-29,
closed,ahm_114_wh_hl_01,,2026-09-29,
closed,pun_126_wh_hl_01,,2026-09-29,
closed,pat_101_wh_hl_01,,2026-09-29,
closed,gur_127_wh_hl_01,,2026-09-29,
closed,rok_102_wh_hl_01,,2026-09-29,
closed,kol_109_wh_hl_01,,2026-09-29,
closed,pun_115_wh_hl_01,,2026-09-29,
closed,mum_080_wh_hl_01,,2026-09-29,
closed,del_142_wh_hl_01,,2026-09-29,
closed,rta_103_wh_hl_01,,2026-09-29,
closed,ghz_121_wh_hl_01,,2026-09-29,
closed,jai_117_wh_hl_01,,2026-09-29,
closed,kol_103_wh_hl_01,,2026-09-29,
closed,rok_109_wh_hl_01,,2026-09-29,
closed,ghz_117_wh_hl_01,,2026-09-29,
closed,gur_110_wh_hl_01,,2026-09-29,
closed,ben_104_wh_hl_01,,2026-09-29,
closed,rbi_134_wh_hl_01,,2026-09-29,
closed,ahm_104_wh_hl_01,,2026-09-29,
closed,del_124_wh_hl_01,,2026-09-29,
closed,vad_104_wh_hl_01,,2026-09-29,
closed,hyd_159_wh_hl_01,,2026-09-29,
closed,jai_111_wh_hl_01,,2026-09-29,
closed,ben_043_wh_hl_01,,2026-09-29,
closed,ben_185_wh_hl_01,,2026-09-29,
closed,del_118_wh_hl_01,,2026-09-29,
closed,kol_103_wh_hl_01,,2026-09-29,
closed,ben_243_wh_hl_01,,2026-09-29,
closed,bhu_103_wh_hl_01,,2026-09-29,
closed,del_210_wh_hl_01,,2026-09-29,
closed,mum_151_wh_hl_01,,2026-09-29,
closed,coc_107_wh_hl_01,,2026-09-29,
closed,del_202_wh_hl_01,,2026-09-29,
closed,bhu_105_wh_hl_01,,2026-09-29,
closed,ben_176_wh_hl_01,,2026-09-29,
closed,rta_101_wh_hl_01,,2026-09-29,
closed,koz_105_wh_hl_01,,2026-09-29,
closed,gur_130_wh_hl_01,,2026-09-29,
closed,del_14_wh_hl_01,,2026-09-29,
closed,pun_121_wh_hl_01,,2026-09-29,
closed,pun_117_wh_hl_01,,2026-09-29,
closed,rta_102_wh_hl_01,,2026-09-29,
closed,del_108_wh_hl_01,,2026-09-29,
closed,rta_102_wh_hl_01,,2026-09-29,
closed,ben_184_wh_hl_01,,2026-09-29,
closed,ben_184_wh_hl_01,,2026-09-29,
closed,ben_166_wh_hl_01,,2026-09-29,
closed,rup_102_wh_hl_01,,2026-09-29,
closed,pun_117_wh_hl_01,,2026-09-29,
closed,rta_102_wh_hl_01,,2026-09-29,
closed,del_042_wh_hl_01,,2026-09-29,
closed,mum_165_wh_hl_01,,2026-09-29,
closed,pun_117_wh_hl_01,,2026-09-29,
closed,del_112_wh_hl_01,,2026-09-29,
closed,kol_103_wh_hl_01,,2026-09-29,
closed,del_101_wh_hl_01,,2026-09-29,
closed,lud_102_wh_hl_01,,2026-09-29,
closed,mum_113_wh_hl_01,,2026-09-29,
closed,mum_165_wh_hl_01,,2026-09-29,
closed,ben_150_wh_hl_01,,2026-09-29,
closed,che_146_wh_hl_01,,2026-09-29,
closed,rjh_102_wh_hl_01,,2026-09-29,
closed,che_146_wh_hl_01,,2026-09-29,
closed,gur_104_wh_hl_01,,2026-09-29,
closed,pun_126_wh_hl_01,,2026-09-29,
closed,ben_036_wh_hl_01,,2026-09-29,
closed,del_064_wh_hl_01,,2026-09-29,
closed,che_146_wh_hl_01,,2026-09-29,
closed,coi_104_wh_hl_01,,2026-09-29,
closed,gur_129_wh_hl_01,,2026-09-29,
closed,kol_103_wh_hl_01,,2026-09-29,
closed,luc_111_wh_hl_01,,2026-09-29,
closed,gur_117_wh_hl_01,,2026-09-29,
closed,ben_042_wh_hl_01,,2026-09-29,
closed,ben_167_wh_hl_01,,2026-09-29,
closed,ben_201_wh_hl_01,,2026-09-29,
closed,pun_115_wh_hl_01,,2026-09-29,
closed,pun_108_wh_hl_01,,2026-09-29,
closed,rka_122_wh_hl_01,,2026-09-29,
closed,far_104_wh_hl_01,,2026-09-29,
closed,mum_921_wh_hl_01,,2026-09-29,
closed,pun_154_wh_hl_01,,2026-09-29,
closed,kol_207_wh_hl_01,,2026-09-29,
closed,bhu_108_wh_hl_01,,2026-09-29,
closed,del_915_wh_hl_01,,2026-09-29,
closed,ben_155_wh_hl_01,,2026-09-29,
closed,che_139_wh_hl_01,,2026-09-29,
closed,koz_105_wh_hl_01,,2026-09-29,
closed,mum_021_wh_hl_01,,2026-09-29,
closed,noi_106_wh_hl_01,,2026-09-29,
closed,lud_103_wh_hl_01,,2026-09-29,
closed,del_117_wh_hl_01,,2026-09-29,
closed,rwb_111_wh_hl_01,,2026-09-29,
closed,rwb_111_wh_hl_01,,2026-09-29,
closed,pun_145_wh_hl_01,,2026-09-29,
closed,kol_103_wh_hl_01,,2026-09-29,
closed,ben_017_wh_hl_01,,2026-09-29,
closed,hyd_120_wh_hl_01,,2026-09-29,
closed,ben_147_wh_hl_01,,2026-09-29,
closed,dnc_110_wh_hl_01,,2026-09-29,
closed,del_195_wh_hl_01,,2026-09-29,
closed,hyd_120_wh_hl_01,,2026-09-29,
closed,kol_116_wh_hl_01,,2026-09-29,
closed,ben_216_wh_hl_01,,2026-09-29,
closed,kol_175_wh_hl_01,,2026-09-29,
closed,hyd_139_wh_hl_01,,2026-09-29,
closed,dnc_117_wh_hl_01,,2026-09-29,
closed,pun_101_wh_hl_01,,2026-09-29,
closed,hyd_104_wh_hl_01,,2026-09-29,
closed,hyd_104_wh_hl_01,,2026-09-29,
closed,mum_129_wh_hl_01,,2026-09-29,
closed,guw_121_wh_hl_01,,2026-09-29,
closed,che_139_wh_hl_01,,2026-09-29,
closed,hyd_103_wh_hl_01,,2026-09-29,
closed,hyd_115_wh_hl_01,,2026-09-29,
closed,hyd_159_wh_hl_01,,2026-09-29,
closed,che_123_wh_hl_01,,2026-09-29,
closed,che_179_wh_hl_01,,2026-09-29,
closed,guw_107_wh_hl_01,,2026-09-29,
closed,rup_102_wh_hl_01,,2026-09-29,
closed,pun_145_wh_hl_01,,2026-09-29,
closed,hyd_140_wh_hl_01,,2026-09-29,
closed,ahm_136_wh_hl_01,,2026-09-29,
closed,ben_145_wh_hl_01,,2026-09-29,
closed,pat_121_wh_hl_01,,2026-09-29,
closed,kol_109_wh_hl_01,,2026-09-29,
closed,vad_101_wh_hl_01,,2026-09-29,
closed,pun_145_wh_hl_01,,2026-09-29,
closed,ben_150_wh_hl_01,,2026-09-29,
closed,luc_117_wh_hl_01,,2026-09-29,
closed,ben_258_wh_hl_01,,2026-09-29,
closed,lud_102_wh_hl_01,,2026-09-29,
closed,ben_241_wh_hl_01,,2026-09-29,
closed,rta_106_wh_hl_01,,2026-09-29,
closed,ahm_103_wh_hl_01,,2026-09-29,
closed,lud_102_wh_hl_01,,2026-09-29,
closed,coi_103_wh_hl_01,,2026-09-29,
closed,luc_118_wh_hl_01,,2026-09-29,
closed,ben_140_wh_hl_01,,2026-09-29,
closed,che_134_wh_hl_01,,2026-09-29,
closed,ghz_114_wh_hl_01,,2026-09-29,
closed,mum_102_wh_hl_01,,2026-09-29,
closed,pun_115_wh_hl_01,,2026-09-29,
closed,pun_108_wh_hl_01,,2026-09-29,
closed,kol_109_wh_hl_01,,2026-09-29,
closed,del_007_wh_hl_01,,2026-09-29,
closed,kol_105_wh_hl_01,,2026-09-29,
closed,pun_107_wh_hl_01,,2026-09-29,
closed,ahm_122_wh_hl_01,,2026-09-29,
closed,che_138_wh_hl_01,,2026-09-29,
closed,ben_903_wh_hl_01,,2026-09-29,
closed,ahm_114_wh_hl_01,,2026-09-29,
closed,rup_124_wh_hl_01,,2026-09-29,
closed,che_134_wh_hl_01,,2026-09-29,
closed,noi_139_wh_hl_01,,2026-09-29,
closed,ahm_112_wh_hl_01,,2026-09-29,
closed,mum_025_wh_hl_01,,2026-09-29,
closed,pun_124_wh_hl_01,,2026-09-29,
closed,coi_109_wh_hl_01,,2026-09-29,
closed,rok_108_wh_hl_01,,2026-09-29,
closed,che_159_wh_hl_01,,2026-09-29,
closed,kol_103_wh_hl_01,,2026-09-29,
closed,rta_102_wh_hl_01,,2026-09-29,
closed,ben_216_wh_hl_01,,2026-09-29,
closed,ahm_107_wh_hl_01,,2026-09-29,
closed,che_185_wh_hl_01,,2026-09-29,
closed,gur_124_wh_hl_01,,2026-09-29,
closed,ben_243_wh_hl_01,,2026-09-29,
closed,hyd_190_wh_hl_01,,2026-09-29,
closed,ahm_122_wh_hl_01,,2026-09-29,
closed,rta_105_wh_hl_01,,2026-09-29,
closed,ben_216_wh_hl_01,,2026-09-29,
closed,rup_103_wh_hl_01,,2026-09-29,
closed,pun_144_wh_hl_01,,2026-09-29,
closed,coc_107_wh_hl_01,,2026-09-29,
closed,ben_147_wh_hl_01,,2026-09-29,
closed,vad_104_wh_hl_01,,2026-09-29,
closed,noi_112_wh_hl_01,,2026-09-29,
closed,hyd_138_wh_hl_01,,2026-09-29,
closed,mum_115_wh_hl_01,,2026-09-29,
closed,che_102_wh_hl_01,,2026-09-29,
closed,ben_166_wh_hl_01,,2026-09-29,
closed,ahm_136_wh_hl_01,,2026-09-29,
closed,hyd_141_wh_hl_01,,2026-09-29,
closed,del_181_wh_hl_01,,2026-09-29,
closed,pun_117_wh_hl_01,,2026-09-29,
closed,pun_117_wh_hl_01,,2026-09-29,
closed,ahm_122_wh_hl_01,,2026-09-29,
closed,hyd_139_wh_hl_01,,2026-09-29,
closed,ben_018_wh_hl_01,,2026-09-29,
closed,pat_121_wh_hl_01,,2026-09-29,
closed,del_202_wh_hl_01,,2026-09-29,
closed,jai_117_wh_hl_01,,2026-09-29,
closed,coi_104_wh_hl_01,,2026-09-29,
closed,guw_121_wh_hl_01,,2026-09-29,
closed,kol_158_wh_hl_01,,2026-09-29,
closed,che_115_wh_hl_01,,2026-09-29,
closed,del_071_wh_hl_01,,2026-09-29,
closed,ben_917_wh_hl_01,,2026-09-29,
closed,pat_121_wh_hl_01,,2026-09-29,
closed,jal_102_wh_hl_01,,2026-09-29,
closed,jal_104_wh_hl_01,,2026-09-29,
closed,hyd_125_wh_hl_01,,2026-09-29,
closed,noi_102_wh_hl_01,,2026-09-29,
closed,ben_150_wh_hl_01,,2026-09-29,
closed,dnc_102_wh_hl_01,,2026-09-29,
closed,pun_121_wh_hl_01,,2026-09-29,
closed,ben_917_wh_hl_01,,2026-09-29,
closed,kol_109_wh_hl_01,,2026-09-29,
closed,kol_136_wh_hl_01,,2026-09-29,
closed,del_193_wh_hl_01,,2026-09-29,
closed,coi_104_wh_hl_01,,2026-09-29,
closed,mum_075_wh_hl_01,,2026-09-29,
closed,del_14_wh_hl_01,,2026-09-29,
closed,del_14_wh_hl_01,,2026-09-29,
closed,hyd_178_wh_hl_01,,2026-09-29,
closed,del_184_wh_hl_01,,2026-09-29,
closed,pat_106_wh_hl_01,,2026-09-29,
closed,ahm_917_wh_hl_01,,2026-09-29,
closed,ahm_142_wh_hl_01,,2026-09-29,
closed,ben_003_wh_hl_01,,2026-09-29,
closed,kol_103_wh_hl_01,,2026-09-29,
closed,ghz_114_wh_hl_01,,2026-09-29,
closed,ahm_127_wh_hl_01,,2026-09-29,
closed,del_199_wh_hl_01,,2026-09-29,
closed,hyd_120_wh_hl_01,,2026-09-29,
closed,rok_107_wh_hl_01,,2026-09-29,
closed,del_108_wh_hl_01,,2026-09-29,
closed,ghz_114_wh_hl_01,,2026-09-29,
closed,del_14_wh_hl_01,,2026-09-29,
closed,pun_108_wh_hl_01,,2026-09-29,
closed,mum_921_wh_hl_01,,2026-09-29,
closed,che_142_wh_hl_01,,2026-09-29,
closed,rka_121_wh_hl_01,,2026-09-29,
closed,hyd_135_wh_hl_01,,2026-09-29,
closed,ben_016_wh_hl_01,,2026-09-29,
closed,ben_243_wh_hl_01,,2026-09-29,
closed,che_116_wh_hl_01,,2026-09-29,
closed,rta_102_wh_hl_01,,2026-09-29,
closed,ghz_119_wh_hl_01,,2026-09-29,
closed,guw_119_wh_hl_01,,2026-09-29,
closed,del_117_wh_hl_01,,2026-09-29,
closed,ahm_104_wh_hl_01,,2026-09-29,
closed,kol_107_wh_hl_01,,2026-09-29,
closed,rta_101_wh_hl_01,,2026-09-29,
closed,hyd_164_wh_hl_01,,2026-09-29,
closed,rpu_122_wh_hl_01,,2026-09-29,
closed,kol_103_wh_hl_01,,2026-09-29,
closed,ben_223_wh_hl_01,,2026-09-29,
closed,del_117_wh_hl_01,,2026-09-29,
closed,dnc_117_wh_hl_01,,2026-09-29,
closed,che_190_wh_hl_01,,2026-09-29,
closed,ahm_917_wh_hl_01,,2026-09-29,
closed,noi_129_wh_hl_01,,2026-09-29,
closed,che_176_wh_hl_01,,2026-09-29,
closed,hyd_133_wh_hl_01,,2026-09-29,
closed,pun_139_wh_hl_01,,2026-09-29,
closed,del_061_wh_hl_01,,2026-09-29,
closed,del_025_wh_hl_01,,2026-09-29,
closed,ben_034_wh_hl_01,,2026-09-29,
closed,rta_104_wh_hl_01,,2026-09-29,
closed,hyd_189_wh_hl_01,,2026-09-29,
closed,dnc_107_wh_hl_01,,2026-09-29,
closed,che_176_wh_hl_01,,2026-09-29,
closed,rup_104_wh_hl_01,,2026-09-29,
closed,luc_118_wh_hl_01,,2026-09-29,
closed,del_108_wh_hl_01,,2026-09-29,
closed,hyd_161_wh_hl_01,,2026-09-29,
closed,ben_125_wh_hl_01,,2026-09-29,
closed,pun_145_wh_hl_01,,2026-09-29,
closed,mum_061_wh_hl_01,,2026-09-29,
closed,gur_121_wh_hl_01,,2026-09-29,
closed,ben_238_wh_hl_01,,2026-09-29,
closed,cha_108_wh_hl_01,,2026-09-29,
closed,rpu_113_wh_hl_01,,2026-09-29,
closed,rpu_113_wh_hl_01,,2026-09-29,
closed,che_105_wh_hl_01,,2026-09-29,
closed,rta_111_wh_hl_01,,2026-09-29,
closed,coi_105_wh_hl_01,,2026-09-29,
closed,del_026_wh_hl_01,,2026-09-29,
closed,guw_121_wh_hl_01,,2026-09-29,
closed,kol_136_wh_hl_01,,2026-09-29,
closed,ahm_133_wh_hl_01,,2026-09-29,
closed,luc_101_wh_hl_01,,2026-09-29,
closed,pun_126_wh_hl_01,,2026-09-29,
closed,che_196_wh_hl_01,,2026-09-29,
closed,che_185_wh_hl_01,,2026-09-29,
closed,rok_102_wh_hl_01,,2026-09-29,
closed,gur_103_wh_hl_01,,2026-09-29,
closed,pun_146_wh_hl_01,,2026-09-29,
closed,ben_176_wh_hl_01,,2026-09-29,
closed,kol_118_wh_hl_01,,2026-09-29,
closed,gur_113_wh_hl_01,,2026-09-29,
closed,mum_182_wh_hl_01,,2026-09-29,
closed,che_121_wh_hl_01,,2026-09-29,
closed,del_14_wh_hl_01,,2026-09-29,
closed,del_106_wh_hl_01,,2026-09-29,
closed,ben_241_wh_hl_01,,2026-09-29,
closed,hyd_130_wh_hl_01,,2026-09-29,
closed,rup_137_wh_hl_01,,2026-09-29,
closed,del_088_wh_hl_01,,2026-09-29,
closed,pun_115_wh_hl_01,,2026-09-29,
closed,gur_110_wh_hl_01,,2026-09-29,
closed,che_188_wh_hl_01,,2026-09-29,
closed,dnc_102_wh_hl_01,,2026-09-29,
closed,rok_102_wh_hl_01,,2026-09-29,
closed,del_023_wh_hl_01,,2026-09-29,
closed,kol_207_wh_hl_01,,2026-09-29,
closed,noi_106_wh_hl_01,,2026-09-29,
closed,noi_106_wh_hl_01,,2026-09-29,
closed,noi_106_wh_hl_01,,2026-09-29,
closed,del_188_wh_hl_01,,2026-09-29,
closed,che_139_wh_hl_01,,2026-09-29,
closed,rta_102_wh_hl_01,,2026-09-29,
closed,che_176_wh_hl_01,,2026-09-29,
closed,ahm_109_wh_hl_01,,2026-09-29,
closed,coc_105_wh_hl_01,,2026-09-29,
closed,del_140_wh_hl_01,,2026-09-29,
closed,ahm_101_wh_hl_01,,2026-09-29,
closed,ben_198_wh_hl_01,,2026-09-29,
closed,del_117_wh_hl_01,,2026-09-29,
closed,ben_017_wh_hl_01,,2026-09-29,
closed,shm_101_wh_hl_01,,2026-09-29,
closed,luc_111_wh_hl_01,,2026-09-29,
closed,ben_238_wh_hl_01,,2026-09-29,
closed,ben_185_wh_hl_01,,2026-09-29,
closed,che_126_wh_hl_01,,2026-09-29,
closed,bhu_103_wh_hl_01,,2026-09-29,
closed,che_122_wh_hl_01,,2026-09-29,
closed,hyd_102_wh_hl_01,,2026-09-29,
closed,ahm_104_wh_hl_01,,2026-09-29,
closed,hyd_186_wh_hl_01,,2026-09-29,
closed,mum_109_wh_hl_01,,2026-09-29,
closed,hyd_135_wh_hl_01,,2026-09-29,
closed,ben_034_wh_hl_01,,2026-09-29,
closed,rta_104_wh_hl_01,,2026-09-29,
closed,kol_172_wh_hl_01,,2026-09-29,
closed,rup_102_wh_hl_01,,2026-09-29,
closed,rpu_103_wh_hl_01,,2026-09-29,
closed,kol_171_wh_hl_01,,2026-09-29,
closed,hyd_190_wh_hl_01,,2026-09-29,
closed,hyd_105_wh_hl_01,,2026-09-29,
closed,ben_216_wh_hl_01,,2026-09-29,
closed,vad_104_wh_hl_01,,2026-09-29,
closed,del_195_wh_hl_01,,2026-09-29,
closed,del_004_wh_hl_01,,2026-09-29,
closed,hyd_161_wh_hl_01,,2026-09-29,
closed,che_146_wh_hl_01,,2026-09-29,
closed,lud_102_wh_hl_01,,2026-09-29,
closed,lud_102_wh_hl_01,,2026-09-29,
closed,rte_102_wh_hl_01,,2026-09-29,
closed,coi_103_wh_hl_01,,2026-09-29,
closed,hyd_167_wh_hl_01,,2026-09-29,
closed,noi_126_wh_hl_01,,2026-09-29,
closed,del_14_wh_hl_01,,2026-09-29,
closed,hyd_122_wh_hl_01,,2026-09-29,
closed,noi_139_wh_hl_01,,2026-09-29,
closed,ben_224_wh_hl_01,,2026-09-29,
closed,ben_117_wh_hl_01,,2026-09-29,
closed,del_196_wh_hl_01,,2026-09-29,
closed,luc_129_wh_hl_01,,2026-09-29,
closed,ahm_133_wh_hl_01,,2026-09-29,
closed,del_112_wh_hl_01,,2026-09-29,
closed,ben_110_wh_hl_01,,2026-09-29,
closed,coi_103_wh_hl_01,,2026-09-29,
closed,roo_101_wh_hl_01,,2026-09-29,
closed,kol_109_wh_hl_01,,2026-09-29,
closed,hyd_150_wh_hl_01,,2026-09-29,
closed,far_104_wh_hl_01,,2026-09-29,
closed,kol_103_wh_hl_01,,2026-09-29,
closed,rta_106_wh_hl_01,,2026-09-29,
closed,pun_109_wh_hl_01,,2026-09-29,
closed,ahm_142_wh_hl_01,,2026-09-29,
closed,ben_257_wh_hl_01,,2026-09-29,
closed,che_122_wh_hl_01,,2026-09-29,
closed,che_157_wh_hl_01,,2026-09-29,
closed,noi_132_wh_hl_01,,2026-09-29,
closed,che_188_wh_hl_01,,2026-09-29,
closed,del_026_wh_hl_01,,2026-09-29,
closed,noi_114_wh_hl_01,,2026-09-29,
closed,kol_114_wh_hl_01,,2026-09-29,
closed,ghz_114_wh_hl_01,,2026-09-29,
closed,ghz_121_wh_hl_01,,2026-09-29,
closed,noi_143_wh_hl_01,,2026-09-29,
closed,del_141_wh_hl_01,,2026-09-29,
closed,var_106_wh_hl_01,,2026-09-29,
closed,rta_105_wh_hl_01,,2026-09-29,
closed,rok_108_wh_hl_01,,2026-09-29,
closed,koz_103_wh_hl_01,,2026-09-29,
closed,hyd_151_wh_hl_01,,2026-09-29,
closed,kol_126_wh_hl_01,,2026-09-29,
closed,rpu_117_wh_hl_01,,2026-09-29,
closed,del_207_wh_hl_01,,2026-09-29,
closed,rta_102_wh_hl_01,,2026-09-29,
closed,ahm_126_wh_hl_01,,2026-09-29,
closed,ahm_114_wh_hl_01,,2026-09-29,
closed,hyd_135_wh_hl_01,,2026-09-29,
closed,ben_102_wh_hl_01,,2026-09-29,
closed,del_078_wh_hl_01,,2026-09-29,
closed,ben_243_wh_hl_01,,2026-09-29,
closed,hyd_104_wh_hl_01,,2026-09-29,
closed,pat_102_wh_hl_01,,2026-09-29,
closed,jai_106_wh_hl_01,,2026-09-29,
closed,koz_105_wh_hl_01,,2026-09-29,
closed,guw_128_wh_hl_01,,2026-09-29,
closed,hyd_189_wh_hl_01,,2026-09-29,
closed,guw_128_wh_hl_01,,2026-09-29,
closed,che_103_wh_hl_01,,2026-09-29,
closed,pun_138_wh_hl_01,,2026-09-29,
closed,rpu_105_wh_hl_01,,2026-09-29,
closed,mum_129_wh_hl_01,,2026-09-29,
closed,pun_138_wh_hl_01,,2026-09-29,
closed,gur_110_wh_hl_01,,2026-09-29,
closed,del_017_wh_hl_01,,2026-09-29,
closed,guw_121_wh_hl_01,,2026-09-29,
closed,ahm_127_wh_hl_01,,2026-09-29,
closed,ahm_111_wh_hl_01,,2026-09-29,
closed,rok_102_wh_hl_01,,2026-09-29,
closed,hyd_139_wh_hl_01,,2026-09-29,
closed,ahm_104_wh_hl_01,,2026-09-29,
closed,hyd_135_wh_hl_01,,2026-09-29,
closed,rup_129_wh_hl_01,,2026-09-29,
closed,jal_103_wh_hl_01,,2026-09-29,
closed,mum_025_wh_hl_01,,2026-09-29,
closed,rup_118_wh_hl_01,,2026-09-29,
closed,rta_110_wh_hl_01,,2026-09-29,
closed,kol_105_wh_hl_01,,2026-09-29,
closed,luc_118_wh_hl_01,,2026-09-29,
closed,mum_025_wh_hl_01,,2026-09-29,
closed,roo_113_wh_hl_01,,2026-09-29,
closed,del_243_wh_hl_01,,2026-09-29,
closed,luc_118_wh_hl_01,,2026-09-29,
closed,luc_118_wh_hl_01,,2026-09-29,
closed,ahm_133_wh_hl_01,,2026-09-29,
closed,mum_140_wh_hl_01,,2026-09-29,
closed,pun_126_wh_hl_01,,2026-09-29,
closed,mum_921_wh_hl_01,,2026-09-29,
closed,coi_105_wh_hl_01,,2026-09-29,
closed,kol_129_wh_hl_01,,2026-09-29,
closed,hyd_105_wh_hl_01,,2026-09-29,
closed,hyd_154_wh_hl_01,,2026-09-29,
closed,jai_127_wh_hl_01,,2026-09-29,
closed,kol_111_wh_hl_01,,2026-09-29,
closed,ghz_119_wh_hl_01,,2026-09-29,
closed,vad_101_wh_hl_01,,2026-09-29,
closed,hyd_108_wh_hl_01,,2026-09-29,
closed,noi_102_wh_hl_01,,2026-09-29,
closed,kol_206_wh_hl_01,,2026-09-29,
closed,gur_127_wh_hl_01,,2026-09-29,
closed,ahm_917_wh_hl_01,,2026-09-29,
closed,kol_105_wh_hl_01,,2026-09-29,
closed,coi_106_wh_hl_01,,2026-09-29,
closed,mum_102_wh_hl_01,,2026-09-29,
closed,vad_101_wh_hl_01,,2026-09-29,
closed,ahm_109_wh_hl_01,,2026-09-29,
closed,che_188_wh_hl_01,,2026-09-29,
closed,rpu_120_wh_hl_01,,2026-09-29,
closed,rpu_105_wh_hl_01,,2026-09-29,
closed,che_114_wh_hl_01,,2026-09-29,
closed,che_142_wh_hl_01,,2026-09-29,
closed,pun_126_wh_hl_01,,2026-09-29,
closed,gur_122_wh_hl_01,,2026-09-29,
closed,gur_102_wh_hl_01,,2026-09-29,
closed,pun_117_wh_hl_01,,2026-09-29,
closed,rbi_107_wh_hl_01,,2026-09-29,
closed,ben_228_wh_hl_01,,2026-09-29,
closed,ben_040_wh_hl_01,,2026-09-29,
closed,ben_018_wh_hl_01,,2026-09-29,
closed,rta_104_wh_hl_01,,2026-09-29,
closed,ben_243_wh_hl_01,,2026-09-29,
closed,mum_118_wh_hl_01,,2026-09-29,
closed,del_112_wh_hl_01,,2026-09-29,
closed,luc_110_wh_hl_01,,2026-09-29,
closed,luc_125_wh_hl_01,,2026-09-29,
closed,rbi_134_wh_hl_01,,2026-09-29,
closed,ahm_136_wh_hl_01,,2026-09-29,
closed,amr_102_wh_hl_01,,2026-09-29,
closed,hyd_115_wh_hl_01,,2026-09-29,
closed,del_198_wh_hl_01,,2026-09-29,
closed,che_176_wh_hl_01,,2026-09-29,
closed,kol_142_wh_hl_01,,2026-09-29,
closed,ahm_120_wh_hl_01,,2026-09-29,
closed,bhu_103_wh_hl_01,,2026-09-29,
closed,vad_102_wh_hl_01,,2026-09-29,
closed,hyd_157_wh_hl_01,,2026-09-29,
closed,rpu_120_wh_hl_01,,2026-09-29,
closed,rpu_117_wh_hl_01,,2026-09-29,
closed,del_142_wh_hl_01,,2026-09-29,
closed,ben_152_wh_hl_01,,2026-09-29,
closed,gur_103_wh_hl_01,,2026-09-29,
closed,kol_103_wh_hl_01,,2026-09-29,
closed,del_158_wh_hl_01,,2026-09-29,
closed,vad_104_wh_hl_01,,2026-09-29,
closed,rup_102_wh_hl_01,,2026-09-29,
closed,pun_128_wh_hl_01,,2026-09-29,
closed,rup_102_wh_hl_01,,2026-09-29,
closed,hyd_172_wh_hl_01,,2026-09-29,
closed,jai_102_wh_hl_01,,2026-09-29,
closed,ben_034_wh_hl_01,,2026-09-29,
closed,coc_105_wh_hl_01,,2026-09-29,
closed,ben_102_wh_hl_01,,2026-09-29,
closed,pat_102_wh_hl_01,,2026-09-29,
closed,pun_122_wh_hl_01,,2026-09-29,
closed,hyd_103_wh_hl_01,,2026-09-29,
closed,cha_102_wh_hl_01,,2026-09-29,
closed,vad_104_wh_hl_01,,2026-09-29,
closed,che_157_wh_hl_01,,2026-09-29,
closed,hyd_120_wh_hl_01,,2026-09-29,
closed,rbi_134_wh_hl_01,,2026-09-29,
closed,hyd_120_wh_hl_01,,2026-09-29,
closed,mum_110_wh_hl_01,,2026-09-29,
closed,mum_113_wh_hl_01,,2026-09-29,
closed,pat_123_wh_hl_01,,2026-09-29,
closed,jai_127_wh_hl_01,,2026-09-29,
closed,rbi_114_wh_hl_01,,2026-09-29,
closed,kol_105_wh_hl_01,,2026-09-29,
closed,hyd_103_wh_hl_01,,2026-09-29,
closed,hyd_192_wh_hl_01,,2026-09-29,
closed,pun_124_wh_hl_01,,2026-09-29,
closed,del_166_wh_hl_01,,2026-09-29,
closed,ben_150_wh_hl_01,,2026-09-29,
closed,pun_119_wh_hl_01,,2026-09-29,
closed,ghz_121_wh_hl_01,,2026-09-29,
closed,jal_103_wh_hl_01,,2026-09-29,
closed,mum_127_wh_hl_01,,2026-09-29,
closed,ahm_133_wh_hl_01,,2026-09-29,
closed,ghz_121_wh_hl_01,,2026-09-29,
closed,vel_103_wh_hl_01,,2026-09-29,
closed,kol_207_wh_hl_01,,2026-09-29,
closed,ghz_121_wh_hl_01,,2026-09-29,
closed,pun_126_wh_hl_01,,2026-09-29,
closed,che_134_wh_hl_01,,2026-09-29,
closed,ahm_104_wh_hl_01,,2026-09-29,
closed,rta_111_wh_hl_01,,2026-09-29,
closed,coc_107_wh_hl_01,,2026-09-29,
closed,coi_106_wh_hl_01,,2026-09-29,
closed,ahm_917_wh_hl_01,,2026-09-29,
closed,rup_101_wh_hl_01,,2026-09-29,
closed,coc_104_wh_hl_01,,2026-09-29,
closed,kol_105_wh_hl_01,,2026-09-29,
closed,pun_108_wh_hl_01,,2026-09-29,
closed,che_188_wh_hl_01,,2026-09-29,
closed,coi_109_wh_hl_01,,2026-09-29,
closed,hyd_122_wh_hl_01,,2026-09-29,
closed,che_146_wh_hl_01,,2026-09-29,
closed,che_196_wh_hl_01,,2026-09-29,
closed,ahm_133_wh_hl_01,,2026-09-29,
closed,ahm_133_wh_hl_01,,2026-09-29,
closed,kol_177_wh_hl_01,,2026-09-29,
closed,hyd_120_wh_hl_01,,2026-09-29,
closed,che_188_wh_hl_01,,2026-09-29,
closed,hyd_139_wh_hl_01,,2026-09-29,
closed,pun_154_wh_hl_01,,2026-09-29,
closed,kol_133_wh_hl_01,,2026-09-29,
closed,kol_139_wh_hl_01,,2026-09-29,
closed,rta_111_wh_hl_01,,2026-09-29,
closed,rup_126_wh_hl_01,,2026-09-29,
closed,pat_101_wh_hl_01,,2026-09-29,
closed,pun_108_wh_hl_01,,2026-09-29,
closed,del_243_wh_hl_01,,2026-09-29,
closed,pun_138_wh_hl_01,,2026-09-29,
closed,mum_025_wh_hl_01,,2026-09-29,
closed,che_160_wh_hl_01,,2026-09-29,
closed,jai_127_wh_hl_01,,2026-09-29,
closed,pun_117_wh_hl_01,,2026-09-29,
closed,koz_105_wh_hl_01,,2026-09-29,
closed,noi_106_wh_hl_01,,2026-09-29,
closed,lud_103_wh_hl_01,,2026-09-29,
closed,rta_105_wh_hl_01,,2026-09-29,
closed,rta_105_wh_hl_01,,2026-09-29,
closed,ahm_136_wh_hl_01,,2026-09-29,
closed,gur_131_wh_hl_01,,2026-09-29,
closed,luc_120_wh_hl_01,,2026-09-29,
closed,coi_112_wh_hl_01,,2026-09-29,
closed,rup_142_wh_hl_01,,2026-09-29,
closed,rta_102_wh_hl_01,,2026-09-29,
closed,rta_102_wh_hl_01,,2026-09-29,
closed,che_189_wh_hl_01,,2026-09-29,
closed,ben_201_wh_hl_01,,2026-09-29,
closed,ben_152_wh_hl_01,,2026-09-29,
closed,ghz_108_wh_hl_01,,2026-09-29,
closed,pun_145_wh_hl_01,,2026-09-29,
closed,che_189_wh_hl_01,,2026-09-29,
closed,ben_043_wh_hl_01,,2026-09-29,
closed,kol_121_wh_hl_01,,2026-09-29,
closed,che_188_wh_hl_01,,2026-09-29,
closed,ahm_130_wh_hl_01,,2026-09-29,
closed,hyd_120_wh_hl_01,,2026-09-29,
closed,del_181_wh_hl_01,,2026-09-29,
closed,hyd_179_wh_hl_01,,2026-09-29,
closed,mum_144_wh_hl_01,,2026-09-29,
closed,rta_105_wh_hl_01,,2026-09-29,
closed,bhu_101_wh_hl_01,,2026-09-29,
closed,ben_185_wh_hl_01,,2026-09-29,
closed,rta_102_wh_hl_01,,2026-09-29,
closed,hyd_186_wh_hl_01,,2026-09-29,
closed,che_138_wh_hl_01,,2026-09-29,
closed,del_181_wh_hl_01,,2026-09-29,
closed,ben_243_wh_hl_01,,2026-09-29,
closed,coc_107_wh_hl_01,,2026-09-29,
closed,pun_117_wh_hl_01,,2026-09-29,
closed,pun_144_wh_hl_01,,2026-09-29,
closed,bhu_103_wh_hl_01,,2026-09-29,
closed,del_124_wh_hl_01,,2026-09-29,
closed,ahm_101_wh_hl_01,,2026-09-29,
closed,che_176_wh_hl_01,,2026-09-29,
closed,rup_116_wh_hl_01,,2026-09-29,
closed,kol_184_wh_hl_01,,2026-09-29,
closed,kol_126_wh_hl_01,,2026-09-29,
closed,vad_104_wh_hl_01,,2026-09-29,
closed,gur_115_wh_hl_01,,2026-09-29,
closed,ghz_121_wh_hl_01,,2026-09-29,
closed,ahm_128_wh_hl_01,,2026-09-29,
closed,kol_184_wh_hl_01,,2026-09-29,
closed,rpu_107_wh_hl_01,,2026-09-29,
closed,lud_102_wh_hl_01,,2026-09-29,
closed,rpu_113_wh_hl_01,,2026-09-29,
closed,del_108_wh_hl_01,,2026-09-29,
closed,coi_105_wh_hl_01,,2026-09-29,
closed,rwb_102_wh_hl_01,,2026-09-29,
closed,ben_027_wh_hl_01,,2026-09-29,
closed,rte_101_wh_hl_01,,2026-09-29,
closed,noi_102_wh_hl_01,,2026-09-29,
closed,roo_101_wh_hl_01,,2026-09-29,
closed,del_174_wh_hl_01,,2026-09-29,
closed,del_178_wh_hl_01,,2026-09-29,
closed,pat_106_wh_hl_01,,2026-09-29,
closed,ben_150_wh_hl_01,,2026-09-29,
closed,pat_120_wh_hl_01,,2026-09-29,
closed,del_106_wh_hl_01,,2026-09-29,
closed,coi_110_wh_hl_01,,2026-09-29,
closed,cha_108_wh_hl_01,,2026-09-29,
closed,mum_025_wh_hl_01,,2026-09-29,
closed,ahm_107_wh_hl_01,,2026-09-29,
closed,del_142_wh_hl_01,,2026-09-29,
closed,gur_122_wh_hl_01,,2026-09-29,
closed,kol_103_wh_hl_01,,2026-09-29,
closed,kol_103_wh_hl_01,,2026-09-29,
closed,ben_210_wh_hl_01,,2026-09-29,
closed,hyd_147_wh_hl_01,,2026-09-29,
closed,ben_179_wh_hl_01,,2026-09-29,
closed,guw_104_wh_hl_01,,2026-09-29,
closed,ghz_119_wh_hl_01,,2026-09-29,
closed,mum_189_wh_hl_01,,2026-09-29,
closed,rup_126_wh_hl_01,,2026-09-29,
closed,del_088_wh_hl_01,,2026-09-29,
closed,pun_108_wh_hl_01,,2026-09-29,
closed,pun_110_wh_hl_01,,2026-09-29,
closed,del_078_wh_hl_01,,2026-09-29,
closed,hyd_138_wh_hl_01,,2026-09-29,
closed,rpu_120_wh_hl_01,,2026-09-29,
closed,ben_265_wh_hl_01,,2026-09-29,
closed,del_188_wh_hl_01,,2026-09-29,
closed,rpu_120_wh_hl_01,,2026-09-29,
closed,far_107_wh_hl_01,,2026-09-29,
closed,ghz_110_wh_hl_01,,2026-09-29,
closed,kol_134_wh_hl_02,,2026-09-29,
closed,ben_137_wh_hl_01,,2026-09-29,
closed,pun_117_wh_hl_01,,2026-09-29,
closed,del_118_wh_hl_01,,2026-09-29,
closed,ben_243_wh_hl_01,,2026-09-29,
closed,hyd_111_wh_hl_01,,2026-09-29,
closed,cha_108_wh_hl_01,,2026-09-29,
closed,jai_117_wh_hl_01,,2026-09-29,
closed,roo_107_wh_hl_01,,2026-09-29,
closed,rta_105_wh_hl_01,,2026-09-29,
closed,pun_144_wh_hl_01,,2026-09-29,
closed,ben_167_wh_hl_01,,2026-09-29,
closed,che_110_wh_hl_01,,2026-09-29,
closed,rup_105_wh_hl_01,,2026-09-29,
closed,ben_229_wh_hl_01,,2026-09-29,
closed,ben_210_wh_hl_01,,2026-09-29,
closed,ben_243_wh_hl_01,,2026-09-29,
closed,del_14_wh_hl_01,,2026-09-29,
closed,kol_160_wh_hl_01,,2026-09-29,
closed,mum_160_wh_hl_01,,2026-09-29,
closed,jai_118_wh_hl_01,,2026-09-29,
closed,che_179_wh_hl_01,,2026-09-29,
closed,che_147_wh_hl_01,,2026-09-29,
closed,del_004_wh_hl_01,,2026-09-29,
closed,pat_102_wh_hl_01,,2026-09-29,
closed,vad_104_wh_hl_01,,2026-09-29,
closed,hyd_140_wh_hl_01,,2026-09-29,
closed,pun_117_wh_hl_01,,2026-09-29,
closed,ben_125_wh_hl_01,,2026-09-29,
closed,mum_171_wh_hl_01,,2026-09-29,
closed,kol_172_wh_hl_01,,2026-09-29,
closed,che_114_wh_hl_01,,2026-09-29,
closed,rbi_105_wh_hl_01,,2026-09-29,
closed,hyd_190_wh_hl_01,,2026-09-29,
closed,rup_102_wh_hl_01,,2026-09-29,
closed,rup_118_wh_hl_01,,2026-09-29,
closed,bhu_103_wh_hl_01,,2026-09-29,
closed,far_108_wh_hl_01,,2026-09-29,
closed,ghz_119_wh_hl_01,,2026-09-29,
closed,che_185_wh_hl_01,,2026-09-29,
closed,rpu_122_wh_hl_01,,2026-09-29,
closed,del_141_wh_hl_01,,2026-09-29,
closed,ben_243_wh_hl_01,,2026-09-29,
closed,bhu_106_wh_hl_01,,2026-09-29,
closed,ben_061_wh_hl_01,,2026-09-29,
closed,cha_104_wh_hl_01,,2026-09-29,
closed,ben_123_wh_hl_01,,2026-09-29,
closed,rte_101_wh_hl_01,,2026-09-29,
closed,ben_120_wh_hl_01,,2026-09-29,
closed,pun_146_wh_hl_01,,2026-09-29,
closed,coi_103_wh_hl_01,,2026-09-29,
closed,rta_103_wh_hl_01,,2026-09-29,
closed,ahm_917_wh_hl_01,,2026-09-29,
closed,pat_112_wh_hl_01,,2026-09-29,
closed,che_134_wh_hl_01,,2026-09-29,
closed,rup_111_wh_hl_01,,2026-09-29,
closed,rok_102_wh_hl_01,,2026-09-29,
closed,del_901_wh_hl_01,,2026-09-29,
closed,rpu_122_wh_hl_01,,2026-09-29,
closed,pun_124_wh_hl_01,,2026-09-29,
closed,del_104_wh_hl_01,,2026-09-29,
closed,kol_103_wh_hl_01,,2026-09-29,
closed,ghz_111_wh_hl_01,,2026-09-29,
closed,gur_121_wh_hl_01,,2026-09-29,
closed,coi_107_wh_hl_02,,2026-09-29,
closed,coi_106_wh_hl_01,,2026-09-29,
closed,del_163_wh_hl_01,,2026-09-29,
closed,che_126_wh_hl_01,,2026-09-29,
closed,noi_106_wh_hl_01,,2026-09-29,
closed,del_243_wh_hl_01,,2026-09-29,
closed,del_017_wh_hl_01,,2026-09-29,
closed,kol_103_wh_hl_01,,2026-09-29,
closed,che_115_wh_hl_01,,2026-09-29,
closed,dnc_117_wh_hl_01,,2026-09-29,
closed,pun_109_wh_hl_01,,2026-09-29,
closed,del_126_wh_hl_01,,2026-09-29,
closed,ahm_122_wh_hl_01,,2026-09-29,
closed,noi_143_wh_hl_01,,2026-09-29,
closed,kol_109_wh_hl_01,,2026-09-29,
closed,hyd_151_wh_hl_01,,2026-09-29,
closed,che_160_wh_hl_01,,2026-09-29,
closed,del_180_wh_hl_01,,2026-09-29,
closed,del_188_wh_hl_01,,2026-09-29,
closed,cha_108_wh_hl_01,,2026-09-29,
closed,pun_117_wh_hl_01,,2026-09-29,
closed,che_190_wh_hl_01,,2026-09-29,
closed,del_147_wh_hl_01,,2026-09-29,
closed,ahm_917_wh_hl_01,,2026-09-29,
closed,far_107_wh_hl_01,,2026-09-29,
closed,ben_238_wh_hl_01,,2026-09-29,
closed,ben_195_wh_hl_01,,2026-09-29,
closed,noi_106_wh_hl_01,,2026-09-29,
closed,noi_126_wh_hl_01,,2026-09-29,
closed,far_101_wh_hl_01,,2026-09-29,
closed,ben_104_wh_hl_01,,2026-09-29,
closed,ahm_136_wh_hl_01,,2026-09-29,
closed,rok_107_wh_hl_01,,2026-09-29,
closed,ghz_106_wh_hl_01,,2026-09-29,
closed,kol_103_wh_hl_01,,2026-09-29,
closed,kol_103_wh_hl_01,,2026-09-29,
closed,rta_101_wh_hl_01,,2026-09-29,
closed,del_074_wh_hl_01,,2026-09-29,
closed,rok_102_wh_hl_01,,2026-09-29,
closed,ghz_121_wh_hl_01,,2026-09-29,
closed,ben_147_wh_hl_01,,2026-09-29,
closed,hyd_186_wh_hl_01,,2026-09-29,
closed,che_160_wh_hl_01,,2026-09-29,
closed,gur_103_wh_hl_01,,2026-09-29,
closed,ben_238_wh_hl_01,,2026-09-29,
closed,rok_108_wh_hl_01,,2026-09-29,
closed,ghz_119_wh_hl_01,,2026-09-29,
closed,del_017_wh_hl_01,,2026-09-29,
closed,vad_101_wh_hl_01,,2026-09-29,
closed,che_174_wh_hl_01,,2026-09-29,
closed,ben_238_wh_hl_01,,2026-09-29,
closed,del_181_wh_hl_01,,2026-09-29,
closed,rte_101_wh_hl_01,,2026-09-29,
closed,dnc_117_wh_hl_01,,2026-09-29,
closed,noi_114_wh_hl_01,,2026-09-29,
closed,rta_101_wh_hl_01,,2026-09-29,
closed,kol_101_wh_hl_01,,2026-09-29,
closed,noi_121_wh_hl_01,,2026-09-29,
closed,ahm_104_wh_hl_01,,2026-09-29,
closed,jal_102_wh_hl_01,,2026-09-29,
closed,vad_104_wh_hl_01,,2026-09-29,
closed,mum_144_wh_hl_01,,2026-09-29,
closed,pun_145_wh_hl_01,,2026-09-29,
closed,noi_102_wh_hl_01,,2026-09-29,
closed,ben_036_wh_hl_01,,2026-09-29,
closed,rbi_134_wh_hl_01,,2026-09-29,
closed,ahm_142_wh_hl_01,,2026-09-29,
closed,ben_256_wh_hl_01,,2026-09-29,
closed,kol_126_wh_hl_01,,2026-09-29,
closed,bhu_103_wh_hl_01,,2026-09-29,
closed,pat_112_wh_hl_01,,2026-09-29,
closed,del_197_wh_hl_01,,2026-09-29,
closed,rjh_106_wh_hl_01,,2026-09-29,
closed,jal_102_wh_hl_01,,2026-09-29,
closed,luc_133_wh_hl_01,,2026-09-29,
closed,pun_124_wh_hl_01,,2026-09-29,
closed,che_159_wh_hl_01,,2026-09-29,
closed,ben_123_wh_hl_01,,2026-09-29,
closed,rjh_106_wh_hl_01,,2026-09-29,
closed,che_142_wh_hl_01,,2026-09-29,
closed,lud_102_wh_hl_01,,2026-09-29,
closed,del_160_wh_hl_01,,2026-09-29,
closed,del_026_wh_hl_01,,2026-09-29,
closed,hyd_142_wh_hl_01,,2026-09-29,
closed,hyd_147_wh_hl_01,,2026-09-29,
closed,roo_113_wh_hl_01,,2026-09-29,
closed,del_188_wh_hl_01,,2026-09-29,
closed,che_149_wh_hl_01,,2026-09-29,
closed,noi_125_wh_hl_01,,2026-09-29,
closed,hyd_106_wh_hl_01,,2026-09-29,
closed,noi_126_wh_hl_01,,2026-09-29,
closed,gur_130_wh_hl_01,,2026-09-29,
closed,gur_109_wh_hl_01,,2026-09-29,
closed,kol_105_wh_hl_01,,2026-09-29,
closed,guw_110_wh_hl_01,,2026-09-29,
closed,vad_101_wh_hl_01,,2026-09-29,
closed,hyd_138_wh_hl_01,,2026-09-29,
closed,mum_067_wh_hl_01,,2026-09-29,
closed,hyd_124_wh_hl_01,,2026-09-29,
closed,del_181_wh_hl_01,,2026-09-29,
closed,ghz_111_wh_hl_01,,2026-09-29,
closed,gur_109_wh_hl_01,,2026-09-29,
closed,kol_103_wh_hl_01,,2026-09-29,
closed,coi_104_wh_hl_01,,2026-09-29,
closed,che_134_wh_hl_01,,2026-09-29,
closed,ahm_133_wh_hl_01,,2026-09-29,
closed,coc_107_wh_hl_01,,2026-09-29,
closed,ghz_121_wh_hl_01,,2026-09-29,
closed,rka_122_wh_hl_01,,2026-09-29,
closed,del_196_wh_hl_01,,2026-09-29,
closed,ahm_917_wh_hl_01,,2026-09-29,
closed,ahm_109_wh_hl_01,,2026-09-29,
closed,kol_106_wh_hl_01,,2026-09-29,
closed,hyd_139_wh_hl_01,,2026-09-29,
closed,ahm_917_wh_hl_01,,2026-09-29,
closed,ben_257_wh_hl_01,,2026-09-29,
closed,ahm_122_wh_hl_01,,2026-09-29,
closed,che_179_wh_hl_01,,2026-09-29,
closed,gur_129_wh_hl_01,,2026-09-29,
closed,noi_129_wh_hl_01,,2026-09-29,
closed,gur_117_wh_hl_01,,2026-09-29,
closed,koz_105_wh_hl_01,,2026-09-29,
closed,del_059_wh_hl_01,,2026-09-29,
closed,mum_144_wh_hl_01,,2026-09-29,
closed,far_102_wh_hl_02,,2026-09-29,
closed,noi_143_wh_hl_01,,2026-09-29,
closed,kol_109_wh_hl_01,,2026-09-29,
closed,gur_117_wh_hl_01,,2026-09-29,
closed,mum_103_wh_hl_01,,2026-09-29,
closed,amr_104_wh_hl_01,,2026-09-29,
closed,del_261_wh_hl_01,,2026-09-29,
closed,del_018_wh_hl_01,,2026-09-29,
closed,del_044_wh_hl_01,,2026-09-29,
closed,del_080_wh_hl_01,,2026-09-29,
closed,che_140_wh_hl_01,,2026-09-29,
closed,che_103_wh_hl_01,,2026-09-29,
closed,ahm_128_wh_hl_01,,2026-09-29,
closed,hyd_149_wh_hl_01,,2026-09-29,
closed,hyd_111_wh_hl_01,,2026-09-29,
closed,ben_137_wh_hl_01,,2026-09-29,
closed,che_122_wh_hl_01,,2026-09-29,
closed,coc_107_wh_hl_01,,2026-09-29,
closed,ben_166_wh_hl_01,,2026-09-29,
closed,rta_101_wh_hl_01,,2026-09-29,
closed,kol_103_wh_hl_01,,2026-09-29,
closed,gur_124_wh_hl_01,,2026-09-29,
closed,rte_101_wh_hl_01,,2026-09-29,
closed,pun_138_wh_hl_01,,2026-09-29,
closed,rta_102_wh_hl_01,,2026-09-29,
closed,rup_132_wh_hl_01,,2026-09-29,
closed,coi_112_wh_hl_01,,2026-09-29,
closed,rte_101_wh_hl_01,,2026-09-29,
closed,del_915_wh_hl_01,,2026-09-29,
closed,coc_107_wh_hl_01,,2026-09-29,
closed,coi_112_wh_hl_01,,2026-09-29,
closed,dnc_117_wh_hl_01,,2026-09-29,
closed,ahm_101_wh_hl_01,,2026-09-29,
closed,rok_102_wh_hl_01,,2026-09-29,
closed,hyd_157_wh_hl_01,,2026-09-29,
closed,ben_216_wh_hl_01,,2026-09-29,
closed,ahm_104_wh_hl_01,,2026-09-29,
closed,hyd_139_wh_hl_01,,2026-09-29,
closed,vad_104_wh_hl_01,,2026-09-29,
closed,pat_115_wh_hl_01,,2026-09-29,
closed,ahm_127_wh_hl_01,,2026-09-29,
closed,dnc_117_wh_hl_01,,2026-09-29,
closed,noi_132_wh_hl_01,,2026-09-29,
closed,pun_121_wh_hl_01,,2026-09-29,
closed,del_125_wh_hl_01,,2026-09-29,
closed,hyd_189_wh_hl_01,,2026-09-29,
closed,luc_118_wh_hl_01,,2026-09-29,
closed,ben_150_wh_hl_01,,2026-09-29,
closed,jal_102_wh_hl_01,,2026-09-29,
closed,ben_150_wh_hl_01,,2026-09-29,
closed,gur_122_wh_hl_01,,2026-09-29,
closed,che_107_wh_hl_01,,2026-09-29,
closed,coi_104_wh_hl_01,,2026-09-29,
closed,luc_118_wh_hl_01,,2026-09-29,
closed,ben_162_wh_hl_01,,2026-09-29,
closed,luc_118_wh_hl_01,,2026-09-29,
closed,ahm_135_wh_hl_01,,2026-09-29,
closed,del_001_wh_hl_01,,2026-09-29,
closed,rpu_107_wh_hl_01,,2026-09-29,
closed,ghz_121_wh_hl_01,,2026-09-29,
closed,lud_104_wh_hl_01,,2026-09-29,
closed,mum_110_wh_hl_01,,2026-09-29,
closed,ahm_133_wh_hl_01,,2026-09-29,
closed,del_126_wh_hl_01,,2026-09-29,
closed,dnc_117_wh_hl_01,,2026-09-29,
closed,noi_129_wh_hl_01,,2026-09-29,
closed,kol_158_wh_hl_01,,2026-09-29,
closed,kol_129_wh_hl_01,,2026-09-29,
closed,del_142_wh_hl_01,,2026-09-29,
closed,del_142_wh_hl_01,,2026-09-29,
closed,gur_122_wh_hl_01,,2026-09-29,
closed,che_105_wh_hl_01,,2026-09-29,
closed,mum_109_wh_hl_01,,2026-09-29,
closed,gur_130_wh_hl_01,,2026-09-29,
closed,far_107_wh_hl_01,,2026-09-29,
closed,kol_103_wh_hl_01,,2026-09-29,
closed,mum_109_wh_hl_01,,2026-09-29,
closed,vad_101_wh_hl_01,,2026-09-29,
closed,ben_184_wh_hl_01,,2026-09-29,
closed,rta_110_wh_hl_01,,2026-09-29,
closed,kol_176_wh_hl_01,,2026-09-29,
closed,ahm_135_wh_hl_01,,2026-09-29,
closed,ahm_917_wh_hl_01,,2026-09-29,
closed,ahm_114_wh_hl_01,,2026-09-29,
closed,che_123_wh_hl_01,,2026-09-29,
closed,pun_154_wh_hl_01,,2026-09-29,
closed,del_188_wh_hl_01,,2026-09-29,
closed,luc_134_wh_hl_01,,2026-09-29,
closed,kol_105_wh_hl_01,,2026-09-29,
closed,hyd_122_wh_hl_01,,2026-09-29,
closed,mum_110_wh_hl_01,,2026-09-29,
closed,kol_195_wh_hl_01,,2026-09-29,
closed,ahm_102_wh_hl_01,,2026-09-29,
closed,kol_200_wh_hl_01,,2026-09-29,
closed,rta_111_wh_hl_01,,2026-09-29,
closed,noi_106_wh_hl_01,,2026-09-29,
closed,dnc_117_wh_hl_01,,2026-09-29,
closed,kol_103_wh_hl_01,,2026-09-29,
closed,ben_144_wh_hl_01,,2026-09-29,
closed,ahm_127_wh_hl_01,,2026-09-29,
closed,hyd_159_wh_hl_01,,2026-09-29,
closed,ben_042_wh_hl_01,,2026-09-29,
closed,hyd_172_wh_hl_01,,2026-09-29,
closed,rok_108_wh_hl_01,,2026-09-29,
closed,kol_111_wh_hl_01,,2026-09-29,
closed,ahm_109_wh_hl_01,,2026-09-29,
closed,hyd_139_wh_hl_01,,2026-09-29,
closed,che_139_wh_hl_01,,2026-09-29,
closed,hyd_161_wh_hl_01,,2026-09-29,
closed,cha_104_wh_hl_01,,2026-09-29,
closed,rwb_107_wh_hl_01,,2026-09-29,
closed,ben_234_wh_hl_01,,2026-09-29,
closed,rok_102_wh_hl_01,,2026-09-29,
closed,gur_117_wh_hl_01,,2026-09-29,
closed,pun_108_wh_hl_01,,2026-09-29,
closed,ahm_136_wh_hl_01,,2026-09-29,
closed,rok_102_wh_hl_01,,2026-09-29,
closed,kol_101_wh_hl_01,,2026-09-29,
closed,del_078_wh_hl_01,,2026-09-29,
closed,rta_101_wh_hl_01,,2026-09-29,
closed,del_14_wh_hl_01,,2026-09-29,
closed,ghz_119_wh_hl_01,,2026-09-29,
closed,ben_243_wh_hl_01,,2026-09-29,
closed,pun_138_wh_hl_01,,2026-09-29,
closed,vad_104_wh_hl_01,,2026-09-29,
closed,pun_145_wh_hl_01,,2026-09-29,
closed,ghz_103_wh_hl_01,,2026-09-29,
closed,hyd_189_wh_hl_01,,2026-09-29,
closed,ahm_101_wh_hl_01,,2026-09-29,
closed,far_104_wh_hl_01,,2026-09-29,
closed,pun_121_wh_hl_01,,2026-09-29,
closed,hyd_120_wh_hl_01,,2026-09-29,
closed,pun_145_wh_hl_01,,2026-09-29,
closed,hyd_119_wh_hl_01,,2026-09-29,
closed,pun_144_wh_hl_01,,2026-09-29,
closed,luc_117_wh_hl_01,,2026-09-29,
closed,vad_104_wh_hl_01,,2026-09-29,
closed,che_157_wh_hl_01,,2026-09-29,
closed,del_957_wh_hl_01,,2026-09-29,
closed,coc_107_wh_hl_01,,2026-09-29,
closed,ahm_126_wh_hl_01,,2026-09-29,
closed,coi_103_wh_hl_01,,2026-09-29,
closed,del_153_wh_hl_01,,2026-09-29,
closed,luc_117_wh_hl_01,,2026-09-29,
closed,mum_132_wh_hl_01,,2026-09-29,
closed,coi_110_wh_hl_01,,2026-09-29,
closed,ghz_121_wh_hl_01,,2026-09-29,
closed,del_124_wh_hl_01,,2026-09-29,
closed,pun_108_wh_hl_01,,2026-09-29,
closed,ben_105_wh_hl_01,,2026-09-29,
closed,ahm_133_wh_hl_01,,2026-09-29,
closed,del_186_wh_hl_01,,2026-09-29,
closed,pun_101_wh_hl_01,,2026-09-29,
closed,noi_106_wh_hl_01,,2026-09-29,
closed,rka_122_wh_hl_01,,2026-09-29,
closed,hyd_158_wh_hl_01,,2026-09-29,
closed,noi_102_wh_hl_01,,2026-09-29,
closed,pun_101_wh_hl_01,,2026-09-29,
closed,luc_121_wh_hl_01,,2026-09-29,
closed,mum_921_wh_hl_01,,2026-09-29,
closed,ghz_112_wh_hl_01,,2026-09-29,
closed,mum_134_wh_hl_01,,2026-09-29,
closed,che_122_wh_hl_01,,2026-09-29,
closed,hyd_139_wh_hl_01,,2026-09-29,
closed,che_110_wh_hl_01,,2026-09-29,
closed,del_188_wh_hl_01,,2026-09-29,
closed,del_14_wh_hl_01,,2026-09-29,
closed,rbi_115_wh_hl_01,,2026-09-29,
closed,kol_105_wh_hl_01,,2026-09-29,
closed,guw_121_wh_hl_01,,2026-09-29,
closed,noi_102_wh_hl_01,,2026-09-29,
closed,mum_921_wh_hl_01,,2026-09-29,
closed,che_118_wh_hl_01,,2026-09-29,
closed,coi_109_wh_hl_01,,2026-09-29,
closed,guw_121_wh_hl_01,,2026-09-29,
closed,rka_126_wh_hl_01,,2026-09-29,
closed,del_202_wh_hl_01,,2026-09-29,
closed,roo_104_wh_hl_01,,2026-09-29,
closed,guw_119_wh_hl_01,,2026-09-29,
closed,che_195_wh_hl_01,,2026-09-29,
closed,che_103_wh_hl_01,,2026-09-29,
closed,che_124_wh_hl_01,,2026-09-29,
closed,vad_104_wh_hl_01,,2026-09-29,
closed,kol_111_wh_hl_01,,2026-09-29,
closed,ben_017_wh_hl_01,,2026-09-29,
closed,mum_080_wh_hl_01,,2026-09-29,
closed,guw_124_wh_hl_01,,2026-09-29,
closed,che_192_wh_hl_01,,2026-09-29,
closed,gur_104_wh_hl_01,,2026-09-29,
closed,kol_103_wh_hl_01,,2026-09-29,
closed,ben_178_wh_hl_01,,2026-09-29,
closed,rta_102_wh_hl_01,,2026-09-29,
closed,tri_105_wh_hl_01,,2026-09-29,
closed,luc_121_wh_hl_01,,2026-09-29,
closed,luc_112_wh_hl_01,,2026-09-29,
closed,che_139_wh_hl_01,,2026-09-29,
closed,bhu_103_wh_hl_01,,2026-09-29,
closed,del_289_wh_hl_01,,2026-09-29,
closed,gur_104_wh_hl_01,,2026-09-29,
closed,kol_103_wh_hl_01,,2026-09-29,
closed,rpu_122_wh_hl_01,,2026-09-29,
closed,rup_128_wh_hl_01,,2026-09-29,
closed,ben_247_wh_hl_01,,2026-09-29,
closed,rta_103_wh_hl_01,,2026-09-29,
closed,del_181_wh_hl_01,,2026-09-29,
closed,rup_133_wh_hl_01,,2026-09-29,
closed,rpu_102_wh_hl_01,,2026-09-29,
closed,vad_104_wh_hl_01,,2026-09-29,
closed,jai_102_wh_hl_01,,2026-09-29,
closed,del_118_wh_hl_01,,2026-09-29,
closed,che_142_wh_hl_01,,2026-09-29,
closed,che_176_wh_hl_01,,2026-09-29,
closed,hyd_135_wh_hl_01,,2026-09-29,
closed,ben_216_wh_hl_01,,2026-09-29,
closed,ben_184_wh_hl_01,,2026-09-29,
closed,ahm_101_wh_hl_01,,2026-09-29,
closed,hyd_153_wh_hl_01,,2026-09-29,
closed,pun_145_wh_hl_01,,2026-09-29,
closed,mum_113_wh_hl_01,,2026-09-29,
closed,pun_126_wh_hl_01,,2026-09-29,
closed,hyd_102_wh_hl_01,,2026-09-29,
closed,ben_034_wh_hl_01,,2026-09-29,
closed,pun_138_wh_hl_01,,2026-09-29,
closed,mum_080_wh_hl_01,,2026-09-29,
closed,rup_105_wh_hl_01,,2026-09-29,
closed,rok_108_wh_hl_01,,2026-09-29,
closed,del_072_wh_hl_01,,2026-09-29,
closed,kol_112_wh_hl_01,,2026-09-29,
closed,ben_150_wh_hl_01,,2026-09-29,
closed,luc_117_wh_hl_01,,2026-09-29,
closed,ben_117_wh_hl_01,,2026-09-29,
closed,dnc_102_wh_hl_01,,2026-09-29,
closed,rwb_102_wh_hl_01,,2026-09-29,
closed,rpu_104_wh_hl_01,,2026-09-29,
closed,hyd_160_wh_hl_02,,2026-09-29,
closed,ahm_127_wh_hl_01,,2026-09-29,
closed,rta_106_wh_hl_01,,2026-09-29,
closed,pat_120_wh_hl_01,,2026-09-29,
closed,ben_013_wh_hl_01,,2026-09-29,
closed,koz_101_wh_hl_01,,2026-09-29,
closed,kol_207_wh_hl_01,,2026-09-29,
closed,ben_013_wh_hl_01,,2026-09-29,
closed,del_078_wh_hl_01,,2026-09-29,
closed,rka_122_wh_hl_01,,2026-09-29,
closed,ben_155_wh_hl_01,,2026-09-29,
closed,dnc_117_wh_hl_01,,2026-09-29,
closed,pun_122_wh_hl_01,,2026-09-29,
closed,ahm_129_wh_hl_01,,2026-09-29,
closed,kol_103_wh_hl_01,,2026-09-29,
closed,ahm_120_wh_hl_01,,2026-09-29,
closed,ben_903_wh_hl_01,,2026-09-29,
closed,hyd_122_wh_hl_01,,2026-09-29,
closed,roo_101_wh_hl_01,,2026-09-29,
closed,far_107_wh_hl_01,,2026-09-29,
closed,ahm_112_wh_hl_01,,2026-09-29,
closed,rta_110_wh_hl_01,,2026-09-29,
closed,hyd_103_wh_hl_01,,2026-09-29,
closed,hyd_151_wh_hl_01,,2026-09-29,
closed,ahm_129_wh_hl_01,,2026-09-29,
closed,mum_110_wh_hl_01,,2026-09-29,
closed,pun_109_wh_hl_01,,2026-09-29,
closed,che_134_wh_hl_01,,2026-09-29,
closed,che_188_wh_hl_01,,2026-09-29,
closed,che_149_wh_hl_01,,2026-09-29,
closed,noi_132_wh_hl_01,,2026-09-29,
closed,del_243_wh_hl_01,,2026-09-29,
closed,gur_115_wh_hl_01,,2026-09-29,
closed,che_174_wh_hl_01,,2026-09-29,
closed,coi_109_wh_hl_01,,2026-09-29,
closed,mum_921_wh_hl_01,,2026-09-29,
closed,che_116_wh_hl_01,,2026-09-29,
closed,kol_136_wh_hl_01,,2026-09-29,
closed,che_126_wh_hl_01,,2026-09-29,
closed,che_196_wh_hl_01,,2026-09-29,
closed,ahm_131_wh_hl_01,,2026-09-29,
closed,luc_134_wh_hl_01,,2026-09-29,
closed,coc_107_wh_hl_01,,2026-09-29,
closed,ahm_104_wh_hl_01,,2026-09-29,
closed,ben_137_wh_hl_01,,2026-09-29,
closed,dnc_117_wh_hl_01,,2026-09-29,
closed,che_134_wh_hl_01,,2026-09-29,
closed,del_180_wh_hl_01,,2026-09-29,
closed,del_165_wh_hl_01,,2026-09-29,
closed,kol_101_wh_hl_01,,2026-09-29,
closed,hyd_103_wh_hl_01,,2026-09-29,
closed,jab_103_wh_hl_01,,2026-09-29,
closed,hyd_138_wh_hl_01,,2026-09-29,
closed,dnc_114_wh_hl_01,,2026-09-29,
closed,che_147_wh_hl_01,,2026-09-29,
closed,hyd_138_wh_hl_01,,2026-09-29,
closed,mum_033_wh_hl_01,,2026-09-29,
closed,ahm_114_wh_hl_01,,2026-09-29,
closed,del_117_wh_hl_01,,2026-09-29,
closed,pun_138_wh_hl_01,,2026-09-29,
closed,che_174_wh_hl_01,,2026-09-29,
closed,rok_102_wh_hl_01,,2026-09-29,
closed,hyd_181_wh_hl_01,,2026-09-29,
closed,ben_243_wh_hl_01,,2026-09-29,
closed,ahm_101_wh_hl_01,,2026-09-29,
closed,rta_105_wh_hl_01,,2026-09-29,
closed,ben_040_wh_hl_01,,2026-09-29,
closed,ben_034_wh_hl_01,,2026-09-29,
closed,del_107_wh_hl_01,,2026-09-29,
closed,pun_145_wh_hl_01,,2026-09-29,
closed,kol_184_wh_hl_01,,2026-09-29,
closed,del_124_wh_hl_01,,2026-09-29,
closed,pat_121_wh_hl_01,,2026-09-29,
closed,pun_117_wh_hl_01,,2026-09-29,
closed,rta_104_wh_hl_01,,2026-09-29,
closed,koz_101_wh_hl_01,,2026-09-29,
closed,rta_102_wh_hl_01,,2026-09-29,
closed,hyd_111_wh_hl_01,,2026-09-29,
closed,che_168_wh_hl_01,,2026-09-29,
closed,del_126_wh_hl_01,,2026-09-29,
closed,del_080_wh_hl_01,,2026-09-29,
closed,ben_058_wh_hl_01,,2026-09-29,
closed,guw_121_wh_hl_01,,2026-09-29,
closed,jai_112_wh_hl_01,,2026-09-29,
closed,rup_118_wh_hl_01,,2026-09-29,
closed,rpu_105_wh_hl_01,,2026-09-29,
closed,ben_150_wh_hl_01,,2026-09-29,
closed,luc_133_wh_hl_01,,2026-09-29,
closed,hyd_167_wh_hl_01,,2026-09-29,
closed,mum_025_wh_hl_01,,2026-09-29,
closed,pun_135_wh_hl_01,,2026-09-29,
closed,ben_160_wh_hl_01,,2026-09-29,
closed,ahm_124_wh_hl_01,,2026-09-29,
closed,del_044_wh_hl_01,,2026-09-29,
closed,pun_121_wh_hl_01,,2026-09-29,
closed,kol_195_wh_hl_01,,2026-09-29,
closed,del_107_wh_hl_01,,2026-09-29,
closed,pun_126_wh_hl_01,,2026-09-29,
closed,ghz_121_wh_hl_01,,2026-09-29,
closed,hyd_106_wh_hl_01,,2026-09-29,
closed,hyd_167_wh_hl_01,,2026-09-29,
closed,noi_102_wh_hl_01,,2026-09-29,
closed,guw_105_wh_hl_01,,2026-09-29,
closed,kol_105_wh_hl_01,,2026-09-29,
closed,kol_103_wh_hl_01,,2026-09-29,
closed,ben_050_wh_hl_01,,2026-09-29,
closed,hyd_150_wh_hl_01,,2026-09-29,
closed,ben_063_wh_hl_01,,2026-09-29,
closed,ghz_103_wh_hl_01,,2026-09-29,
closed,hyd_138_wh_hl_01,,2026-09-29,
closed,mum_921_wh_hl_01,,2026-09-29,
closed,ben_034_wh_hl_01,,2026-09-29,
closed,che_125_wh_hl_01,,2026-09-29,
closed,del_064_wh_hl_01,,2026-09-29,
closed,del_023_wh_hl_01,,2026-09-29,
closed,dnc_110_wh_hl_01,,2026-09-29,
closed,ben_198_wh_hl_01,,2026-09-29,
closed,ben_137_wh_hl_01,,2026-09-29,
closed,del_227_wh_hl_01,,2026-09-29,
closed,noi_143_wh_hl_01,,2026-09-29,
closed,rup_126_wh_hl_01,,2026-09-29,
closed,rup_129_wh_hl_01,,2026-09-29,
closed,che_150_wh_hl_01,,2026-09-29,
closed,che_184_wh_hl_01,,2026-09-29,
closed,gur_129_wh_hl_01,,2026-09-29,
closed,ahm_104_wh_hl_01,,2026-09-29,
closed,rup_104_wh_hl_01,,2026-09-29,
closed,mum_144_wh_hl_01,,2026-09-29,
closed,ben_174_wh_hl_01,,2026-09-29,
closed,ghz_121_wh_hl_01,,2026-09-29,
closed,del_180_wh_hl_01,,2026-09-29,
closed,far_110_wh_hl_01,,2026-09-29,
closed,che_103_wh_hl_01,,2026-09-29,
closed,ahm_104_wh_hl_01,,2026-09-29,
closed,ahm_136_wh_hl_01,,2026-09-29,
closed,che_188_wh_hl_01,,2026-09-29,
closed,che_176_wh_hl_01,,2026-09-29,
closed,hyd_160_wh_hl_02,,2026-09-29,
closed,ben_216_wh_hl_01,,2026-09-29,
closed,cha_108_wh_hl_01,,2026-09-29,
closed,far_101_wh_hl_01,,2026-09-29,
closed,del_199_wh_hl_01,,2026-09-29,
closed,hyd_172_wh_hl_01,,2026-09-29,
closed,hyd_151_wh_hl_01,,2026-09-29,
closed,del_198_wh_hl_01,,2026-09-29,
closed,luc_125_wh_hl_01,,2026-09-29,
closed,rup_112_wh_hl_01,,2026-09-29,
closed,mum_043_wh_hl_01,,2026-09-29,
closed,ahm_917_wh_hl_01,,2026-09-29,
closed,rok_102_wh_hl_01,,2026-09-29,
closed,ben_210_wh_hl_01,,2026-09-29,
closed,ben_128_wh_hl_01,,2026-09-29,
closed,del_118_wh_hl_01,,2026-09-29,
closed,del_156_wh_hl_01,,2026-09-29,
closed,ben_204_wh_hl_01,,2026-09-29,
closed,ben_238_wh_hl_01,,2026-09-29,
closed,hyd_172_wh_hl_01,,2026-09-29,
closed,che_176_wh_hl_01,,2026-09-29,
closed,koz_103_wh_hl_01,,2026-09-29,
closed,ahm_132_wh_hl_01,,2026-09-29,
closed,hyd_116_wh_hl_01,,2026-09-29,
closed,cha_108_wh_hl_01,,2026-09-29,
closed,jai_110_wh_hl_01,,2026-09-29,
closed,ahm_104_wh_hl_01,,2026-09-29,
closed,hyd_119_wh_hl_01,,2026-09-29,
closed,ben_034_wh_hl_01,,2026-09-29,
closed,kol_164_wh_hl_01,,2026-09-29,
closed,rpu_113_wh_hl_01,,2026-09-29,
closed,lud_101_wh_hl_01,,2026-09-29,
closed,pun_149_wh_hl_01,,2026-09-29,
closed,rpu_122_wh_hl_01,,2026-09-29,
closed,mum_127_wh_hl_01,,2026-09-29,
closed,ghz_104_wh_hl_01,,2026-09-29,
closed,mum_110_wh_hl_01,,2026-09-29,
closed,del_160_wh_hl_01,,2026-09-29,
closed,del_188_wh_hl_01,,2026-09-29,
closed,kol_109_wh_hl_01,,2026-09-29,
closed,che_159_wh_hl_01,,2026-09-29,
closed,pun_122_wh_hl_01,,2026-09-29,
closed,pun_126_wh_hl_01,,2026-09-29,
closed,che_159_wh_hl_01,,2026-09-29,
closed,del_107_wh_hl_01,,2026-09-29,
closed,rok_102_wh_hl_01,,2026-09-29,
closed,lud_103_wh_hl_01,,2026-09-29,
closed,mum_075_wh_hl_01,,2026-09-29,
closed,kol_105_wh_hl_01,,2026-09-29,
closed,hyd_122_wh_hl_01,,2026-09-29,
closed,kol_209_wh_hl_01,,2026-09-29,
closed,del_017_wh_hl_01,,2026-09-29,
closed,far_110_wh_hl_01,,2026-09-29,
closed,del_071_wh_hl_01,,2026-09-29,
closed,ben_223_wh_hl_01,,2026-09-29,
closed,pun_149_wh_hl_01,,2026-09-29,
closed,roo_107_wh_hl_01,,2026-09-29,
closed,ben_152_wh_hl_01,,2026-09-29,
closed,kol_103_wh_hl_01,,2026-09-29,
closed,gur_101_wh_hl_01,,2026-09-29,
closed,rta_113_wh_hl_01,,2026-09-29,
closed,ben_017_wh_hl_01,,2026-09-29,
closed,lud_104_wh_hl_01,,2026-09-29,
closed,che_116_wh_hl_01,,2026-09-29,
closed,pun_126_wh_hl_01,,2026-09-29,
closed,ahm_124_wh_hl_01,,2026-09-29,
closed,del_181_wh_hl_01,,2026-09-29,
closed,rbi_134_wh_hl_01,,2026-09-29,
closed,ben_160_wh_hl_01,,2026-09-29,
closed,ghz_113_wh_hl_01,,2026-09-29,
closed,del_078_wh_hl_01,,2026-09-29,
closed,del_078_wh_hl_01,,2026-09-29,
closed,dnc_110_wh_hl_01,,2026-09-29,
closed,far_101_wh_hl_01,,2026-09-29,
closed,kol_105_wh_hl_01,,2026-09-29,
closed,rta_102_wh_hl_01,,2026-09-29,
closed,del_160_wh_hl_01,,2026-09-29,
closed,rup_126_wh_hl_01,,2026-09-29,
closed,noi_139_wh_hl_01,,2026-09-29,
closed,rup_101_wh_hl_01,,2026-09-29,
closed,dnc_117_wh_hl_01,,2026-09-29,
closed,ahm_127_wh_hl_01,,2026-09-29,
closed,pun_121_wh_hl_01,,2026-09-29,
closed,hyd_138_wh_hl_01,,2026-09-29,
closed,rok_102_wh_hl_01,,2026-09-29,
closed,rok_107_wh_hl_01,,2026-09-29,
closed,che_122_wh_hl_01,,2026-09-29,
closed,ahm_104_wh_hl_01,,2026-09-29,
closed,lud_103_wh_hl_01,,2026-09-29,
closed,gur_129_wh_hl_01,,2026-09-29,
closed,del_042_wh_hl_01,,2026-09-29,
closed,mum_176_wh_hl_01,,2026-09-29,
closed,che_190_wh_hl_01,,2026-09-29,
closed,pun_153_wh_hl_01,,2026-09-29,
closed,noi_129_wh_hl_01,,2026-09-29,
closed,del_061_wh_hl_01,,2026-09-29,
closed,guw_122_wh_hl_01,,2026-09-29,
closed,che_171_wh_hl_01,,2026-09-29,
closed,gur_117_wh_hl_01,,2026-09-29,
closed,del_14_wh_hl_01,,2026-09-29,
closed,kol_145_wh_hl_01,,2026-09-29,
closed,del_126_wh_hl_01,,2026-09-29,
closed,jal_103_wh_hl_01,,2026-09-29,
closed,che_189_wh_hl_01,,2026-09-29,
closed,che_147_wh_hl_01,,2026-09-29,
closed,rta_101_wh_hl_01,,2026-09-29,
closed,dnc_117_wh_hl_01,,2026-09-29,
closed,che_115_wh_hl_01,,2026-09-29,
closed,far_104_wh_hl_01,,2026-09-29,
closed,mum_109_wh_hl_01,,2026-09-29,
closed,ben_018_wh_hl_01,,2026-09-29,
closed,mum_043_wh_hl_01,,2026-09-29,
closed,ahm_135_wh_hl_01,,2026-09-29,
closed,ahm_136_wh_hl_01,,2026-09-29,
closed,ben_102_wh_hl_01,,2026-09-29,
closed,rup_102_wh_hl_01,,2026-09-29,
closed,ben_042_wh_hl_01,,2026-09-29,
closed,che_196_wh_hl_01,,2026-09-29,
closed,del_124_wh_hl_01,,2026-09-29,
closed,del_188_wh_hl_01,,2026-09-29,
closed,che_126_wh_hl_01,,2026-09-29,
closed,hyd_190_wh_hl_01,,2026-09-29,
closed,rka_125_wh_hl_01,,2026-09-29,
closed,del_124_wh_hl_01,,2026-09-29,
closed,kol_109_wh_hl_01,,2026-09-29,
closed,guw_127_wh_hl_01,,2026-09-29,
closed,ghz_119_wh_hl_01,,2026-09-29,
closed,hyd_119_wh_hl_01,,2026-09-29,
closed,luc_134_wh_hl_01,,2026-09-29,
closed,rbi_107_wh_hl_01,,2026-09-29,
closed,che_124_wh_hl_01,,2026-09-29,
closed,mum_171_wh_hl_01,,2026-09-29,
closed,ben_107_wh_hl_01,,2026-09-29,
closed,luc_118_wh_hl_01,,2026-09-29,
closed,mum_127_wh_hl_01,,2026-09-29,
closed,ben_150_wh_hl_01,,2026-09-29,
closed,del_074_wh_hl_01,,2026-09-29,
closed,del_118_wh_hl_01,,2026-09-29,
closed,mum_921_wh_hl_01,,2026-09-29,
closed,kol_105_wh_hl_01,,2026-09-29,
closed,pun_108_wh_hl_01,,2026-09-29,
closed,kol_105_wh_hl_01,,2026-09-29,
closed,lud_101_wh_hl_01,,2026-09-29,
closed,pun_124_wh_hl_01,,2026-09-29,
closed,kol_195_wh_hl_01,,2026-09-29,
closed,pat_106_wh_hl_01,,2026-09-29,
closed,ben_123_wh_hl_01,,2026-09-29,
closed,mum_063_wh_hl_01,,2026-09-29,
closed,noi_106_wh_hl_01,,2026-09-29,
closed,ben_105_wh_hl_01,,2026-09-29,
closed,rup_126_wh_hl_01,,2026-09-29,
closed,dnc_102_wh_hl_01,,2026-09-29,
closed,mum_182_wh_hl_01,,2026-09-29,
closed,pun_126_wh_hl_01,,2026-09-29,
closed,rta_105_wh_hl_01,,2026-09-29,
closed,noi_123_wh_hl_01,,2026-09-29,
closed,mum_137_wh_hl_01,,2026-09-29,
closed,ahm_142_wh_hl_01,,2026-09-29,
closed,mum_182_wh_hl_01,,2026-09-29,
closed,kol_103_wh_hl_01,,2026-09-29,
closed,kol_103_wh_hl_01,,2026-09-29,
closed,ahm_112_wh_hl_01,,2026-09-29,
closed,del_071_wh_hl_01,,2026-09-29,
closed,kol_103_wh_hl_01,,2026-09-29,
closed,kol_126_wh_hl_01,,2026-09-29,
closed,ahm_109_wh_hl_01,,2026-09-29,
closed,del_199_wh_hl_01,,2026-09-29,
closed,che_105_wh_hl_01,,2026-09-29,
closed,vad_102_wh_hl_01,,2026-09-29,
closed,vel_103_wh_hl_01,,2026-09-29,
closed,vad_101_wh_hl_01,,2026-09-29,
closed,coc_105_wh_hl_01,,2026-09-29,
closed,che_162_wh_hl_01,,2026-09-29,
closed,rpu_120_wh_hl_01,,2026-09-29,
closed,del_074_wh_hl_01,,2026-09-29,
closed,ahm_122_wh_hl_01,,2026-09-29,
closed,rup_105_wh_hl_01,,2026-09-29,
closed,kol_105_wh_hl_01,,2026-09-29,
closed,coi_106_wh_hl_01,,2026-09-29,
closed,pun_109_wh_hl_01,,2026-09-29,
closed,pun_124_wh_hl_01,,2026-09-29,
closed,kol_139_wh_hl_01,,2026-09-29,
closed,ahm_107_wh_hl_01,,2026-09-29,
closed,rok_102_wh_hl_01,,2026-09-29,
closed,pun_115_wh_hl_01,,2026-09-29,
closed,pun_126_wh_hl_01,,2026-09-29,
closed,pun_121_wh_hl_01,,2026-09-29,
closed,vel_103_wh_hl_01,,2026-09-29,
closed,gur_129_wh_hl_01,,2026-09-29,
closed,noi_129_wh_hl_01,,2026-09-29,
closed,del_123_wh_hl_01,,2026-09-29,
closed,bhu_101_wh_hl_01,,2026-09-29,
closed,tri_105_wh_hl_01,,2026-09-29,
closed,ben_178_wh_hl_01,,2026-09-29,
closed,ben_043_wh_hl_01,,2026-09-29,
closed,jai_115_wh_hl_01,,2026-09-29,
closed,hyd_189_wh_hl_01,,2026-09-29,
closed,hyd_111_wh_hl_01,,2026-09-29,
closed,mum_033_wh_hl_01,,2026-09-29,
closed,gur_129_wh_hl_01,,2026-09-29,
closed,rta_105_wh_hl_01,,2026-09-29,
closed,hyd_138_wh_hl_01,,2026-09-29,
closed,roo_107_wh_hl_01,,2026-09-29,
closed,jai_113_wh_hl_01,,2026-09-29,
closed,ahm_917_wh_hl_01,,2026-09-29,
closed,guw_128_wh_hl_01,,2026-09-29,
closed,pun_135_wh_hl_01,,2026-09-29,
closed,rta_102_wh_hl_01,,2026-09-29,
closed,mum_115_wh_hl_01,,2026-09-29,
closed,che_110_wh_hl_01,,2026-09-29,
closed,guw_110_wh_hl_01,,2026-09-29,
closed,del_200_wh_hl_01,,2026-09-29,
closed,ben_018_wh_hl_01,,2026-09-29,
closed,ben_007_wh_hl_01,,2026-09-29,
closed,pun_161_wh_hl_01,,2026-09-29,
closed,pat_123_wh_hl_01,,2026-09-29,
closed,hyd_142_wh_hl_01,,2026-09-29,
closed,del_196_wh_hl_01,,2026-09-29,
closed,ahm_124_wh_hl_01,,2026-09-29,
closed,gur_130_wh_hl_01,,2026-09-29,
closed,ahm_109_wh_hl_01,,2026-09-29,
closed,hyd_120_wh_hl_01,,2026-09-29,
closed,ben_138_wh_hl_01,,2026-09-29,
closed,ahm_101_wh_hl_01,,2026-09-29,
closed,rok_102_wh_hl_01,,2026-09-29,
closed,ben_118_wh_hl_01,,2026-09-29,
closed,mum_127_wh_hl_01,,2026-09-29,
closed,luc_118_wh_hl_01,,2026-09-29,
closed,coi_109_wh_hl_01,,2026-09-29,
closed,hyd_152_wh_hl_01,,2026-09-29,
closed,kol_107_wh_hl_01,,2026-09-29,
closed,pat_112_wh_hl_01,,2026-09-29,
closed,hyd_131_wh_hl_01,,2026-09-29,
closed,luc_117_wh_hl_01,,2026-09-29,
closed,pun_154_wh_hl_01,,2026-09-29,
closed,ahm_107_wh_hl_01,,2026-09-29,
closed,pun_109_wh_hl_01,,2026-09-29,
closed,kol_136_wh_hl_01,,2026-09-29,
closed,del_196_wh_hl_01,,2026-09-29,
closed,koz_104_wh_hl_01,,2026-09-29,
closed,del_181_wh_hl_01,,2026-09-29,
closed,dnc_117_wh_hl_01,,2026-09-29,
closed,kol_135_wh_hl_01,,2026-09-29,
closed,kol_109_wh_hl_01,,2026-09-29,
closed,kol_126_wh_hl_01,,2026-09-29,
closed,kol_195_wh_hl_01,,2026-09-29,
closed,coi_103_wh_hl_01,,2026-09-29,
closed,del_071_wh_hl_01,,2026-09-29,
closed,ghz_111_wh_hl_01,,2026-09-29,
closed,kol_195_wh_hl_01,,2026-09-29,
closed,koz_101_wh_hl_01,,2026-09-29,
closed,che_125_wh_hl_01,,2026-09-29,
closed,far_108_wh_hl_01,,2026-09-29,
closed,rpu_107_wh_hl_01,,2026-09-29,
closed,hyd_153_wh_hl_01,,2026-09-29,
closed,ben_257_wh_hl_01,,2026-09-29,
closed,lud_101_wh_hl_01,,2026-09-29,
closed,noi_106_wh_hl_01,,2026-09-29,
closed,ahm_133_wh_hl_01,,2026-09-29,
closed,ben_238_wh_hl_01,,2026-09-29,
closed,ben_216_wh_hl_01,,2026-09-29,
closed,pun_126_wh_hl_01,,2026-09-29,
closed,del_213_wh_hl_01,,2026-09-29,
closed,noi_129_wh_hl_01,,2026-09-29,
closed,kol_103_wh_hl_01,,2026-09-29,
closed,ben_144_wh_hl_01,,2026-09-29,
closed,ben_043_wh_hl_01,,2026-09-29,
closed,ben_184_wh_hl_01,,2026-09-29,
closed,ben_102_wh_hl_01,,2026-09-29,
closed,del_14_wh_hl_01,,2026-09-29,
closed,luc_122_wh_hl_01,,2026-09-29,
closed,mum_110_wh_hl_01,,2026-09-29,
closed,del_104_wh_hl_01,,2026-09-29,
closed,ben_238_wh_hl_01,,2026-09-29,
closed,ben_145_wh_hl_01,,2026-09-29,
closed,che_122_wh_hl_01,,2026-09-29,
closed,del_117_wh_hl_01,,2026-09-29,
closed,che_126_wh_hl_01,,2026-09-29,
closed,kol_103_wh_hl_01,,2026-09-29,
closed,che_176_wh_hl_01,,2026-09-29,
closed,dnc_102_wh_hl_01,,2026-09-29,
closed,dnc_114_wh_hl_01,,2026-09-29,
closed,vad_101_wh_hl_01,,2026-09-29,
closed,mum_160_wh_hl_01,,2026-09-29,
closed,mum_079_wh_hl_01,,2026-09-29,
closed,pun_138_wh_hl_01,,2026-09-29,
closed,rte_101_wh_hl_01,,2026-09-29,
closed,far_107_wh_hl_01,,2026-09-29,
closed,ben_050_wh_hl_01,,2026-09-29,
closed,mum_159_wh_hl_01,,2026-09-29,
closed,ahm_128_wh_hl_01,,2026-09-29,
closed,luc_115_wh_hl_01,,2026-09-29,
closed,ben_256_wh_hl_01,,2026-09-29,
closed,pun_117_wh_hl_01,,2026-09-29,
closed,pun_108_wh_hl_01,,2026-09-29,
closed,ben_034_wh_hl_01,,2026-09-29,
closed,ben_172_wh_hl_01,,2026-09-29,
closed,mum_061_wh_hl_01,,2026-09-29,
closed,pun_145_wh_hl_01,,2026-09-29,
closed,hyd_140_wh_hl_01,,2026-09-29,
closed,bhu_103_wh_hl_01,,2026-09-29,
closed,gur_112_wh_hl_01,,2026-09-29,
closed,luc_111_wh_hl_01,,2026-09-29,
closed,ben_201_wh_hl_01,,2026-09-29,
closed,rok_102_wh_hl_01,,2026-09-29,
closed,che_176_wh_hl_01,,2026-09-29,
closed,del_202_wh_hl_01,,2026-09-29,
closed,mum_171_wh_hl_01,,2026-09-29,
closed,ben_143_wh_hl_01,,2026-09-29,
closed,del_108_wh_hl_01,,2026-09-29,
closed,lud_104_wh_hl_01,,2026-09-29,
closed,ahm_142_wh_hl_01,,2026-09-29,
closed,rpu_117_wh_hl_01,,2026-09-29,
closed,ahm_131_wh_hl_01,,2026-09-29,
closed,jai_128_wh_hl_01,,2026-09-29,
closed,del_14_wh_hl_01,,2026-09-29,
closed,ahm_133_wh_hl_01,,2026-09-29,
closed,pun_149_wh_hl_01,,2026-09-29,
closed,ahm_103_wh_hl_01,,2026-09-29,
closed,gur_127_wh_hl_01,,2026-09-29,
closed,kol_103_wh_hl_01,,2026-09-29,
closed,kol_209_wh_hl_01,,2026-09-29,
closed,mum_140_wh_hl_01,,2026-09-29,
closed,ahm_122_wh_hl_01,,2026-09-29,
closed,ahm_122_wh_hl_01,,2026-09-29,
closed,rpu_104_wh_hl_01,,2026-09-29,
closed,ahm_131_wh_hl_01,,2026-09-29,
closed,kol_207_wh_hl_01,,2026-09-29,
closed,del_196_wh_hl_01,,2026-09-29,
closed,rta_102_wh_hl_01,,2026-09-29,
closed,pun_117_wh_hl_01,,2026-09-29,
closed,che_189_wh_hl_01,,2026-09-29,
closed,che_197_wh_hl_01,,2026-09-29,
closed,bhu_108_wh_hl_01,,2026-09-29,
closed,kol_117_wh_hl_01,,2026-09-29,
closed,ahm_104_wh_hl_01,,2026-09-29,
closed,luc_133_wh_hl_01,,2026-09-29,
closed,del_195_wh_hl_01,,2026-09-29,
closed,che_123_wh_hl_01,,2026-09-29,
closed,ahm_131_wh_hl_01,,2026-09-29,
closed,ghz_111_wh_hl_01,,2026-09-29,
closed,amr_102_wh_hl_01,,2026-09-29,
closed,dnc_117_wh_hl_01,,2026-09-29,
closed,che_122_wh_hl_01,,2026-09-29,
closed,ahm_101_wh_hl_01,,2026-09-29,
closed,hyd_138_wh_hl_01,,2026-09-29,
closed,mum_151_wh_hl_01,,2026-09-29,
closed,del_078_wh_hl_01,,2026-09-29,
closed,del_078_wh_hl_01,,2026-09-29,
closed,hyd_138_wh_hl_01,,2026-09-29,
closed,che_199_wh_hl_01,,2026-09-29,
closed,guw_122_wh_hl_01,,2026-09-29,
closed,rup_102_wh_hl_01,,2026-09-29,
closed,pun_138_wh_hl_01,,2026-09-29,
closed,hyd_104_wh_hl_01,,2026-09-29,
closed,gur_115_wh_hl_01,,2026-09-29,
closed,jai_115_wh_hl_01,,2026-09-29,
closed,che_176_wh_hl_01,,2026-09-29,
closed,rta_105_wh_hl_01,,2026-09-29,
closed,koz_103_wh_hl_01,,2026-09-29,
closed,kol_128_wh_hl_01,,2026-09-29,
closed,rta_104_wh_hl_01,,2026-09-29,
closed,hyd_160_wh_hl_02,,2026-09-29,
closed,rta_103_wh_hl_01,,2026-09-29,
closed,che_114_wh_hl_01,,2026-09-29,
closed,ahm_128_wh_hl_01,,2026-09-29,
closed,ben_228_wh_hl_01,,2026-09-29,
closed,jai_118_wh_hl_01,,2026-09-29,
closed,jai_112_wh_hl_01,,2026-09-29,
closed,rup_105_wh_hl_01,,2026-09-29,
closed,kol_103_wh_hl_01,,2026-09-29,
closed,del_181_wh_hl_01,,2026-09-29,
closed,hyd_189_wh_hl_01,,2026-09-29,
closed,rka_119_wh_hl_01,,2026-09-29,
closed,ben_007_wh_hl_01,,2026-09-29,
closed,ahm_131_wh_hl_01,,2026-09-29,
closed,rka_114_wh_hl_01,,2026-09-29,
closed,kol_105_wh_hl_01,,2026-09-29,
closed,roo_107_wh_hl_01,,2026-09-29,
closed,ahm_129_wh_hl_01,,2026-09-29,
closed,rjh_106_wh_hl_01,,2026-09-29,
closed,mum_127_wh_hl_01,,2026-09-29,
closed,pun_117_wh_hl_01,,2026-09-29,
closed,rjh_106_wh_hl_01,,2026-09-29,
closed,noi_106_wh_hl_01,,2026-09-29,
closed,del_160_wh_hl_01,,2026-09-29,
closed,kol_105_wh_hl_01,,2026-09-29,
closed,pun_119_wh_hl_01,,2026-09-29,
closed,pun_126_wh_hl_01,,2026-09-29,
closed,rup_111_wh_hl_01,,2026-09-29,
closed,che_102_wh_hl_01,,2026-09-29,
closed,del_160_wh_hl_01,,2026-09-29,
closed,rbi_106_wh_hl_01,,2026-09-29,
closed,che_184_wh_hl_01,,2026-09-29,
closed,guw_110_wh_hl_01,,2026-09-29,
closed,che_159_wh_hl_01,,2026-09-29,
closed,rta_110_wh_hl_01,,2026-09-29,
closed,del_14_wh_hl_01,,2026-09-29,
closed,coi_103_wh_hl_01,,2026-09-29,
closed,ahm_130_wh_hl_01,,2026-09-29,
closed,ben_238_wh_hl_01,,2026-09-29,
closed,del_156_wh_hl_01,,2026-09-29,
closed,che_123_wh_hl_01,,2026-09-29,
closed,del_180_wh_hl_01,,2026-09-29,
closed,koz_101_wh_hl_01,,2026-09-29,
closed,che_134_wh_hl_01,,2026-09-29,
closed,ben_265_wh_hl_01,,2026-09-29,
closed,kol_105_wh_hl_01,,2026-09-29,
closed,che_138_wh_hl_01,,2026-09-29,
closed,coi_109_wh_hl_01,,2026-09-29,
closed,kol_114_wh_hl_01,,2026-09-29,
closed,che_167_wh_hl_01,,2026-09-29,
closed,ahm_142_wh_hl_01,,2026-09-29,
closed,rok_109_wh_hl_01,,2026-09-29,
closed,del_108_wh_hl_01,,2026-09-29,
closed,ahm_104_wh_hl_01,,2026-09-29,
closed,mum_066_wh_hl_01,,2026-09-29,
closed,mum_066_wh_hl_01,,2026-09-29,
closed,ahm_104_wh_hl_01,,2026-09-29,
closed,che_171_wh_hl_01,,2026-09-29,
closed,del_018_wh_hl_01,,2026-09-29,
closed,del_14_wh_hl_01,,2026-09-29,
closed,che_171_wh_hl_01,,2026-09-29,
closed,ahm_112_wh_hl_01,,2026-09-29,
closed,rta_105_wh_hl_01,,2026-09-29,
closed,che_176_wh_hl_01,,2026-09-29,
closed,mum_021_wh_hl_01,,2026-09-29,
closed,ahm_136_wh_hl_01,,2026-09-29,
closed,gur_127_wh_hl_01,,2026-09-29,
closed,rka_125_wh_hl_01,,2026-09-29,
closed,coi_112_wh_hl_01,,2026-09-29,
closed,jai_106_wh_hl_01,,2026-09-29,
closed,ben_210_wh_hl_01,,2026-09-29,
closed,pun_138_wh_hl_01,,2026-09-29,
closed,che_189_wh_hl_01,,2026-09-29,
closed,kol_129_wh_hl_01,,2026-09-29,
closed,pun_117_wh_hl_01,,2026-09-29,
closed,del_110_wh_hl_01,,2026-09-29,
closed,dnc_106_wh_hl_01,,2026-09-29,
closed,hyd_119_wh_hl_01,,2026-09-29,
closed,pun_135_wh_hl_01,,2026-09-29,
closed,pun_117_wh_hl_01,,2026-09-29,
closed,hyd_105_wh_hl_01,,2026-09-29,
closed,mum_033_wh_hl_01,,2026-09-29,
closed,pun_145_wh_hl_01,,2026-09-29,
closed,bhu_103_wh_hl_01,,2026-09-29,
closed,hyd_190_wh_hl_01,,2026-09-29,
closed,hyd_189_wh_hl_01,,2026-09-29,
closed,hyd_161_wh_hl_01,,2026-09-29,
closed,ahm_109_wh_hl_01,,2026-09-29,
closed,rta_103_wh_hl_01,,2026-09-29,
closed,rta_101_wh_hl_01,,2026-09-29,
closed,pun_117_wh_hl_01,,2026-09-29,
closed,rok_109_wh_hl_01,,2026-09-29,
closed,ahm_133_wh_hl_01,,2026-09-29,
closed,bhu_103_wh_hl_01,,2026-09-29,
closed,luc_133_wh_hl_01,,2026-09-29,
closed,ahm_104_wh_hl_01,,2026-09-29,
closed,ggn_105_wh_hl_01,,2026-09-29,
closed,del_183_wh_hl_01,,2026-09-29,
closed,kol_105_wh_hl_01,,2026-09-29,
closed,del_166_wh_hl_01,,2026-09-29,
closed,vad_106_wh_hl_01,,2026-09-29,
closed,hub_101_wh_hl_01,,2026-09-29,
closed,del_151_wh_hl_01,,2026-09-29,
closed,del_160_wh_hl_01,,2026-09-29,
closed,coi_103_wh_hl_01,,2026-09-29,
closed,mum_109_wh_hl_01,,2026-09-29,
closed,pun_102_wh_hl_01,,2026-09-29,
closed,mum_187_wh_hl_01,,2026-09-29,
closed,del_026_wh_hl_01,,2026-09-29,
closed,ahm_135_wh_hl_01,,2026-09-29,
closed,del_243_wh_hl_01,,2026-09-29,
closed,ahm_134_wh_hl_01,,2026-09-29,
closed,gur_129_wh_hl_01,,2026-09-29,
closed,kol_103_wh_hl_01,,2026-09-29,
closed,mum_066_wh_hl_01,,2026-09-29,
closed,ahm_130_wh_hl_01,,2026-09-29,
closed,del_163_wh_hl_01,,2026-09-29,
closed,cha_102_wh_hl_01,,2026-09-29,
closed,ben_176_wh_hl_01,,2026-09-29,
closed,che_188_wh_hl_01,,2026-09-29,
closed,ahm_127_wh_hl_01,,2026-09-29,
closed,hyd_108_wh_hl_01,,2026-09-29,
closed,che_116_wh_hl_01,,2026-09-29,
closed,kol_195_wh_hl_01,,2026-09-29,
closed,del_128_wh_hl_01,,2026-09-29,
closed,hyd_150_wh_hl_01,,2026-09-29,
closed,del_143_wh_hl_01,,2026-09-29,
closed,vel_101_wh_hl_01,,2026-09-29,
closed,kol_103_wh_hl_01,,2026-09-29,
closed,ahm_104_wh_hl_01,,2026-09-29,
closed,gur_104_wh_hl_01,,2026-09-29,
closed,rup_129_wh_hl_01,,2026-09-29,
closed,rok_108_wh_hl_01,,2026-09-29,
closed,del_158_wh_hl_01,,2026-09-29,
closed,pat_101_wh_hl_01,,2026-09-29,
closed,rta_105_wh_hl_01,,2026-09-29,
closed,che_130_wh_hl_01,,2026-09-29,
closed,del_158_wh_hl_01,,2026-09-29,
closed,ben_125_wh_hl_01,,2026-09-29,
closed,rta_105_wh_hl_01,,2026-09-29,
closed,ben_243_wh_hl_01,,2026-09-29,
closed,che_115_wh_hl_01,,2026-09-29,
closed,rta_101_wh_hl_01,,2026-09-29,
closed,hyd_115_wh_hl_01,,2026-09-29,
closed,mum_144_wh_hl_01,,2026-09-29,
closed,ben_123_wh_hl_01,,2026-09-29,
closed,rpu_120_wh_hl_01,,2026-09-29,
closed,mum_105_wh_hl_01,,2026-09-29,
closed,del_181_wh_hl_01,,2026-09-29,
closed,ben_235_wh_hl_01,,2026-09-29,
closed,ghz_119_wh_hl_01,,2026-09-29,
closed,ben_257_wh_hl_01,,2026-09-29,
closed,del_188_wh_hl_01,,2026-09-29,
closed,rok_102_wh_hl_01,,2026-09-29,
closed,che_176_wh_hl_01,,2026-09-29,
closed,kol_130_wh_hl_01,,2026-09-29,
closed,hyd_185_wh_hl_01,,2026-09-29,
closed,hyd_111_wh_hl_01,,2026-09-29,
closed,che_118_wh_hl_01,,2026-09-29,
closed,ahm_136_wh_hl_01,,2026-09-29,
closed,ahm_132_wh_hl_01,,2026-09-29,
closed,ahm_136_wh_hl_01,,2026-09-29,
closed,rta_101_wh_hl_01,,2026-09-29,
closed,luc_133_wh_hl_01,,2026-09-29,
closed,ahm_104_wh_hl_01,,2026-09-29,
closed,ahm_122_wh_hl_01,,2026-09-29,
closed,kol_175_wh_hl_01,,2026-09-29,
closed,rbi_110_wh_hl_01,,2026-09-29,
closed,ben_204_wh_hl_01,,2026-09-29,
closed,pat_119_wh_hl_01,,2026-09-29,
closed,ghz_106_wh_hl_01,,2026-09-29,
closed,coi_112_wh_hl_01,,2026-09-29,
closed,rta_102_wh_hl_01,,2026-09-29,
closed,ben_184_wh_hl_01,,2026-09-29,
closed,ben_219_wh_hl_01,,2026-09-29,
closed,vad_104_wh_hl_01,,2026-09-29,
closed,coi_106_wh_hl_01,,2026-09-29,
closed,ben_007_wh_hl_01,,2026-09-29,
closed,ben_107_wh_hl_01,,2026-09-29,
closed,jal_102_wh_hl_01,,2026-09-29,
closed,hyd_151_wh_hl_01,,2026-09-29,
closed,kol_116_wh_hl_01,,2026-09-29,
closed,pun_126_wh_hl_01,,2026-09-29,
closed,kol_195_wh_hl_01,,2026-09-29,
closed,ghz_121_wh_hl_01,,2026-09-29,
closed,pun_109_wh_hl_01,,2026-09-29,
closed,pun_122_wh_hl_01,,2026-09-29,
closed,che_134_wh_hl_01,,2026-09-29,
closed,ahm_131_wh_hl_01,,2026-09-29,
closed,del_237_wh_hl_01,,2026-09-29,
closed,rpu_122_wh_hl_01,,2026-09-29,
closed,che_132_wh_hl_01,,2026-09-29,
closed,mum_921_wh_hl_01,,2026-09-29,
closed,ben_036_wh_hl_01,,2026-09-29,
closed,noi_102_wh_hl_01,,2026-09-29,
closed,luc_134_wh_hl_01,,2026-09-29,
closed,ahm_142_wh_hl_01,,2026-09-29,
closed,gur_101_wh_hl_01,,2026-09-29,
closed,mum_112_wh_hl_01,,2026-09-29,
closed,ahm_107_wh_hl_01,,2026-09-29,
closed,ahm_112_wh_hl_01,,2026-09-29,
closed,ben_160_wh_hl_01,,2026-09-29,
closed,pun_135_wh_hl_01,,2026-09-29,
closed,ahm_111_wh_hl_01,,2026-09-29,
closed,hyd_120_wh_hl_01,,2026-09-29,
closed,bom_045_wh_hl_01,,2026-09-29,
closed,pat_111_wh_hl_01,,2026-09-29,
closed,del_196_wh_hl_01,,2026-09-29,
closed,rka_126_wh_hl_01,,2026-09-29,
closed,ahm_130_wh_hl_01,,2026-09-29,
closed,mum_110_wh_hl_01,,2026-09-29,
closed,che_114_wh_hl_01,,2026-09-29,
closed,mum_160_wh_hl_01,,2026-09-29,
closed,rta_111_wh_hl_01,,2026-09-29,
closed,kol_105_wh_hl_01,,2026-09-29,
closed,del_143_wh_hl_01,,2026-09-29,
closed,noi_108_wh_hl_01,,2026-09-29,
closed,che_150_wh_hl_01,,2026-09-29,
closed,ahm_136_wh_hl_01,,2026-09-29,
closed,koz_101_wh_hl_01,,2026-09-29,
closed,pun_117_wh_hl_01,,2026-09-29,
closed,kol_195_wh_hl_01,,2026-09-29,
closed,noi_132_wh_hl_01,,2026-09-29,
closed,del_001_wh_hl_01,,2026-09-29,
closed,ahm_131_wh_hl_01,,2026-09-29,
closed,rok_102_wh_hl_01,,2026-09-29,
closed,hyd_180_wh_hl_01,,2026-09-29,
closed,hyd_138_wh_hl_01,,2026-09-29,
closed,ghz_119_wh_hl_01,,2026-09-29,
closed,kol_103_wh_hl_01,,2026-09-29,
closed,rpu_120_wh_hl_01,,2026-09-29,
closed,che_176_wh_hl_01,,2026-09-29,
closed,che_139_wh_hl_01,,2026-09-29,
closed,ben_185_wh_hl_01,,2026-09-29,
closed,che_110_wh_hl_01,,2026-09-29,
closed,ben_137_wh_hl_01,,2026-09-29,
closed,rta_105_wh_hl_01,,2026-09-29,
closed,del_14_wh_hl_01,,2026-09-29,
closed,pun_138_wh_hl_01,,2026-09-29,
closed,del_118_wh_hl_01,,2026-09-29,
closed,pun_117_wh_hl_01,,2026-09-29,
closed,rok_102_wh_hl_01,,2026-09-29,
closed,che_139_wh_hl_01,,2026-09-29,
closed,koz_103_wh_hl_01,,2026-09-29,
closed,koz_105_wh_hl_01,,2026-09-29,
closed,ben_216_wh_hl_01,,2026-09-29,
closed,amr_102_wh_hl_01,,2026-09-29,
closed,hyd_140_wh_hl_01,,2026-09-29,
closed,bhu_105_wh_hl_01,,2026-09-29,
closed,del_967_wh_hl_01,,2026-09-29,
closed,rup_142_wh_hl_01,,2026-09-29,
closed,mum_113_wh_hl_01,,2026-09-29,
closed,mum_152_wh_hl_01,,2026-09-29,
closed,pun_138_wh_hl_01,,2026-09-29,
closed,del_178_wh_hl_01,,2026-09-29,
closed,hyd_140_wh_hl_01,,2026-09-29,
closed,mum_062_wh_hl_01,,2026-09-29,
closed,ben_155_wh_hl_01,,2026-09-29,
closed,gur_118_wh_hl_01,,2026-09-29,
closed,ben_147_wh_hl_01,,2026-09-29,
closed,pun_117_wh_hl_01,,2026-09-29,
closed,ahm_101_wh_hl_01,,2026-09-29,
closed,rok_108_wh_hl_01,,2026-09-29,
closed,hyd_131_wh_hl_01,,2026-09-29,
closed,che_179_wh_hl_01,,2026-09-29,
closed,luc_117_wh_hl_01,,2026-09-29,
closed,cha_102_wh_hl_01,,2026-09-29,
closed,che_107_wh_hl_01,,2026-09-29,
closed,che_105_wh_hl_01,,2026-09-29,
closed,rup_118_wh_hl_01,,2026-09-29,
closed,che_116_wh_hl_01,,2026-09-29,
closed,ben_112_wh_hl_01,,2026-09-29,
closed,dnc_107_wh_hl_01,,2026-09-29,
closed,mum_113_wh_hl_01,,2026-09-29,
closed,jal_102_wh_hl_01,,2026-09-29,
closed,jal_102_wh_hl_01,,2026-09-29,
closed,kol_176_wh_hl_01,,2026-09-29,
closed,noi_106_wh_hl_01,,2026-09-29,
closed,kol_105_wh_hl_01,,2026-09-29,
closed,ahm_127_wh_hl_01,,2026-09-29,
closed,pun_126_wh_hl_01,,2026-09-29,
closed,rok_102_wh_hl_01,,2026-09-29,
closed,pun_148_wh_hl_01,,2026-09-29,
closed,gur_121_wh_hl_01,,2026-09-29,
closed,del_049_wh_hl_01,,2026-09-29,
closed,pat_108_wh_hl_01,,2026-09-29,
closed,gur_130_wh_hl_01,,2026-09-29,
closed,far_107_wh_hl_01,,2026-09-29,
closed,del_207_wh_hl_01,,2026-09-29,
closed,kol_105_wh_hl_01,,2026-09-29,
closed,ahm_130_wh_hl_01,,2026-09-29,
closed,rta_110_wh_hl_01,,2026-09-29,
closed,kol_105_wh_hl_01,,2026-09-29,
closed,kol_105_wh_hl_01,,2026-09-29,
closed,che_134_wh_hl_01,,2026-09-29,
closed,ahm_127_wh_hl_01,,2026-09-29,
closed,pun_124_wh_hl_01,,2026-09-29,
closed,ghz_121_wh_hl_01,,2026-09-29,
closed,del_180_wh_hl_01,,2026-09-29,
closed,rup_126_wh_hl_01,,2026-09-29,
closed,rbi_113_wh_hl_01,,2026-09-29,
closed,che_142_wh_hl_01,,2026-09-29,
closed,che_134_wh_hl_01,,2026-09-29,
closed,mum_118_wh_hl_01,,2026-09-29,
closed,kol_175_wh_hl_01,,2026-09-29,
closed,mum_102_wh_hl_01,,2026-09-29,
closed,del_188_wh_hl_01,,2026-09-29,
closed,kol_109_wh_hl_01,,2026-09-29,
closed,del_140_wh_hl_01,,2026-09-29,
closed,noi_129_wh_hl_01,,2026-09-29,
closed,ahm_109_wh_hl_01,,2026-09-29,
closed,koz_101_wh_hl_01,,2026-09-29,
closed,kol_171_wh_hl_01,,2026-09-29,
closed,rup_102_wh_hl_01,,2026-09-29,
closed,hyd_104_wh_hl_01,,2026-09-29,
closed,mum_109_wh_hl_01,,2026-09-29,
closed,pun_115_wh_hl_01,,2026-09-29,
closed,ghz_112_wh_hl_01,,2026-09-29,
closed,del_001_wh_hl_01,,2026-09-29,
closed,gur_112_wh_hl_01,,2026-09-29,
closed,rbi_115_wh_hl_01,,2026-09-29,
closed,kol_103_wh_hl_01,,2026-09-29,
closed,noi_115_wh_hl_01,,2026-09-29,
closed,pun_119_wh_hl_01,,2026-09-29,
closed,rok_109_wh_hl_01,,2026-09-29,
closed,mum_110_wh_hl_01,,2026-09-29,
closed,del_064_wh_hl_01,,2026-09-29,
closed,rbi_134_wh_hl_01,,2026-09-29,
closed,gur_129_wh_hl_01,,2026-09-29,
closed,rjh_107_wh_hl_02,,2026-09-29,
closed,del_107_wh_hl_01,,2026-09-29,
closed,vad_101_wh_hl_01,,2026-09-29,
closed,mum_112_wh_hl_01,,2026-09-29,
closed,che_110_wh_hl_01,,2026-09-29,
closed,hyd_164_wh_hl_01,,2026-09-29,
closed,ben_243_wh_hl_01,,2026-09-29,
closed,ghz_111_wh_hl_01,,2026-09-29,
closed,ahm_109_wh_hl_01,,2026-09-29,
closed,hyd_122_wh_hl_01,,2026-09-29,
closed,mum_160_wh_hl_01,,2026-09-29,
closed,jal_103_wh_hl_01,,2026-09-29,
closed,rpu_117_wh_hl_01,,2026-09-29,
closed,pun_145_wh_hl_01,,2026-09-29,
closed,ahm_136_wh_hl_01,,2026-09-29,
closed,ben_034_wh_hl_01,,2026-09-29,
closed,ahm_101_wh_hl_01,,2026-09-29,
closed,ahm_132_wh_hl_01,,2026-09-29,
closed,ghz_115_wh_hl_01,,2026-09-29,
closed,hyd_133_wh_hl_01,,2026-09-29,
closed,che_176_wh_hl_01,,2026-09-29,
closed,mum_109_wh_hl_01,,2026-09-29,
closed,rka_119_wh_hl_01,,2026-09-29,
closed,koz_103_wh_hl_01,,2026-09-29,
closed,rup_102_wh_hl_01,,2026-09-29,
closed,pat_113_wh_hl_01,,2026-09-29,
closed,che_107_wh_hl_01,,2026-09-29,
closed,ben_219_wh_hl_01,,2026-09-29,
closed,pun_138_wh_hl_01,,2026-09-29,
closed,ahm_136_wh_hl_01,,2026-09-29,
closed,hyd_102_wh_hl_01,,2026-09-29,
closed,mum_113_wh_hl_01,,2026-09-29,
closed,vad_101_wh_hl_01,,2026-09-29,
closed,rup_105_wh_hl_01,,2026-09-29,
closed,hyd_161_wh_hl_01,,2026-09-29,
closed,rup_102_wh_hl_01,,2026-09-29,
closed,hyd_127_wh_hl_01,,2026-09-29,
closed,luc_133_wh_hl_01,,2026-09-29,
closed,del_148_wh_hl_01,,2026-09-29,
closed,coi_107_wh_hl_02,,2026-09-29,
closed,coi_106_wh_hl_01,,2026-09-29,
closed,del_178_wh_hl_01,,2026-09-29,
closed,ben_036_wh_hl_01,,2026-09-29,
closed,ben_265_wh_hl_01,,2026-09-29,
closed,luc_129_wh_hl_01,,2026-09-29,
closed,mum_109_wh_hl_01,,2026-09-29,
closed,kol_195_wh_hl_01,,2026-09-29,
closed,ghz_121_wh_hl_01,,2026-09-29,
closed,del_078_wh_hl_01,,2026-09-29,
closed,rjh_106_wh_hl_01,,2026-09-29,
closed,hyd_106_wh_hl_01,,2026-09-29,
closed,noi_102_wh_hl_01,,2026-09-29,
closed,del_044_wh_hl_01,,2026-09-29,
closed,ahm_133_wh_hl_01,,2026-09-29,
closed,ben_036_wh_hl_01,,2026-09-29,
closed,rta_103_wh_hl_01,,2026-09-29,
closed,kol_109_wh_hl_01,,2026-09-29,
closed,mum_921_wh_hl_01,,2026-09-29,
closed,lud_103_wh_hl_01,,2026-09-29,
closed,kol_105_wh_hl_01,,2026-09-29,
closed,noi_102_wh_hl_01,,2026-09-29,
closed,ben_160_wh_hl_01,,2026-09-29,
closed,hyd_109_wh_hl_01,,2026-09-29,
closed,ben_105_wh_hl_01,,2026-09-29,
closed,far_101_wh_hl_01,,2026-09-29,
closed,che_188_wh_hl_01,,2026-09-29,
closed,ghz_117_wh_hl_01,,2026-09-29,
closed,ghz_114_wh_hl_01,,2026-09-29,
closed,hyd_138_wh_hl_01,,2026-09-29,
closed,hyd_138_wh_hl_01,,2026-09-29,
closed,noi_106_wh_hl_01,,2026-09-29,
closed,gur_122_wh_hl_01,,2026-09-29,
closed,pun_109_wh_hl_01,,2026-09-29,
closed,ahm_133_wh_hl_01,,2026-09-29,
closed,del_160_wh_hl_01,,2026-09-29,
closed,del_193_wh_hl_01,,2026-09-29,
closed,ahm_122_wh_hl_01,,2026-09-29,
closed,pun_115_wh_hl_01,,2026-09-29,
closed,ghz_119_wh_hl_01,,2026-09-29,
closed,kol_103_wh_hl_01,,2026-09-29,
closed,hyd_164_wh_hl_01,,2026-09-29,
closed,amr_102_wh_hl_01,,2026-09-29,
closed,gur_117_wh_hl_01,,2026-09-29,
closed,rok_102_wh_hl_01,,2026-09-29,
closed,jai_127_wh_hl_01,,2026-09-29,
closed,rta_102_wh_hl_01,,2026-09-29,
closed,vad_104_wh_hl_01,,2026-09-29,
closed,pun_145_wh_hl_01,,2026-09-29,
closed,jai_104_wh_hl_01,,2026-09-29,
closed,gur_130_wh_hl_01,,2026-09-29,
closed,del_017_wh_hl_01,,2026-09-29,
closed,mum_151_wh_hl_01,,2026-09-29,
closed,che_188_wh_hl_01,,2026-09-29,
closed,ben_137_wh_hl_01,,2026-09-29,
closed,koz_105_wh_hl_01,,2026-09-29,
closed,dnc_117_wh_hl_01,,2026-09-29,
closed,che_176_wh_hl_01,,2026-09-29,
closed,che_149_wh_hl_01,,2026-09-29,
closed,hyd_138_wh_hl_01,,2026-09-29,
closed,hyd_120_wh_hl_01,,2026-09-29,
closed,ahm_104_wh_hl_01,,2026-09-29,
closed,rok_102_wh_hl_01,,2026-09-29,
closed,ben_184_wh_hl_01,,2026-09-29,
closed,pun_138_wh_hl_01,,2026-09-29,
closed,pun_138_wh_hl_01,,2026-09-29,
closed,del_202_wh_hl_01,,2026-09-29,
closed,rpu_103_wh_hl_01,,2026-09-29,
closed,hyd_140_wh_hl_01,,2026-09-29,
closed,rpu_103_wh_hl_01,,2026-09-29,
closed,rwb_111_wh_hl_01,,2026-09-29,
closed,ben_108_wh_hl_01,,2026-09-29,
closed,ben_176_wh_hl_01,,2026-09-29,
closed,che_102_wh_hl_01,,2026-09-29,
closed,ahm_127_wh_hl_01,,2026-09-29,
closed,ben_257_wh_hl_01,,2026-09-29,
closed,che_176_wh_hl_01,,2026-09-29,
closed,rok_102_wh_hl_01,,2026-09-29,
closed,mum_187_wh_hl_01,,2026-09-29,
closed,ben_063_wh_hl_01,,2026-09-29,
closed,lud_102_wh_hl_01,,2026-09-29,
closed,jal_102_wh_hl_01,,2026-09-29,
closed,luc_129_wh_hl_01,,2026-09-29,
closed,ben_150_wh_hl_01,,2026-09-29,
closed,del_123_wh_hl_01,,2026-09-29,
closed,ben_241_wh_hl_01,,2026-09-29,
closed,dnc_102_wh_hl_01,,2026-09-29,
closed,del_159_wh_hl_01,,2026-09-29,
closed,del_049_wh_hl_01,,2026-09-29,
closed,lud_102_wh_hl_01,,2026-09-29,
closed,pun_126_wh_hl_01,,2026-09-29,
closed,noi_106_wh_hl_01,,2026-09-29,
closed,del_180_wh_hl_01,,2026-09-29,
closed,del_143_wh_hl_01,,2026-09-29,
closed,mum_110_wh_hl_01,,2026-09-29,
closed,ben_013_wh_hl_01,,2026-09-29,
closed,ben_031_wh_hl_01,,2026-09-29,
closed,che_196_wh_hl_01,,2026-09-29,
closed,ghz_121_wh_hl_01,,2026-09-29,
closed,del_078_wh_hl_01,,2026-09-29,
closed,mum_921_wh_hl_01,,2026-09-29,
closed,ben_013_wh_hl_01,,2026-09-29,
closed,mum_025_wh_hl_01,,2026-09-29,
closed,rwb_106_wh_hl_01,,2026-09-29,
closed,che_125_wh_hl_01,,2026-09-29,
closed,gur_104_wh_hl_01,,2026-09-29,
closed,che_130_wh_hl_01,,2026-09-29,
closed,noi_102_wh_hl_01,,2026-09-29,
closed,noi_102_wh_hl_01,,2026-09-29,
closed,pun_124_wh_hl_01,,2026-09-29,
closed,bom_045_wh_hl_01,,2026-09-29,
closed,mum_151_wh_hl_01,,2026-09-29,
closed,gur_109_wh_hl_01,,2026-09-29,
closed,hyd_185_wh_hl_01,,2026-09-29,
closed,rpu_101_wh_hl_01,,2026-09-29,
closed,ahm_127_wh_hl_01,,2026-09-29,
closed,ben_225_wh_hl_01,,2026-09-29,
closed,coi_106_wh_hl_01,,2026-09-29,
closed,del_160_wh_hl_01,,2026-09-29,
closed,ahm_112_wh_hl_01,,2026-09-29,
closed,che_188_wh_hl_01,,2026-09-29,
closed,vad_101_wh_hl_01,,2026-09-29,
closed,ben_198_wh_hl_01,,2026-09-29,
closed,rta_102_wh_hl_01,,2026-09-29,
closed,pun_154_wh_hl_01,,2026-09-29,
closed,noi_132_wh_hl_01,,2026-09-29,
closed,del_196_wh_hl_01,,2026-09-29,
closed,rpu_107_wh_hl_01,,2026-09-29,
closed,che_121_wh_hl_01,,2026-09-29,
closed,ben_257_wh_hl_01,,2026-09-29,
closed,rta_110_wh_hl_01,,2026-09-29,
closed,coi_106_wh_hl_01,,2026-09-29,
closed,hyd_165_wh_hl_01,,2026-09-29,
closed,kol_145_wh_hl_01,,2026-09-29,
closed,pun_108_wh_hl_01,,2026-09-29,
closed,pun_154_wh_hl_01,,2026-09-29,
closed,rta_102_wh_hl_01,,2026-09-29,
closed,ahm_132_wh_hl_01,,2026-09-29,
closed,kol_103_wh_hl_01,,2026-09-29,
closed,ahm_124_wh_hl_01,,2026-09-29,
closed,kol_103_wh_hl_01,,2026-09-29,
closed,guw_107_wh_hl_01,,2026-09-29,
closed,che_126_wh_hl_01,,2026-09-29,
closed,kol_103_wh_hl_01,,2026-09-29,
closed,hyd_180_wh_hl_01,,2026-09-29,
closed,hyd_119_wh_hl_01,,2026-09-29,
closed,pun_138_wh_hl_01,,2026-09-29,
closed,rpu_102_wh_hl_01,,2026-09-29,
closed,del_078_wh_hl_01,,2026-09-29,
closed,gur_130_wh_hl_01,,2026-09-29,
closed,rok_109_wh_hl_01,,2026-09-29,
closed,ahm_101_wh_hl_01,,2026-09-29,
closed,luc_134_wh_hl_01,,2026-09-29,
closed,kol_103_wh_hl_01,,2026-09-29,
closed,del_199_wh_hl_01,,2026-09-29,
closed,kol_213_wh_hl_01,,2026-09-29,
closed,che_115_wh_hl_01,,2026-09-29,
closed,rpu_107_wh_hl_01,,2026-09-29,
closed,del_118_wh_hl_01,,2026-09-29,
closed,mum_043_wh_hl_01,,2026-09-29,
closed,che_122_wh_hl_01,,2026-09-29,
closed,pun_117_wh_hl_01,,2026-09-29,
closed,hyd_160_wh_hl_02,,2026-09-29,
closed,hyd_153_wh_hl_01,,2026-09-29,
closed,rup_133_wh_hl_01,,2026-09-29,
closed,del_126_wh_hl_01,,2026-09-29,
closed,hyd_118_wh_hl_01,,2026-09-29,
closed,vad_104_wh_hl_01,,2026-09-29,
closed,gur_118_wh_hl_01,,2026-09-29,
closed,var_108_wh_hl_01,,2026-09-29,
closed,pun_135_wh_hl_01,,2026-09-29,
closed,ben_137_wh_hl_01,,2026-09-29,
closed,ahm_136_wh_hl_01,,2026-09-29,
closed,rta_102_wh_hl_01,,2026-09-29,
closed,cha_104_wh_hl_01,,2026-09-29,
closed,kol_105_wh_hl_01,,2026-09-29,
closed,che_159_wh_hl_01,,2026-09-29,
closed,rte_102_wh_hl_01,,2026-09-29,
closed,kol_129_wh_hl_01,,2026-09-29,
closed,mum_127_wh_hl_01,,2026-09-29,
closed,hyd_167_wh_hl_01,,2026-09-29,
closed,kol_195_wh_hl_01,,2026-09-29,
closed,rok_108_wh_hl_01,,2026-09-29,
closed,pun_122_wh_hl_01,,2026-09-29,
closed,del_160_wh_hl_01,,2026-09-29,
closed,del_195_wh_hl_01,,2026-09-29,
closed,mum_921_wh_hl_01,,2026-09-29,
closed,kol_122_wh_hl_01,,2026-09-29,
closed,rup_127_wh_hl_01,,2026-09-29,
closed,ghz_119_wh_hl_01,,2026-09-29,
closed,noi_129_wh_hl_01,,2026-09-29,
closed,mum_159_wh_hl_01,,2026-09-29,
closed,hyd_165_wh_hl_01,,2026-09-29,
closed,rta_110_wh_hl_01,,2026-09-29,
closed,kol_105_wh_hl_01,,2026-09-29,
closed,che_136_wh_hl_01,,2026-09-29,
closed,ahm_104_wh_hl_01,,2026-09-29,
closed,kol_109_wh_hl_01,,2026-09-29,
closed,ahm_109_wh_hl_01,,2026-09-29,
closed,mum_151_wh_hl_01,,2026-09-29,
closed,ahm_142_wh_hl_01,,2026-09-29,
closed,kol_103_wh_hl_01,,2026-09-29,
closed,ahm_133_wh_hl_01,,2026-09-29,
closed,noi_125_wh_hl_01,,2026-09-29,
closed,ben_903_wh_hl_01,,2026-09-29,
closed,mum_033_wh_hl_01,,2026-09-29,
closed,kol_128_wh_hl_01,,2026-09-29,
closed,ahm_102_wh_hl_01,,2026-09-29,
closed,gur_121_wh_hl_01,,2026-09-29,
closed,rup_142_wh_hl_01,,2026-09-29,
closed,dnc_102_wh_hl_01,,2026-09-29,
closed,noi_129_wh_hl_01,,2026-09-29,
closed,rta_105_wh_hl_01,,2026-09-29,
closed,che_176_wh_hl_01,,2026-09-29,
closed,kol_218_wh_hl_01,,2026-09-29,
closed,kol_150_wh_hl_01,,2026-09-29,
closed,ahm_130_wh_hl_01,,2026-09-29,
closed,che_188_wh_hl_01,,2026-09-29,
closed,ahm_127_wh_hl_01,,2026-09-29,
closed,guw_121_wh_hl_01,,2026-09-29,
closed,mum_134_wh_hl_01,,2026-09-29,
closed,ahm_104_wh_hl_01,,2026-09-29,
closed,coc_107_wh_hl_01,,2026-09-29,
closed,mum_159_wh_hl_01,,2026-09-29,
closed,ben_137_wh_hl_01,,2026-09-29,
closed,rka_119_wh_hl_01,,2026-09-29,
closed,pun_138_wh_hl_01,,2026-09-29,
closed,dnc_107_wh_hl_01,,2026-09-29,
closed,che_176_wh_hl_01,,2026-09-29,
closed,rta_102_wh_hl_01,,2026-09-29,
closed,jai_127_wh_hl_01,,2026-09-29,
closed,ben_234_wh_hl_01,,2026-09-29,
closed,ahm_111_wh_hl_01,,2026-09-29,
closed,ben_160_wh_hl_01,,2026-09-29,
closed,ben_238_wh_hl_01,,2026-09-29,
closed,ben_216_wh_hl_01,,2026-09-29,
closed,che_179_wh_hl_01,,2026-09-29,
closed,rup_142_wh_hl_01,,2026-09-29,
closed,hyd_111_wh_hl_01,,2026-09-29,
closed,rup_142_wh_hl_01,,2026-09-29,
closed,ben_043_wh_hl_01,,2026-09-29,
closed,ben_102_wh_hl_01,,2026-09-29,
closed,vad_104_wh_hl_01,,2026-09-29,
closed,vad_104_wh_hl_01,,2026-09-29,
closed,coi_104_wh_hl_01,,2026-09-29,
closed,pun_138_wh_hl_01,,2026-09-29,
closed,rbi_105_wh_hl_01,,2026-09-29,
closed,pun_117_wh_hl_01,,2026-09-29,
closed,hyd_189_wh_hl_01,,2026-09-29,
closed,rte_101_wh_hl_01,,2026-09-29,
closed,ben_102_wh_hl_01,,2026-09-29,
closed,del_071_wh_hl_01,,2026-09-29,
closed,del_282_wh_hl_01,,2026-09-29,
closed,ben_243_wh_hl_01,,2026-09-29,
closed,ben_150_wh_hl_01,,2026-09-29,
closed,ahm_122_wh_hl_01,,2026-09-29,
closed,hyd_122_wh_hl_01,,2026-09-29,
closed,ben_118_wh_hl_01,,2026-09-29,
closed,rpu_113_wh_hl_01,,2026-09-29,
closed,guw_107_wh_hl_01,,2026-09-29,
closed,guw_107_wh_hl_01,,2026-09-29,
closed,lud_102_wh_hl_01,,2026-09-29,
closed,del_128_wh_hl_01,,2026-09-29,
closed,che_105_wh_hl_01,,2026-09-29,
closed,kol_207_wh_hl_01,,2026-09-29,
closed,ghz_121_wh_hl_01,,2026-09-29,
closed,ghz_112_wh_hl_01,,2026-09-29,
closed,rup_126_wh_hl_01,,2026-09-29,
closed,guw_121_wh_hl_01,,2026-09-29,
closed,del_142_wh_hl_01,,2026-09-29,
closed,pun_153_wh_hl_01,,2026-09-29,
closed,mum_921_wh_hl_01,,2026-09-29,
closed,nag_108_wh_hl_01,,2026-09-29,
closed,ben_178_wh_hl_01,,2026-09-29,
closed,rjh_106_wh_hl_01,,2026-09-29,
closed,coi_106_wh_hl_01,,2026-09-29,
closed,coi_106_wh_hl_01,,2026-09-29,
closed,kol_103_wh_hl_01,,2026-09-29,
closed,del_163_wh_hl_01,,2026-09-29,
closed,del_044_wh_hl_01,,2026-09-29,
closed,ahm_128_wh_hl_01,,2026-09-29,
closed,rpu_113_wh_hl_01,,2026-09-29,
closed,noi_112_wh_hl_01,,2026-09-29,
closed,che_118_wh_hl_01,,2026-09-29,
closed,che_142_wh_hl_01,,2026-09-29,
closed,ahm_112_wh_hl_01,,2026-09-29,
closed,che_196_wh_hl_01,,2026-09-29,
closed,che_162_wh_hl_01,,2026-09-29,
closed,del_188_wh_hl_01,,2026-09-29,
closed,ben_238_wh_hl_01,,2026-09-29,
closed,che_121_wh_hl_01,,2026-09-29,
closed,pun_108_wh_hl_01,,2026-09-29,
closed,ben_160_wh_hl_01,,2026-09-29,
closed,del_184_wh_hl_01,,2026-09-29,
closed,rpu_120_wh_hl_01,,2026-09-29,
closed,far_107_wh_hl_01,,2026-09-29,
closed,hyd_189_wh_hl_01,,2026-09-29,
closed,rta_103_wh_hl_01,,2026-09-29,
closed,che_176_wh_hl_01,,2026-09-29,
closed,dnc_117_wh_hl_01,,2026-09-29,
closed,rta_101_wh_hl_01,,2026-09-29,
closed,amr_104_wh_hl_01,,2026-09-29,
closed,kol_103_wh_hl_01,,2026-09-29,
closed,noi_106_wh_hl_01,,2026-09-29,
closed,del_061_wh_hl_01,,2026-09-29,
closed,kol_101_wh_hl_01,,2026-09-29,
closed,dnc_106_wh_hl_01,,2026-09-29,
closed,rwb_111_wh_hl_01,,2026-09-29,
closed,ben_103_wh_hl_01,,2026-09-29,
closed,ben_103_wh_hl_01,,2026-09-29,
closed,hyd_118_wh_hl_01,,2026-09-29,
closed,rup_102_wh_hl_01,,2026-09-29,
closed,hyd_190_wh_hl_01,,2026-09-29,
closed,rup_102_wh_hl_01,,2026-09-29,
closed,vad_104_wh_hl_01,,2026-09-29,
closed,vad_104_wh_hl_01,,2026-09-29,
closed,rwb_111_wh_hl_01,,2026-09-29,
closed,pat_121_wh_hl_01,,2026-09-29,
closed,hyd_161_wh_hl_01,,2026-09-29,
closed,pun_145_wh_hl_01,,2026-09-29,
closed,pat_102_wh_hl_01,,2026-09-29,
closed,del_14_wh_hl_01,,2026-09-29,
closed,far_108_wh_hl_01,,2026-09-29,
closed,del_078_wh_hl_01,,2026-09-29,
closed,ahm_104_wh_hl_01,,2026-09-29,
closed,koz_104_wh_hl_01,,2026-09-29,
closed,ben_184_wh_hl_01,,2026-09-29,
closed,mum_033_wh_hl_01,,2026-09-29,
closed,che_126_wh_hl_01,,2026-09-29,
closed,ben_140_wh_hl_01,,2026-09-29,
closed,hyd_108_wh_hl_01,,2026-09-29,
closed,dnc_102_wh_hl_01,,2026-09-29,
closed,kol_213_wh_hl_01,,2026-09-29,
closed,mum_067_wh_hl_01,,2026-09-29,
closed,mum_921_wh_hl_01,,2026-09-29,
closed,ahm_132_wh_hl_01,,2026-09-29,
closed,kol_109_wh_hl_01,,2026-09-29,
closed,pun_115_wh_hl_01,,2026-09-29,
closed,hyd_150_wh_hl_01,,2026-09-29,
closed,noi_102_wh_hl_01,,2026-09-29,
closed,che_118_wh_hl_01,,2026-09-29,
closed,hub_102_wh_hl_01,,2026-09-29,
closed,mum_025_wh_hl_01,,2026-09-29,
closed,pun_124_wh_hl_01,,2026-09-29,
closed,ghz_121_wh_hl_01,,2026-09-29,
closed,gur_121_wh_hl_01,,2026-09-29,
closed,gur_109_wh_hl_01,,2026-09-29,
closed,dnc_110_wh_hl_01,,2026-09-29,
closed,rpu_122_wh_hl_01,,2026-09-29,
closed,ben_178_wh_hl_01,,2026-09-29,
closed,ben_235_wh_hl_01,,2026-09-29,
closed,ahm_132_wh_hl_01,,2026-09-29,
closed,del_078_wh_hl_01,,2026-09-29,
closed,ahm_120_wh_hl_01,,2026-09-29,
closed,rta_102_wh_hl_01,,2026-09-29,
closed,hyd_191_wh_hl_01,,2026-09-29,
closed,pun_132_wh_hl_01,,2026-09-29,
closed,rka_122_wh_hl_01,,2026-09-29,
closed,mum_072_wh_hl_01,,2026-09-29,
closed,noi_102_wh_hl_01,,2026-09-29,
closed,ghz_114_wh_hl_01,,2026-09-29,
closed,pun_122_wh_hl_01,,2026-09-29,
closed,pun_124_wh_hl_01,,2026-09-29,
closed,hyd_115_wh_hl_01,,2026-09-29,
closed,hyd_135_wh_hl_01,,2026-09-29,
closed,che_147_wh_hl_01,,2026-09-29,
closed,koz_105_wh_hl_01,,2026-09-29,
closed,ben_243_wh_hl_01,,2026-09-29,
closed,ahm_104_wh_hl_01,,2026-09-29,
closed,dnc_117_wh_hl_01,,2026-09-29,
closed,koz_101_wh_hl_01,,2026-09-29,
closed,kol_103_wh_hl_01,,2026-09-29,
closed,hyd_189_wh_hl_01,,2026-09-29,
closed,che_103_wh_hl_01,,2026-09-29,
closed,bhu_103_wh_hl_01,,2026-09-29,
closed,hyd_135_wh_hl_01,,2026-09-29,
closed,hyd_105_wh_hl_01,,2026-09-29,
closed,ben_018_wh_hl_01,,2026-09-29,
closed,che_130_wh_hl_01,,2026-09-29,
closed,hyd_139_wh_hl_01,,2026-09-29,
closed,pun_145_wh_hl_01,,2026-09-29,
closed,ben_060_wh_hl_01,,2026-09-29,
closed,coc_105_wh_hl_01,,2026-09-29,
closed,ben_125_wh_hl_01,,2026-09-29,
closed,rka_125_wh_hl_01,,2026-09-29,
closed,pun_138_wh_hl_01,,2026-09-29,
closed,roo_104_wh_hl_01,,2026-09-29,
closed,ahm_101_wh_hl_01,,2026-09-29,
closed,hyd_157_wh_hl_01,,2026-09-29,
closed,pun_117_wh_hl_01,,2026-09-29,
closed,ahm_128_wh_hl_01,,2026-09-29,
closed,ahm_131_wh_hl_01,,2026-09-29,
closed,ahm_104_wh_hl_01,,2026-09-29,
closed,hyd_189_wh_hl_01,,2026-09-29,
closed,hyd_135_wh_hl_01,,2026-09-29,
closed,rte_103_wh_hl_01,,2026-09-29,
closed,ben_018_wh_hl_01,,2026-09-29,
closed,pun_139_wh_hl_01,,2026-09-29,
closed,che_179_wh_hl_01,,2026-09-29,
closed,che_176_wh_hl_01,,2026-09-29,
closed,rup_102_wh_hl_01,,2026-09-29,
closed,kol_184_wh_hl_01,,2026-09-29,
closed,pun_145_wh_hl_01,,2026-09-29,
closed,mum_113_wh_hl_01,,2026-09-29,
closed,pun_138_wh_hl_01,,2026-09-29,
closed,vad_104_wh_hl_01,,2026-09-29,
closed,rpu_120_wh_hl_01,,2026-09-29,
closed,luc_121_wh_hl_01,,2026-09-29,
closed,gur_129_wh_hl_01,,2026-09-29,
closed,del_181_wh_hl_01,,2026-09-29,
closed,kol_171_wh_hl_01,,2026-09-29,
closed,mum_061_wh_hl_01,,2026-09-29,
closed,pat_114_wh_hl_01,,2026-09-29,
closed,luc_122_wh_hl_01,,2026-09-29,
closed,del_197_wh_hl_01,,2026-09-29,
closed,ben_241_wh_hl_01,,2026-09-29,
closed,del_080_wh_hl_01,,2026-09-29,
closed,hyd_108_wh_hl_01,,2026-09-29,
closed,jal_104_wh_hl_01,,2026-09-29,
closed,ahm_131_wh_hl_01,,2026-09-29,
closed,ben_024_wh_hl_01,,2026-09-29,
closed,pun_107_wh_hl_01,,2026-09-29,
closed,pun_154_wh_hl_01,,2026-09-29,
closed,ghz_112_wh_hl_01,,2026-09-29,
closed,kol_109_wh_hl_01,,2026-09-29,
closed,gur_110_wh_hl_01,,2026-09-29,
closed,rpu_113_wh_hl_01,,2026-09-29,
closed,lud_101_wh_hl_01,,2026-09-29,
closed,mum_025_wh_hl_01,,2026-09-29,
closed,noi_106_wh_hl_01,,2026-09-29,
closed,noi_102_wh_hl_01,,2026-09-29,
closed,ben_105_wh_hl_01,,2026-09-29,
closed,rup_111_wh_hl_01,,2026-09-29,
closed,hyd_150_wh_hl_01,,2026-09-29,
closed,hyd_178_wh_hl_01,,2026-09-29,
closed,hyd_167_wh_hl_01,,2026-09-29,
closed,pat_118_wh_hl_01,,2026-09-29,
closed,mum_921_wh_hl_01,,2026-09-29,
closed,del_141_wh_hl_01,,2026-09-29,
closed,ben_223_wh_hl_01,,2026-09-29,
closed,ben_286_wh_hl_01,,2026-09-29,
closed,ghz_119_wh_hl_01,,2026-09-29,
closed,vad_101_wh_hl_01,,2026-09-29,
closed,rte_102_wh_hl_01,,2026-09-29,
closed,mum_025_wh_hl_01,,2026-09-29,
closed,mum_110_wh_hl_01,,2026-09-29,
closed,noi_132_wh_hl_01,,2026-09-29,
closed,del_025_wh_hl_01,,2026-09-29,
closed,del_188_wh_hl_01,,2026-09-29,
closed,rok_102_wh_hl_01,,2026-09-29,
closed,ahm_124_wh_hl_01,,2026-09-29,
closed,ben_238_wh_hl_01,,2026-09-29,
closed,del_160_wh_hl_01,,2026-09-29,
closed,pun_115_wh_hl_01,,2026-09-29,
closed,pun_119_wh_hl_01,,2026-09-29,
closed,kol_195_wh_hl_01,,2026-09-29,
closed,ben_160_wh_hl_01,,2026-09-29,
closed,che_116_wh_hl_01,,2026-09-29,
closed,dnc_114_wh_hl_01,,2026-09-29,
closed,ahm_104_wh_hl_01,,2026-09-29,
closed,pun_105_wh_hl_01,,2026-09-29,
closed,pun_126_wh_hl_01,,2026-09-29,
closed,del_141_wh_hl_01,,2026-09-29,
closed,rup_118_wh_hl_01,,2026-09-29,
closed,rpu_122_wh_hl_01,,2026-09-29,
closed,ahm_917_wh_hl_01,,2026-09-29,
closed,ben_286_wh_hl_01,,2026-09-29,
closed,ahm_917_wh_hl_01,,2026-09-29,
closed,vad_101_wh_hl_01,,2026-09-29,
closed,che_149_wh_hl_01,,2026-09-29,
closed,ahm_109_wh_hl_01,,2026-09-29,
closed,hyd_189_wh_hl_01,,2026-09-29,
closed,dnc_114_wh_hl_01,,2026-09-29,
closed,coc_104_wh_hl_01,,2026-09-29,
closed,kol_120_wh_hl_01,,2026-09-29,
closed,dnc_117_wh_hl_01,,2026-09-29,
closed,pat_115_wh_hl_01,,2026-09-29,
closed,ben_036_wh_hl_01,,2026-09-29,
closed,ahm_120_wh_hl_01,,2026-09-29,
closed,che_176_wh_hl_01,,2026-09-29,
closed,mum_043_wh_hl_01,,2026-09-29,
closed,mum_033_wh_hl_01,,2026-09-29,
closed,rup_133_wh_hl_01,,2026-09-29,
closed,far_108_wh_hl_01,,2026-09-29,
closed,del_207_wh_hl_01,,2026-09-29,
closed,ahm_135_wh_hl_01,,2026-09-29,
closed,del_042_wh_hl_01,,2026-09-29,
closed,ben_243_wh_hl_01,,2026-09-29,
closed,che_192_wh_hl_01,,2026-09-29,
closed,hyd_187_wh_hl_01,,2026-09-29,
closed,ahm_104_wh_hl_01,,2026-09-29,
closed,hyd_157_wh_hl_01,,2026-09-29,
closed,hyd_140_wh_hl_01,,2026-09-29,
closed,jai_103_wh_hl_01,,2026-09-29,
closed,pun_117_wh_hl_01,,2026-09-29,
closed,mum_043_wh_hl_01,,2026-09-29,
closed,pun_145_wh_hl_01,,2026-09-29,
closed,del_064_wh_hl_01,,2026-09-29,
closed,gur_130_wh_hl_01,,2026-09-29,
closed,ahm_112_wh_hl_01,,2026-09-29,
closed,ghz_110_wh_hl_01,,2026-09-29,
closed,ben_179_wh_hl_01,,2026-09-29,
closed,ben_118_wh_hl_01,,2026-09-29,
closed,rok_102_wh_hl_01,,2026-09-29,
closed,rta_102_wh_hl_01,,2026-09-29,
closed,hyd_102_wh_hl_01,,2026-09-29,
closed,vad_104_wh_hl_01,,2026-09-29,
closed,ben_150_wh_hl_01,,2026-09-29,
closed,ben_123_wh_hl_01,,2026-09-29,
closed,hyd_178_wh_hl_01,,2026-09-29,
closed,kol_105_wh_hl_01,,2026-09-29,
closed,mum_921_wh_hl_01,,2026-09-29,
closed,rpu_101_wh_hl_01,,2026-09-29,
closed,che_159_wh_hl_01,,2026-09-29,
closed,che_134_wh_hl_01,,2026-09-29,
closed,mum_110_wh_hl_01,,2026-09-29,
closed,ben_107_wh_hl_01,,2026-09-29,
closed,luc_122_wh_hl_01,,2026-09-29,
closed,del_160_wh_hl_01,,2026-09-29,
closed,dnc_102_wh_hl_01,,2026-09-29,
closed,pun_115_wh_hl_01,,2026-09-29,
closed,che_118_wh_hl_01,,2026-09-29,
closed,del_126_wh_hl_01,,2026-09-29,
closed,coi_109_wh_hl_01,,2026-09-29,
closed,noi_106_wh_hl_01,,2026-09-29,
closed,del_010_wh_hl_01,,2026-09-29,
closed,che_137_wh_hl_01,,2026-09-29,
closed,cha_102_wh_hl_01,,2026-09-29,
closed,noi_102_wh_hl_01,,2026-09-29,
closed,kol_103_wh_hl_01,,2026-09-29,
closed,koz_103_wh_hl_01,,2026-09-29,
closed,ahm_124_wh_hl_01,,2026-09-29,
closed,rup_112_wh_hl_01,,2026-09-29,
closed,del_142_wh_hl_01,,2026-09-29,
closed,dnc_117_wh_hl_01,,2026-09-29,
closed,del_188_wh_hl_01,,2026-09-29,
closed,ahm_111_wh_hl_01,,2026-09-29,
closed,ben_174_wh_hl_01,,2026-09-29,
closed,ahm_130_wh_hl_01,,2026-09-29,
closed,ben_018_wh_hl_01,,2026-09-29,
closed,rta_103_wh_hl_01,,2026-09-29,
closed,koz_101_wh_hl_01,,2026-09-29,
closed,rwb_106_wh_hl_01,,2026-09-29,
closed,pat_106_wh_hl_01,,2026-09-29,
closed,noi_125_wh_hl_01,,2026-09-29,
closed,del_957_wh_hl_01,,2026-09-29,
closed,che_125_wh_hl_01,,2026-09-29,
closed,gur_103_wh_hl_01,,2026-09-29,
closed,kol_105_wh_hl_01,,2026-09-29,
closed,che_126_wh_hl_01,,2026-09-29,
closed,ahm_111_wh_hl_01,,2026-09-29,
closed,pun_117_wh_hl_01,,2026-09-29,
closed,ggn_105_wh_hl_01,,2026-09-29,
closed,far_104_wh_hl_01,,2026-09-29,
closed,hyd_116_wh_hl_01,,2026-09-29,
closed,pun_126_wh_hl_01,,2026-09-29,
closed,kol_195_wh_hl_01,,2026-09-29,
closed,che_134_wh_hl_01,,2026-09-29,
closed,rta_104_wh_hl_01,,2026-09-29,
closed,del_196_wh_hl_01,,2026-09-29,
closed,pun_121_wh_hl_01,,2026-09-29,
closed,ben_110_wh_hl_01,,2026-09-29,
closed,coi_104_wh_hl_01,,2026-09-29,
closed,pun_145_wh_hl_01,,2026-09-29,
closed,pun_156_wh_hl_01,,2026-09-29,
closed,kol_117_wh_hl_01,,2026-09-29,
closed,del_106_wh_hl_01,,2026-09-29,
closed,rka_114_wh_hl_01,,2026-09-29,
closed,che_126_wh_hl_01,,2026-09-29,
closed,noi_102_wh_hl_01,,2026-09-29,
closed,kol_103_wh_hl_01,,2026-09-29,
closed,vad_101_wh_hl_01,,2026-09-29,
closed,che_103_wh_hl_01,,2026-09-29,
closed,ahm_101_wh_hl_01,,2026-09-29,
closed,ahm_104_wh_hl_01,,2026-09-29,
closed,hyd_138_wh_hl_01,,2026-09-29,
closed,rka_901_wh_hl_01,,2026-09-29,
closed,ben_167_wh_hl_01,,2026-09-29,
closed,hyd_180_wh_hl_01,,2026-09-29,
closed,mum_118_wh_hl_01,,2026-09-29,
closed,ben_243_wh_hl_01,,2026-09-29,
closed,hyd_133_wh_hl_01,,2026-09-29,
closed,ahm_127_wh_hl_01,,2026-09-29,
closed,luc_111_wh_hl_01,,2026-09-29,
closed,kol_198_wh_hl_01,,2026-09-29,
closed,rta_101_wh_hl_01,,2026-09-29,
closed,hyd_118_wh_hl_01,,2026-09-29,
closed,ben_018_wh_hl_01,,2026-09-29,
closed,ben_205_wh_hl_01,,2026-09-29,
closed,coi_109_wh_hl_01,,2026-09-29,
closed,rta_102_wh_hl_01,,2026-09-29,
closed,rta_102_wh_hl_01,,2026-09-29,
closed,che_138_wh_hl_01,,2026-09-29,
closed,kol_175_wh_hl_01,,2026-09-29,
closed,jal_103_wh_hl_01,,2026-09-29,
closed,ras_107_wh_hl_01,,2026-09-29,
closed,che_196_wh_hl_01,,2026-09-29,
closed,rwb_111_wh_hl_01,,2026-09-29,
closed,pun_138_wh_hl_01,,2026-09-29,
closed,cha_108_wh_hl_01,,2026-09-29,
closed,del_202_wh_hl_01,,2026-09-29,
closed,kol_103_wh_hl_01,,2026-09-29,
closed,ben_223_wh_hl_01,,2026-09-29,
closed,del_141_wh_hl_01,,2026-09-29,
closed,ahm_128_wh_hl_01,,2026-09-29,
closed,ben_040_wh_hl_01,,2026-09-29,
closed,ben_063_wh_hl_01,,2026-09-29,
closed,lud_104_wh_hl_01,,2026-09-29,
closed,kol_165_wh_hl_01,,2026-09-29,
closed,hyd_150_wh_hl_01,,2026-09-29,
closed,kol_105_wh_hl_01,,2026-09-29,
closed,del_166_wh_hl_01,,2026-09-29,
closed,kol_105_wh_hl_01,,2026-09-29,
closed,hyd_106_wh_hl_01,,2026-09-29,
closed,hyd_158_wh_hl_01,,2026-09-29,
closed,ben_265_wh_hl_01,,2026-09-29,
closed,del_025_wh_hl_01,,2026-09-29,
closed,del_14_wh_hl_01,,2026-09-29,
closed,pun_122_wh_hl_01,,2026-09-29,
closed,pun_108_wh_hl_01,,2026-09-29,
closed,del_180_wh_hl_01,,2026-09-29,
closed,che_105_wh_hl_01,,2026-09-29,
closed,hyd_106_wh_hl_01,,2026-09-29,
closed,mum_921_wh_hl_01,,2026-09-29,
closed,noi_102_wh_hl_01,,2026-09-29,
closed,guw_110_wh_hl_01,,2026-09-29,
closed,gur_122_wh_hl_01,,2026-09-29,
closed,ahm_126_wh_hl_01,,2026-09-29,
closed,gur_109_wh_hl_01,,2026-09-29,
closed,coi_106_wh_hl_01,,2026-09-29,
closed,mum_921_wh_hl_01,,2026-09-29,
closed,far_107_wh_hl_01,,2026-09-29,
closed,ahm_109_wh_hl_01,,2026-09-29,
closed,kol_105_wh_hl_01,,2026-09-29,
closed,kol_105_wh_hl_01,,2026-09-29,
closed,kol_105_wh_hl_01,,2026-09-29,
closed,roo_101_wh_hl_01,,2026-09-29,
closed,ben_105_wh_hl_01,,2026-09-29,
closed,ben_143_wh_hl_01,,2026-09-29,
closed,kol_209_wh_hl_01,,2026-09-29,
closed,ghz_114_wh_hl_01,,2026-09-29,
closed,rok_102_wh_hl_01,,2026-09-29,
closed,coi_107_wh_hl_02,,2026-09-29,
closed,kol_105_wh_hl_01,,2026-09-29,
closed,mum_921_wh_hl_01,,2026-09-29,
closed,che_196_wh_hl_01,,2026-09-29,
closed,rok_102_wh_hl_01,,2026-09-29,
closed,del_074_wh_hl_01,,2026-09-29,
closed,pun_117_wh_hl_01,,2026-09-29,
closed,ahm_101_wh_hl_01,,2026-09-29,
closed,far_101_wh_hl_01,,2026-09-29,
closed,rok_107_wh_hl_01,,2026-09-29,
closed,che_176_wh_hl_01,,2026-09-29,
closed,del_14_wh_hl_01,,2026-09-29,
closed,kol_171_wh_hl_01,,2026-09-29,
closed,kol_111_wh_hl_01,,2026-09-29,
closed,gur_110_wh_hl_01,,2026-09-29,
closed,guw_108_wh_hl_01,,2026-09-29,
closed,che_176_wh_hl_01,,2026-09-29,
closed,che_126_wh_hl_01,,2026-09-29,
closed,kol_103_wh_hl_01,,2026-09-29,
closed,del_118_wh_hl_01,,2026-09-29,
closed,del_143_wh_hl_01,,2026-09-29,
closed,hyd_186_wh_hl_01,,2026-09-29,
closed,gur_127_wh_hl_01,,2026-09-29,
closed,pun_135_wh_hl_01,,2026-09-29,
closed,dnc_117_wh_hl_01,,2026-09-29,
closed,noi_132_wh_hl_01,,2026-09-29,
closed,ben_216_wh_hl_01,,2026-09-29,
closed,kol_163_wh_hl_01,,2026-09-29,
closed,hyd_146_wh_hl_01,,2026-09-29,
closed,hyd_140_wh_hl_01,,2026-09-29,
closed,gur_121_wh_hl_01,,2026-09-29,
closed,rok_102_wh_hl_01,,2026-09-29,
closed,ahm_104_wh_hl_01,,2026-09-29,
closed,luc_134_wh_hl_01,,2026-09-29,
closed,pun_121_wh_hl_01,,2026-09-29,
closed,rup_142_wh_hl_01,,2026-09-29,
closed,rta_102_wh_hl_01,,2026-09-29,
closed,dnc_106_wh_hl_01,,2026-09-29,
closed,luc_117_wh_hl_01,,2026-09-29,
closed,pun_117_wh_hl_01,,2026-09-29,
closed,hyd_120_wh_hl_01,,2026-09-29,
closed,ben_018_wh_hl_01,,2026-09-29,
closed,pun_108_wh_hl_01,,2026-09-29,
closed,ben_184_wh_hl_01,,2026-09-29,
closed,rwb_104_wh_hl_01,,2026-09-29,
closed,rpu_113_wh_hl_01,,2026-09-29,
closed,rpu_101_wh_hl_01,,2026-09-29,
closed,hyd_139_wh_hl_01,,2026-09-29,
closed,mum_109_wh_hl_01,,2026-09-29,
closed,hyd_185_wh_hl_01,,2026-09-29,
closed,rup_102_wh_hl_01,,2026-09-29,
closed,jai_111_wh_hl_01,,2026-09-29,
closed,del_007_wh_hl_01,,2026-09-29,
closed,ben_229_wh_hl_01,,2026-09-29,
closed,che_122_wh_hl_01,,2026-09-29,
closed,del_004_wh_hl_01,,2026-09-29,
closed,dnc_102_wh_hl_01,,2026-09-29,
closed,rta_101_wh_hl_01,,2026-09-29,
closed,ben_150_wh_hl_01,,2026-09-29,
closed,luc_118_wh_hl_01,,2026-09-29,
closed,rpu_104_wh_hl_01,,2026-09-29,
closed,pun_139_wh_hl_01,,2026-09-29,
closed,del_154_wh_hl_01,,2026-09-29,
closed,far_107_wh_hl_01,,2026-09-29,
closed,del_209_wh_hl_01,,2026-09-29,
closed,mum_127_wh_hl_01,,2026-09-29,
closed,ben_118_wh_hl_01,,2026-09-29,
closed,coi_109_wh_hl_01,,2026-09-29,
closed,ghz_121_wh_hl_01,,2026-09-29,
closed,del_180_wh_hl_01,,2026-09-29,
closed,kol_145_wh_hl_01,,2026-09-29,
closed,pun_115_wh_hl_01,,2026-09-29,
closed,del_007_wh_hl_01,,2026-09-29,
closed,pun_115_wh_hl_01,,2026-09-29,
closed,pun_154_wh_hl_01,,2026-09-29,
closed,del_160_wh_hl_01,,2026-09-29,
closed,kol_204_wh_hl_01,,2026-09-29,
closed,kol_149_wh_hl_01,,2026-09-29,
closed,kol_105_wh_hl_01,,2026-09-29,
closed,coi_106_wh_hl_01,,2026-09-29,
closed,noi_102_wh_hl_01,,2026-09-29,
closed,rjh_106_wh_hl_01,,2026-09-29,
closed,hyd_154_wh_hl_01,,2026-09-29,
closed,coi_106_wh_hl_01,,2026-09-29,
closed,far_108_wh_hl_01,,2026-09-29,
closed,mum_102_wh_hl_01,,2026-09-29,
closed,ben_160_wh_hl_01,,2026-09-29,
closed,dnc_101_wh_hl_01,,2026-09-29,
closed,ben_238_wh_hl_01,,2026-09-29,
closed,ben_238_wh_hl_01,,2026-09-29,
closed,koz_104_wh_hl_01,,2026-09-29,
closed,rka_122_wh_hl_01,,2026-09-29,
closed,pun_115_wh_hl_01,,2026-09-29,
closed,coi_109_wh_hl_01,,2026-09-29,
closed,kol_103_wh_hl_01,,2026-09-29,
closed,hyd_116_wh_hl_01,,2026-09-29,
closed,ben_018_wh_hl_01,,2026-09-29,
closed,rta_103_wh_hl_01,,2026-09-29,
closed,koz_105_wh_hl_01,,2026-09-29,
closed,kol_136_wh_hl_01,,2026-09-29,
closed,che_116_wh_hl_01,,2026-09-29,
closed,del_023_wh_hl_01,,2026-09-29,
closed,coi_103_wh_hl_01,,2026-09-29,
closed,kol_111_wh_hl_01,,2026-09-29,
closed,che_196_wh_hl_01,,2026-09-29,
closed,rbi_134_wh_hl_01,,2026-09-29,
closed,ben_043_wh_hl_01,,2026-09-29,
closed,guw_110_wh_hl_01,,2026-09-29,
closed,ben_176_wh_hl_01,,2026-09-29,
closed,vad_101_wh_hl_01,,2026-09-29,
closed,ben_061_wh_hl_01,,2026-09-29,
closed,ahm_114_wh_hl_01,,2026-09-29,
closed,bom_045_wh_hl_01,,2026-09-29,
closed,mum_159_wh_hl_01,,2026-09-29,
closed,ahm_111_wh_hl_01,,2026-09-29,
closed,rpu_122_wh_hl_01,,2026-09-29,
closed,hyd_120_wh_hl_01,,2026-09-29,
closed,del_181_wh_hl_01,,2026-09-29,
closed,kol_103_wh_hl_01,,2026-09-29,
closed,mum_159_wh_hl_01,,2026-09-29,
closed,del_181_wh_hl_01,,2026-09-29,
closed,hyd_119_wh_hl_01,,2026-09-29,
closed,var_106_wh_hl_01,,2026-09-29,
closed,hyd_180_wh_hl_01,,2026-09-29,
closed,hyd_157_wh_hl_01,,2026-09-29,
closed,hyd_189_wh_hl_01,,2026-09-29,
closed,rup_128_wh_hl_01,,2026-09-29,
closed,del_088_wh_hl_01,,2026-09-29,
closed,del_042_wh_hl_01,,2026-09-29,
closed,rta_101_wh_hl_01,,2026-09-29,
closed,rka_119_wh_hl_01,,2026-09-29,
closed,mum_144_wh_hl_01,,2026-09-29,
closed,rpu_120_wh_hl_01,,2026-09-29,
closed,mum_110_wh_hl_01,,2026-09-29,
closed,ben_018_wh_hl_01,,2026-09-29,
closed,luc_111_wh_hl_01,,2026-09-29,
closed,che_179_wh_hl_01,,2026-09-29,
closed,vad_104_wh_hl_01,,2026-09-29,
closed,pun_145_wh_hl_01,,2026-09-29,
closed,che_126_wh_hl_01,,2026-09-29,
closed,jai_113_wh_hl_01,,2026-09-29,
closed,rpu_117_wh_hl_01,,2026-09-29,
closed,pat_114_wh_hl_01,,2026-09-29,
closed,coc_107_wh_hl_01,,2026-09-29,
closed,vad_102_wh_hl_01,,2026-09-29,
closed,ben_179_wh_hl_01,,2026-09-29,
closed,ben_201_wh_hl_01,,2026-09-29,
closed,ben_003_wh_hl_01,,2026-09-29,
closed,del_267_wh_hl_01,,2026-09-29,
closed,pun_138_wh_hl_01,,2026-09-29,
closed,pat_115_wh_hl_01,,2026-09-29,
closed,pun_124_wh_hl_01,,2026-09-29,
closed,gur_135_wh_hl_01,,2026-09-29,
closed,lud_103_wh_hl_01,,2026-09-29,
closed,rta_111_wh_hl_01,,2026-09-29,
closed,pun_150_wh_hl_01,,2026-09-29,
closed,hyd_106_wh_hl_01,,2026-09-29,
closed,coi_109_wh_hl_01,,2026-09-29,
closed,del_160_wh_hl_01,,2026-09-29,
closed,gur_122_wh_hl_01,,2026-09-29,
closed,far_108_wh_hl_01,,2026-09-29,
closed,rpu_107_wh_hl_01,,2026-09-29,
closed,pun_115_wh_hl_01,,2026-09-29,
closed,hyd_106_wh_hl_01,,2026-09-29,
closed,pun_126_wh_hl_01,,2026-09-29,
closed,che_160_wh_hl_01,,2026-09-29,
closed,rok_102_wh_hl_01,,2026-09-29,
closed,del_001_wh_hl_01,,2026-09-29,
closed,rwb_102_wh_hl_01,,2026-09-29,
closed,dnc_102_wh_hl_01,,2026-09-29,
closed,mum_129_wh_hl_01,,2026-09-29,
closed,dnc_117_wh_hl_01,,2026-09-29,
closed,gur_117_wh_hl_01,,2026-09-29,
closed,kol_213_wh_hl_01,,2026-09-29,
closed,mum_921_wh_hl_01,,2026-09-29,
closed,ben_118_wh_hl_01,,2026-09-29,
closed,ben_138_wh_hl_01,,2026-09-29,
closed,coi_109_wh_hl_01,,2026-09-29,
closed,kol_195_wh_hl_01,,2026-09-29,
closed,ahm_124_wh_hl_01,,2026-09-29,
closed,hyd_138_wh_hl_01,,2026-09-29,
closed,mum_140_wh_hl_01,,2026-09-29,
closed,kol_105_wh_hl_01,,2026-09-29,
closed,del_188_wh_hl_01,,2026-09-29,
closed,dnc_110_wh_hl_01,,2026-09-29,
closed,ben_234_wh_hl_01,,2026-09-29,
closed,hyd_138_wh_hl_01,,2026-09-29,
closed,ben_118_wh_hl_01,,2026-09-29,
closed,kol_171_wh_hl_01,,2026-09-29,
closed,che_142_wh_hl_01,,2026-09-29,
closed,ras_107_wh_hl_01,,2026-09-29,
closed,che_141_wh_hl_01,,2026-09-29,
closed,ahm_131_wh_hl_01,,2026-09-29,
closed,rup_102_wh_hl_01,,2026-09-29,
closed,del_118_wh_hl_01,,2026-09-29,
closed,noi_106_wh_hl_01,,2026-09-29,
closed,vad_101_wh_hl_01,,2026-09-29,
closed,che_176_wh_hl_01,,2026-09-29,
closed,rta_101_wh_hl_01,,2026-09-29,
closed,hyd_139_wh_hl_01,,2026-09-29,
closed,ben_110_wh_hl_01,,2026-09-29,
closed,che_189_wh_hl_01,,2026-09-29,
closed,gur_108_wh_hl_01,,2026-09-29,
closed,kol_103_wh_hl_01,,2026-09-29,
closed,del_025_wh_hl_01,,2026-09-29,
closed,rup_131_wh_hl_01,,2026-09-29,
closed,ben_115_wh_hl_01,,2026-09-29,
closed,pun_117_wh_hl_01,,2026-09-29,
closed,ahm_104_wh_hl_01,,2026-09-29,
closed,rta_102_wh_hl_01,,2026-09-29,
closed,ahm_112_wh_hl_01,,2026-09-29,
closed,dnc_117_wh_hl_01,,2026-09-29,
closed,hyd_111_wh_hl_01,,2026-09-29,
closed,che_188_wh_hl_01,,2026-09-29,
closed,gur_109_wh_hl_01,,2026-09-29,
closed,rta_105_wh_hl_01,,2026-09-29,
closed,gur_109_wh_hl_01,,2026-09-29,
closed,del_017_wh_hl_01,,2026-09-29,
closed,ben_102_wh_hl_01,,2026-09-29,
closed,hyd_140_wh_hl_01,,2026-09-29,
closed,hyd_105_wh_hl_01,,2026-09-29,
closed,pat_115_wh_hl_01,,2026-09-29,
closed,del_181_wh_hl_01,,2026-09-29,
closed,ben_017_wh_hl_01,,2026-09-29,
closed,mum_127_wh_hl_01,,2026-09-29,
closed,pun_138_wh_hl_01,,2026-09-29,
closed,che_126_wh_hl_01,,2026-09-29,
closed,del_045_wh_hl_01,,2026-09-29,
closed,che_140_wh_hl_01,,2026-09-29,
closed,hyd_137_wh_hl_01,,2026-09-29,
closed,jai_106_wh_hl_01,,2026-09-29,
closed,gur_104_wh_hl_01,,2026-09-29,
closed,hyd_172_wh_hl_01,,2026-09-29,
closed,che_175_wh_hl_01,,2026-09-29,
closed,mum_103_wh_hl_01,,2026-09-29,
closed,pun_145_wh_hl_01,,2026-09-29,
closed,hyd_142_wh_hl_01,,2026-09-29,
closed,luc_122_wh_hl_01,,2026-09-29,
closed,luc_118_wh_hl_01,,2026-09-29,
closed,far_108_wh_hl_01,,2026-09-29,
closed,rjh_106_wh_hl_01,,2026-09-29,
closed,pun_110_wh_hl_01,,2026-09-29,
closed,rka_122_wh_hl_01,,2026-09-29,
closed,del_023_wh_hl_01,,2026-09-29,
closed,ahm_131_wh_hl_01,,2026-09-29,
closed,che_142_wh_hl_01,,2026-09-29,
closed,noi_121_wh_hl_01,,2026-09-29,
closed,che_126_wh_hl_01,,2026-09-29,
closed,coi_106_wh_hl_01,,2026-09-29,
closed,pun_124_wh_hl_01,,2026-09-29,
closed,kol_136_wh_hl_01,,2026-09-29,
closed,pun_154_wh_hl_01,,2026-09-29,
closed,del_111_wh_hl_01,,2026-09-29,
closed,coi_104_wh_hl_01,,2026-09-29,
closed,rta_110_wh_hl_01,,2026-09-29,
closed,hyd_154_wh_hl_01,,2026-09-29,
closed,noi_129_wh_hl_01,,2026-09-29,
closed,coi_104_wh_hl_01,,2026-09-29,
closed,gur_130_wh_hl_01,,2026-09-29,
closed,koz_103_wh_hl_01,,2026-09-29,
closed,coi_106_wh_hl_01,,2026-09-29,
closed,far_107_wh_hl_01,,2026-09-29,
closed,gur_104_wh_hl_01,,2026-09-29,
closed,rpu_101_wh_hl_01,,2026-09-29,
closed,rup_127_wh_hl_01,,2026-09-29,
closed,ahm_127_wh_hl_01,,2026-09-29,
closed,ahm_109_wh_hl_01,,2026-09-29,
closed,del_078_wh_hl_01,,2026-09-29,
closed,coi_109_wh_hl_01,,2026-09-29,
closed,tri_102_wh_hl_01,,2026-09-29,
closed,rta_107_wh_hl_01,,2026-09-29,
closed,kol_105_wh_hl_01,,2026-09-29,
closed,kol_105_wh_hl_01,,2026-09-29,
closed,che_110_wh_hl_01,,2026-09-29,
closed,ben_135_wh_hl_01,,2026-09-29,
closed,del_078_wh_hl_01,,2026-09-29,
closed,ben_167_wh_hl_01,,2026-09-29,
closed,hyd_139_wh_hl_01,,2026-09-29,
closed,rwb_106_wh_hl_01,,2026-09-29,
closed,che_125_wh_hl_01,,2026-09-29,
closed,del_160_wh_hl_01,,2026-09-29,
closed,hyd_120_wh_hl_01,,2026-09-29,
closed,ben_109_wh_hl_01,,2026-09-29,
closed,che_110_wh_hl_01,,2026-09-29,
closed,ahm_119_wh_hl_01,,2026-09-29,
closed,pun_124_wh_hl_01,,2026-09-29,
closed,ahm_132_wh_hl_01,,2026-09-29,
closed,del_160_wh_hl_01,,2026-09-29,
closed,gur_110_wh_hl_01,,2026-09-29,
closed,guw_121_wh_hl_01,,2026-09-29,
closed,che_190_wh_hl_01,,2026-09-29,
closed,pun_117_wh_hl_01,,2026-09-29,
closed,pun_154_wh_hl_01,,2026-09-29,
closed,noi_106_wh_hl_01,,2026-09-29,
closed,gur_129_wh_hl_01,,2026-09-29,
closed,rup_128_wh_hl_01,,2026-09-29,
closed,gur_113_wh_hl_01,,2026-09-29,
closed,che_176_wh_hl_01,,2026-09-29,
closed,dnc_110_wh_hl_01,,2026-09-29,
closed,noi_129_wh_hl_01,,2026-09-29,
closed,hyd_172_wh_hl_01,,2026-09-29,
closed,dnc_107_wh_hl_01,,2026-09-29,
closed,che_103_wh_hl_01,,2026-09-29,
closed,che_176_wh_hl_01,,2026-09-29,
closed,bhu_105_wh_hl_01,,2026-09-29,
closed,far_104_wh_hl_01,,2026-09-29,
closed,mum_061_wh_hl_01,,2026-09-29,
closed,ben_125_wh_hl_01,,2026-09-29,
closed,che_123_wh_hl_01,,2026-09-29,
closed,che_174_wh_hl_01,,2026-09-29,
closed,ahm_114_wh_hl_01,,2026-09-29,
closed,ahm_114_wh_hl_01,,2026-09-29,
closed,del_165_wh_hl_01,,2026-09-29,
closed,ahm_101_wh_hl_01,,2026-09-29,
closed,ahm_113_wh_hl_01,,2026-09-29,
closed,hyd_170_wh_hl_01,,2026-09-29,
closed,hyd_135_wh_hl_01,,2026-09-29,
closed,bhu_101_wh_hl_01,,2026-09-29,
closed,ben_125_wh_hl_01,,2026-09-29,
closed,ben_102_wh_hl_01,,2026-09-29,
closed,del_039_wh_hl_01,,2026-09-29,
closed,guw_104_wh_hl_01,,2026-09-29,
closed,ben_108_wh_hl_01,,2026-09-29,
closed,ghz_104_wh_hl_01,,2026-09-29,
closed,che_103_wh_hl_01,,2026-09-29,
closed,koz_105_wh_hl_01,,2026-09-29,
closed,pun_138_wh_hl_01,,2026-09-29,
closed,rok_102_wh_hl_01,,2026-09-29,
closed,hyd_189_wh_hl_01,,2026-09-29,
closed,pun_138_wh_hl_01,,2026-09-29,
closed,pat_102_wh_hl_01,,2026-09-29,
closed,ahm_127_wh_hl_01,,2026-09-29,
closed,hyd_139_wh_hl_01,,2026-09-29,
closed,pun_117_wh_hl_01,,2026-09-29,
closed,var_108_wh_hl_01,,2026-09-29,
closed,hyd_189_wh_hl_01,,2026-09-29,
closed,jai_118_wh_hl_01,,2026-09-29,
closed,far_108_wh_hl_01,,2026-09-29,
closed,lud_102_wh_hl_01,,2026-09-29,
closed,ben_150_wh_hl_01,,2026-09-29,
closed,luc_129_wh_hl_01,,2026-09-29,
closed,coi_103_wh_hl_01,,2026-09-29,
closed,coi_106_wh_hl_01,,2026-09-29,
closed,lud_103_wh_hl_01,,2026-09-29,
closed,rpu_113_wh_hl_01,,2026-09-29,
closed,del_126_wh_hl_01,,2026-09-29,
closed,jal_102_wh_hl_01,,2026-09-29,
closed,che_179_wh_hl_01,,2026-09-29,
closed,ghz_121_wh_hl_01,,2026-09-29,
closed,hyd_149_wh_hl_01,,2026-09-29,
closed,del_166_wh_hl_01,,2026-09-29,
closed,pun_119_wh_hl_01,,2026-09-29,
closed,ben_013_wh_hl_01,,2026-09-29,
closed,rup_111_wh_hl_01,,2026-09-29,
closed,rok_108_wh_hl_01,,2026-09-29,
closed,del_180_wh_hl_01,,2026-09-29,
closed,hyd_158_wh_hl_01,,2026-09-29,
closed,rpu_120_wh_hl_01,,2026-09-29,
closed,coi_104_wh_hl_01,,2026-09-29,
closed,hyd_103_wh_hl_01,,2026-09-29,
closed,ben_144_wh_hl_01,,2026-09-29,
closed,kol_105_wh_hl_01,,2026-09-29,
closed,gur_129_wh_hl_01,,2026-09-29,
closed,kol_105_wh_hl_01,,2026-09-29,
closed,vad_101_wh_hl_01,,2026-09-29,
closed,hyd_106_wh_hl_01,,2026-09-29,
closed,noi_125_wh_hl_01,,2026-09-29,
closed,kol_109_wh_hl_01,,2026-09-29,
closed,pun_105_wh_hl_01,,2026-09-29,
closed,che_134_wh_hl_01,,2026-09-29,
closed,rta_104_wh_hl_01,,2026-09-29,
closed,pun_101_wh_hl_01,,2026-09-29,
closed,pun_126_wh_hl_01,,2026-09-29,
closed,kol_139_wh_hl_01,,2026-09-29,
closed,del_160_wh_hl_01,,2026-09-29,
closed,ghz_121_wh_hl_01,,2026-09-29,
closed,pun_108_wh_hl_01,,2026-09-29,
closed,che_116_wh_hl_01,,2026-09-29,
closed,pun_132_wh_hl_01,,2026-09-29,
closed,far_107_wh_hl_01,,2026-09-29,
closed,che_138_wh_hl_01,,2026-09-29,
closed,rta_102_wh_hl_01,,2026-09-29,
closed,pun_138_wh_hl_01,,2026-09-29,
closed,del_967_wh_hl_01,,2026-09-29,
closed,ben_147_wh_hl_01,,2026-09-29,
closed,vad_101_wh_hl_01,,2026-09-29,
closed,ben_247_wh_hl_01,,2026-09-29,
closed,far_104_wh_hl_01,,2026-09-29,
closed,del_195_wh_hl_01,,2026-09-29,
closed,luc_110_wh_hl_01,,2026-09-29,
closed,coi_112_wh_hl_01,,2026-09-29,
closed,del_207_wh_hl_01,,2026-09-29,
closed,jai_127_wh_hl_01,,2026-09-29,
closed,var_106_wh_hl_01,,2026-09-29,
closed,rpu_122_wh_hl_01,,2026-09-29,
closed,del_045_wh_hl_01,,2026-09-29,
closed,pat_115_wh_hl_01,,2026-09-29,
closed,che_126_wh_hl_01,,2026-09-29,
closed,rta_102_wh_hl_01,,2026-09-29,
closed,hyd_120_wh_hl_01,,2026-09-29,
closed,ben_204_wh_hl_01,,2026-09-29,
closed,che_111_wh_hl_01,,2026-09-29,
closed,pun_121_wh_hl_01,,2026-09-29,
closed,ahm_101_wh_hl_01,,2026-09-29,
closed,rta_104_wh_hl_01,,2026-09-29,
closed,kol_129_wh_hl_01,,2026-09-29,
closed,vad_104_wh_hl_01,,2026-09-29,
closed,vad_104_wh_hl_01,,2026-09-29,
closed,cha_108_wh_hl_01,,2026-09-29,
closed,pun_145_wh_hl_01,,2026-09-29,
closed,kol_103_wh_hl_01,,2026-09-29,
closed,rup_105_wh_hl_01,,2026-09-29,
closed,ben_238_wh_hl_01,,2026-09-29,
closed,pun_117_wh_hl_01,,2026-09-29,
closed,ahm_104_wh_hl_01,,2026-09-29,
closed,hyd_180_wh_hl_01,,2026-09-29,
closed,ben_205_wh_hl_01,,2026-09-29,
closed,ben_107_wh_hl_01,,2026-09-29,
closed,ben_150_wh_hl_01,,2026-09-29,
closed,hyd_105_wh_hl_01,,2026-09-29,
closed,hyd_106_wh_hl_01,,2026-09-29,
closed,jal_102_wh_hl_01,,2026-09-29,
closed,coi_109_wh_hl_01,,2026-09-29,
closed,hyd_137_wh_hl_01,,2026-09-29,
closed,ghz_112_wh_hl_01,,2026-09-29,
closed,che_121_wh_hl_01,,2026-09-29,
closed,ben_143_wh_hl_01,,2026-09-29,
closed,mum_113_wh_hl_01,,2026-09-29,
closed,del_160_wh_hl_01,,2026-09-29,
closed,del_140_wh_hl_01,,2026-09-29,
closed,pun_115_wh_hl_01,,2026-09-29,
closed,noi_143_wh_hl_01,,2026-09-29,
closed,pun_115_wh_hl_01,,2026-09-29,
closed,kol_105_wh_hl_01,,2026-09-29,
closed,mum_067_wh_hl_01,,2026-09-29,
closed,ghz_119_wh_hl_01,,2026-09-29,
closed,coi_103_wh_hl_01,,2026-09-29,
closed,mum_921_wh_hl_01,,2026-09-29,
closed,kol_109_wh_hl_01,,2026-09-29,
closed,hyd_120_wh_hl_01,,2026-09-29,
closed,del_261_wh_hl_01,,2026-09-29,
closed,pun_115_wh_hl_01,,2026-09-29,
closed,pun_107_wh_hl_01,,2026-09-29,
closed,del_188_wh_hl_01,,2026-09-29,
closed,ahm_142_wh_hl_01,,2026-09-29,
closed,del_195_wh_hl_01,,2026-09-29,
closed,del_111_wh_hl_01,,2026-09-29,
closed,gur_122_wh_hl_01,,2026-09-29,
closed,pun_124_wh_hl_01,,2026-09-29,
closed,coi_109_wh_hl_01,,2026-09-29,
closed,noi_106_wh_hl_01,,2026-09-29,
closed,rok_102_wh_hl_01,,2026-09-29,
closed,cha_108_wh_hl_01,,2026-09-29,
closed,far_107_wh_hl_01,,2026-09-29,
closed,hyd_157_wh_hl_01,,2026-09-29,
closed,mum_043_wh_hl_01,,2026-09-29,
closed,koz_103_wh_hl_01,,2026-09-29,
closed,ben_034_wh_hl_01,,2026-09-29,
closed,ahm_133_wh_hl_01,,2026-09-29,
closed,rta_101_wh_hl_01,,2026-09-29,
closed,gur_103_wh_hl_01,,2026-09-29,
closed,mum_118_wh_hl_01,,2026-09-29,
closed,dnc_114_wh_hl_01,,2026-09-29,
closed,hyd_119_wh_hl_01,,2026-09-29,
closed,ben_040_wh_hl_01,,2026-09-29,
closed,ahm_104_wh_hl_01,,2026-09-29,
closed,ahm_104_wh_hl_01,,2026-09-29,
closed,ben_160_wh_hl_01,,2026-09-29,
closed,gur_129_wh_hl_01,,2026-09-29,
closed,vad_104_wh_hl_01,,2026-09-29,
closed,ghz_103_wh_hl_01,,2026-09-29,
closed,del_181_wh_hl_01,,2026-09-29,
closed,dnc_117_wh_hl_01,,2026-09-29,
closed,guw_121_wh_hl_01,,2026-09-29,
closed,kol_103_wh_hl_01,,2026-09-29,
closed,che_139_wh_hl_01,,2026-09-29,
closed,ahm_114_wh_hl_01,,2026-09-29,
closed,ben_027_wh_hl_01,,2026-09-29,
closed,ben_145_wh_hl_01,,2026-09-29,
closed,ben_137_wh_hl_01,,2026-09-29,
closed,ben_125_wh_hl_01,,2026-09-29,
closed,ben_040_wh_hl_01,,2026-09-29,
closed,ahm_128_wh_hl_01,,2026-09-29,
closed,rta_102_wh_hl_01,,2026-09-29,
closed,pun_138_wh_hl_01,,2026-09-29,
closed,rka_119_wh_hl_01,,2026-09-29,
closed,kol_143_wh_hl_01,,2026-09-29,
closed,vad_104_wh_hl_01,,2026-09-29,
