date,destination_warehouse,total_rows,empty_grn_created_by,empty_grn_created_at,empty_inv_storage_location_label
2026-09-26,ben_017_wh_hl_01,23,0.0,0.0,0.0
2026-09-26,ben_043_wh_hl_01,37,0.0,0.0,0.0
2026-09-26,ben_060_wh_hl_01,15,0.0,0.0,0.0
2026-09-26,ben_102_wh_hl_01,9,0.0,0.0,0.0
2026-09-26,ben_216_wh_hl_01,19,0.0,0.0,0.0
2026-09-26,ben_247_wh_hl_01,3,0.0,0.0,0.0
2026-09-26,che_104_wh_hl_01,4,0.0,0.0,0.0
2026-09-26,che_107_wh_hl_01,6,0.0,0.0,0.0
2026-09-26,che_110_wh_hl_01,3,0.0,0.0,0.0
2026-09-26,che_111_wh_hl_01,4,0.0,0.0,0.0
2026-09-26,che_114_wh_hl_01,3,0.0,0.0,0.0
2026-09-26,che_118_wh_hl_01,7,0.0,0.0,0.0
2026-09-26,che_120_wh_hl_01,5,0.0,0.0,0.0
2026-09-26,che_121_wh_hl_01,8,0.0,0.0,0.0
2026-09-26,che_124_wh_hl_01,6,0.0,0.0,0.0
2026-09-26,che_126_wh_hl_01,8,0.0,0.0,0.0
2026-09-26,che_130_wh_hl_01,4,0.0,0.0,0.0
2026-09-26,che_136_wh_hl_01,3,0.0,0.0,0.0
2026-09-26,che_137_wh_hl_01,4,0.0,0.0,0.0
2026-09-26,che_139_wh_hl_01,1,0.0,0.0,0.0
2026-09-26,che_140_wh_hl_01,5,0.0,0.0,0.0
2026-09-26,che_141_wh_hl_01,3,0.0,0.0,0.0
2026-09-26,che_142_wh_hl_01,5,0.0,0.0,0.0
2026-09-26,che_145_wh_hl_01,8,0.0,0.0,0.0
2026-09-26,che_146_wh_hl_01,4,0.0,0.0,0.0
2026-09-26,che_150_wh_hl_01,8,0.0,0.0,0.0
2026-09-26,che_158_wh_hl_01,3,0.0,0.0,0.0
2026-09-26,che_159_wh_hl_01,7,0.0,0.0,0.0
2026-09-26,che_160_wh_hl_01,6,0.0,0.0,0.0
2026-09-26,che_162_wh_hl_01,4,0.0,0.0,0.0
2026-09-26,che_167_wh_hl_01,3,0.0,0.0,0.0
2026-09-26,che_168_wh_hl_01,5,0.0,0.0,0.0
2026-09-26,che_171_wh_hl_01,3,0.0,0.0,0.0
2026-09-26,che_172_wh_hl_01,1,0.0,0.0,0.0
2026-09-26,che_175_wh_hl_01,4,0.0,0.0,0.0
2026-09-26,che_181_wh_hl_01,3,0.0,0.0,0.0
2026-09-26,che_183_wh_hl_01,3,0.0,0.0,0.0
2026-09-26,che_185_wh_hl_01,3,0.0,0.0,0.0
2026-09-26,che_186_wh_hl_01,2,0.0,0.0,0.0
2026-09-26,che_189_wh_hl_01,4,0.0,0.0,0.0
2026-09-26,che_190_wh_hl_01,3,0.0,0.0,0.0
2026-09-26,che_195_wh_hl_01,2,0.0,0.0,0.0
2026-09-26,coi_112_wh_hl_01,8,0.0,0.0,0.0
2026-09-26,del_101_wh_hl_01,2,0.0,0.0,0.0
2026-09-26,del_121_wh_hl_01,42,0.0,0.0,0.0
2026-09-26,del_126_wh_hl_01,5,0.0,0.0,0.0
2026-09-26,del_14_wh_hl_01,44,0.0,0.0,0.0
2026-09-26,del_166_wh_hl_01,2,0.0,0.0,0.0
2026-09-26,del_181_wh_hl_01,2,0.0,0.0,0.0
2026-09-26,del_183_wh_hl_01,1,0.0,0.0,0.0
2026-09-26,del_197_wh_hl_01,1,0.0,0.0,0.0
2026-09-26,del_202_wh_hl_01,1,0.0,0.0,0.0
2026-09-26,del_213_wh_hl_01,1,0.0,0.0,0.0
2026-09-26,dnc_101_wh_hl_01,1,0.0,0.0,0.0
2026-09-26,dnc_102_wh_hl_01,1,0.0,0.0,0.0
2026-09-26,far_101_wh_hl_01,1,0.0,0.0,0.0
2026-09-26,gur_111_wh_hl_01,1,0.0,0.0,0.0
2026-09-26,gur_135_wh_hl_01,1,0.0,0.0,0.0
2026-09-26,gur_901_wh_hl_01,1,0.0,0.0,0.0
2026-09-26,hyd_103_wh_hl_01,2,0.0,0.0,0.0
2026-09-26,hyd_115_wh_hl_01,7,0.0,0.0,0.0
2026-09-26,hyd_156_wh_hl_01,2,0.0,0.0,0.0
2026-09-26,hyd_160_wh_hl_02,2,0.0,0.0,0.0
2026-09-26,hyd_161_wh_hl_01,3,0.0,0.0,0.0
2026-09-26,hyd_170_wh_hl_01,1,0.0,0.0,0.0
2026-09-26,hyd_179_wh_hl_01,2,0.0,0.0,0.0
2026-09-26,hyd_181_wh_hl_01,2,0.0,0.0,0.0
2026-09-26,hyd_192_wh_hl_01,2,0.0,0.0,0.0
2026-09-26,jai_127_wh_hl_01,13,0.0,0.0,0.0
2026-09-26,kol_112_wh_hl_01,3,0.0,0.0,0.0
2026-09-26,kol_114_wh_hl_01,60,0.0,0.0,0.0
2026-09-26,kol_197_wh_hl_01,1,0.0,0.0,0.0
2026-09-26,luc_104_wh_hl_01,4,0.0,0.0,0.0
2026-09-26,luc_105_wh_hl_01,3,0.0,0.0,0.0
2026-09-26,luc_111_wh_hl_01,3,0.0,0.0,0.0
2026-09-26,luc_115_wh_hl_01,4,0.0,0.0,0.0
2026-09-26,luc_116_wh_hl_01,61,0.0,0.0,0.0
2026-09-26,luc_119_wh_hl_01,3,0.0,0.0,0.0
2026-09-26,luc_120_wh_hl_01,3,0.0,0.0,0.0
2026-09-26,luc_121_wh_hl_01,3,0.0,0.0,0.0
2026-09-26,luc_122_wh_hl_01,4,0.0,0.0,0.0
2026-09-26,luc_125_wh_hl_01,11,0.0,0.0,0.0
2026-09-26,luc_129_wh_hl_01,1,0.0,0.0,0.0
2026-09-26,luc_130_wh_hl_01,16,0.0,0.0,0.0
2026-09-26,luc_133_wh_hl_01,1,0.0,0.0,0.0
2026-09-26,luc_134_wh_hl_01,1,0.0,0.0,0.0
2026-09-26,luc_909_wh_hl_01,1,0.0,0.0,0.0
2026-09-26,mum_005_wh_hl_01,6,0.0,0.0,0.0
2026-09-26,mum_101_wh_hl_01,14,0.0,0.0,0.0
2026-09-26,mum_102_wh_hl_01,10,0.0,0.0,0.0
2026-09-26,mum_110_wh_hl_01,18,0.0,0.0,0.0
2026-09-26,mum_134_wh_hl_01,7,0.0,0.0,0.0
2026-09-26,mum_161_wh_hl_01,12,0.0,0.0,0.0
2026-09-26,mum_198_wh_hl_01,9,0.0,0.0,0.0
2026-09-26,pat_102_wh_hl_01,44,0.0,0.0,0.0
2026-09-26,pat_114_wh_hl_01,87,0.0,0.0,0.0
2026-09-26,pat_116_wh_hl_01,131,0.0,0.0,0.0
2026-09-26,pat_118_wh_hl_01,82,0.0,0.0,0.0
2026-09-26,pat_123_wh_hl_01,5,0.0,0.0,0.0
2026-09-26,pun_101_wh_hl_01,6,0.0,0.0,0.0
2026-09-26,pun_102_wh_hl_01,31,0.0,0.0,0.0
2026-09-26,pun_103_wh_hl_01,41,0.0,0.0,0.0
2026-09-26,pun_104_wh_hl_01,26,0.0,0.0,0.0
2026-09-26,pun_107_wh_hl_01,28,0.0,0.0,0.0
2026-09-26,pun_128_wh_hl_01,17,0.0,0.0,0.0
2026-09-26,pun_139_wh_hl_01,17,0.0,0.0,0.0
2026-09-26,pun_140_wh_hl_01,17,0.0,0.0,0.0
2026-09-26,pun_141_wh_hl_01,13,0.0,0.0,0.0
2026-09-26,pun_144_wh_hl_01,8,0.0,0.0,0.0
2026-09-26,pun_145_wh_hl_01,26,0.0,0.0,0.0
2026-09-26,pun_156_wh_hl_01,51,0.0,0.0,0.0
2026-09-26,pun_159_wh_hl_01,11,0.0,0.0,0.0
2026-09-26,rbi_106_wh_hl_01,75,0.0,0.0,0.0
2026-09-26,rbi_107_wh_hl_01,3,0.0,0.0,0.0
2026-09-26,rbi_139_wh_hl_01,103,0.0,0.0,0.0
2026-09-26,rta_104_wh_hl_01,20,0.0,0.0,0.0
2026-09-26,rup_104_wh_hl_01,1,0.0,0.0,0.0
2026-09-26,rup_116_wh_hl_01,1,0.0,0.0,0.0
2026-09-26,var_105_wh_hl_01,78,0.0,0.0,0.0
2026-09-27,ahm_103_wh_hl_01,2515,0.0,0.0,0.0
2026-09-27,ahm_109_wh_hl_01,727,0.0,0.0,0.0
2026-09-27,ahm_111_wh_hl_01,2248,0.0,0.0,0.0
2026-09-27,ahm_112_wh_hl_01,1814,0.0,0.0,0.0
2026-09-27,ahm_113_wh_hl_01,80,0.0,0.0,0.0
2026-09-27,ahm_114_wh_hl_01,1368,0.0,0.0,0.0
2026-09-27,ahm_116_wh_hl_01,125,0.0,0.0,0.0
2026-09-27,ahm_119_wh_hl_01,18,0.0,0.0,0.0
2026-09-27,ahm_120_wh_hl_01,2718,0.0,0.0,0.0
2026-09-27,ahm_122_wh_hl_01,80,0.0,0.0,0.0
2026-09-27,ahm_124_wh_hl_01,2186,0.0,0.0,0.0
2026-09-27,ahm_127_wh_hl_01,255,0.0,0.0,0.0
2026-09-27,ahm_129_wh_hl_01,899,0.0,0.0,0.0
2026-09-27,ahm_130_wh_hl_01,721,0.0,0.0,0.0
2026-09-27,ahm_133_wh_hl_01,157,0.0,0.0,0.0
2026-09-27,ahm_134_wh_hl_01,500,0.0,0.0,0.0
2026-09-27,ahm_135_wh_hl_01,329,0.0,0.0,0.0
2026-09-27,ahm_136_wh_hl_01,40,0.0,0.0,0.0
2026-09-27,ahm_139_wh_hl_01,62,0.0,0.0,0.0
2026-09-27,ahm_141_wh_hl_01,2,0.0,0.0,0.0
2026-09-27,ahm_142_wh_hl_01,2290,0.0,0.0,0.0
2026-09-27,ahm_917_wh_hl_01,1493,0.0,0.0,0.0
2026-09-27,ben_007_wh_hl_01,719,0.0,0.0,0.0
2026-09-27,ben_016_wh_hl_01,5105,0.0,0.0,0.0
2026-09-27,ben_017_wh_hl_01,925,0.0,0.0,0.0
2026-09-27,ben_018_wh_hl_01,255,0.0,0.0,0.0
2026-09-27,ben_024_wh_hl_01,307,0.0,0.0,0.0
2026-09-27,ben_026_wh_hl_01,2615,0.0,0.0,0.0
2026-09-27,ben_027_wh_hl_01,12,0.0,0.0,0.0
2026-09-27,ben_029_wh_hl_01,4680,0.0,0.0,0.0
2026-09-27,ben_031_wh_hl_01,2599,0.0,0.0,0.0
2026-09-27,ben_034_wh_hl_01,2161,0.0,0.0,0.0
2026-09-27,ben_036_wh_hl_01,1,0.0,0.0,0.0
2026-09-27,ben_039_wh_hl_01,4170,0.0,0.0,0.0
2026-09-27,ben_040_wh_hl_01,3466,0.0,0.0,0.0
2026-09-27,ben_042_wh_hl_01,1180,0.0,0.0,0.0
2026-09-27,ben_043_wh_hl_01,3460,0.0,0.0,0.0
2026-09-27,ben_050_wh_hl_01,414,0.0,0.0,0.0
2026-09-27,ben_054_wh_hl_01,351,0.0,0.0,0.0
2026-09-27,ben_055_wh_hl_01,198,0.0,0.0,0.0
2026-09-27,ben_056_wh_hl_01,1331,0.0,0.0,0.0
2026-09-27,ben_057_wh_hl_01,148,0.0,0.0,0.0
2026-09-27,ben_058_wh_hl_01,4203,0.0,0.0,0.0
2026-09-27,ben_060_wh_hl_01,2333,0.0,0.0,0.0
2026-09-27,ben_061_wh_hl_01,3124,0.0,0.0,0.0
2026-09-27,ben_062_wh_hl_01,725,0.0,0.0,0.0
2026-09-27,ben_063_wh_hl_01,410,0.0,0.0,0.0
2026-09-27,ben_064_wh_hl_01,30,0.0,0.0,0.0
2026-09-27,ben_102_wh_hl_01,1317,0.0,0.0,0.0
2026-09-27,ben_103_wh_hl_01,3135,0.0,0.0,0.0
2026-09-27,ben_104_wh_hl_01,1591,0.0,0.0,0.0
2026-09-27,ben_108_wh_hl_01,1163,0.0,0.0,0.0
2026-09-27,ben_109_wh_hl_01,1308,0.0,0.0,0.0
2026-09-27,ben_110_wh_hl_01,101,0.0,0.0,0.0
2026-09-27,ben_112_wh_hl_01,1959,0.0,0.0,0.0
2026-09-27,ben_113_wh_hl_01,1372,0.0,0.0,0.0
2026-09-27,ben_114_wh_hl_01,280,0.0,0.0,0.0
2026-09-27,ben_115_wh_hl_01,1949,0.0,0.0,0.0
2026-09-27,ben_116_wh_hl_01,2236,0.0,0.0,0.0
2026-09-27,ben_117_wh_hl_01,72,0.0,0.0,0.0
2026-09-27,ben_118_wh_hl_01,1674,0.0,0.0,0.0
2026-09-27,ben_119_wh_hl_01,4795,0.0,0.0,0.0
2026-09-27,ben_120_wh_hl_01,55,0.0,0.0,0.0
2026-09-27,ben_123_wh_hl_01,2029,0.0,0.0,0.0
2026-09-27,ben_125_wh_hl_01,143,0.0,0.0,0.0
2026-09-27,ben_127_wh_hl_01,341,0.0,0.0,0.0
2026-09-27,ben_128_wh_hl_01,3579,0.0,0.0,0.0
2026-09-27,ben_135_wh_hl_01,170,0.0,0.0,0.0
2026-09-27,ben_136_wh_hl_01,476,0.0,0.0,0.0
2026-09-27,ben_137_wh_hl_01,1319,0.0,0.0,0.0
2026-09-27,ben_138_wh_hl_01,305,0.0,0.0,0.0
2026-09-27,ben_141_wh_hl_01,24,0.0,0.0,0.0
2026-09-27,ben_143_wh_hl_01,2663,0.0,0.0,0.0
2026-09-27,ben_144_wh_hl_01,210,0.0,0.0,0.0
2026-09-27,ben_145_wh_hl_01,2223,0.0,0.0,0.0
2026-09-27,ben_147_wh_hl_01,1434,0.0,0.0,0.0
2026-09-27,ben_150_wh_hl_01,625,0.0,0.0,0.0
2026-09-27,ben_152_wh_hl_01,736,0.0,0.0,0.0
2026-09-27,ben_153_wh_hl_01,609,0.0,0.0,0.0
2026-09-27,ben_155_wh_hl_01,1410,0.0,0.0,0.0
2026-09-27,ben_160_wh_hl_01,1355,0.0,0.0,0.0
2026-09-27,ben_162_wh_hl_01,405,0.0,0.0,0.0
2026-09-27,ben_166_wh_hl_01,888,0.0,0.0,0.0
2026-09-27,ben_167_wh_hl_01,128,0.0,0.0,0.0
2026-09-27,ben_172_wh_hl_01,12,0.0,0.0,0.0
2026-09-27,ben_174_wh_hl_01,727,0.0,0.0,0.0
2026-09-27,ben_176_wh_hl_01,1521,0.0,0.0,0.0
2026-09-27,ben_178_wh_hl_01,1339,0.0,0.0,0.0
2026-09-27,ben_179_wh_hl_01,520,0.0,0.0,0.0
2026-09-27,ben_180_wh_hl_01,3348,0.0,0.0,0.0
2026-09-27,ben_184_wh_hl_01,5,0.0,0.0,0.0
2026-09-27,ben_185_wh_hl_01,516,0.0,0.0,0.0
2026-09-27,ben_186_wh_hl_01,387,0.0,0.0,0.0
2026-09-27,ben_191_wh_hl_01,527,0.0,0.0,0.0
2026-09-27,ben_193_wh_hl_01,19,0.0,0.0,0.0
2026-09-27,ben_195_wh_hl_01,1232,0.0,0.0,0.0
2026-09-27,ben_196_wh_hl_01,125,0.0,0.0,0.0
2026-09-27,ben_198_wh_hl_01,2923,0.0,0.0,0.0
2026-09-27,ben_201_wh_hl_01,775,0.0,0.0,0.0
2026-09-27,ben_204_wh_hl_01,525,0.0,0.0,0.0
2026-09-27,ben_205_wh_hl_01,2558,0.0,0.0,0.0
2026-09-27,ben_209_wh_hl_01,296,0.0,0.0,0.0
2026-09-27,ben_210_wh_hl_01,476,0.0,0.0,0.0
2026-09-27,ben_214_wh_hl_01,287,0.0,0.0,0.0
2026-09-27,ben_215_wh_hl_01,1386,0.0,0.0,0.0
2026-09-27,ben_216_wh_hl_01,3532,0.0,0.0,0.0
2026-09-27,ben_217_wh_hl_01,15,0.0,0.0,0.0
2026-09-27,ben_218_wh_hl_01,3192,0.0,0.0,0.0
2026-09-27,ben_219_wh_hl_01,735,0.0,0.0,0.0
2026-09-27,ben_223_wh_hl_01,241,0.0,0.0,0.0
2026-09-27,ben_224_wh_hl_01,265,0.0,0.0,0.0
2026-09-27,ben_225_wh_hl_01,488,0.0,0.0,0.0
2026-09-27,ben_226_wh_hl_01,952,0.0,0.0,0.0
2026-09-27,ben_228_wh_hl_01,3360,0.0,0.0,0.0
2026-09-27,ben_229_wh_hl_01,430,0.0,0.0,0.0
2026-09-27,ben_231_wh_hl_01,471,0.0,0.0,0.0
2026-09-27,ben_232_wh_hl_01,2252,0.0,0.0,0.0
2026-09-27,ben_234_wh_hl_01,2583,0.0,0.0,0.0
2026-09-27,ben_235_wh_hl_01,1123,0.0,0.0,0.0
2026-09-27,ben_238_wh_hl_01,4300,0.0,0.0,0.0
2026-09-27,ben_240_wh_hl_01,2180,0.0,0.0,0.0
2026-09-27,ben_241_wh_hl_01,363,0.0,0.0,0.0
2026-09-27,ben_242_wh_hl_01,2000,0.0,0.0,0.0
2026-09-27,ben_243_wh_hl_01,375,0.0,0.0,0.0
2026-09-27,ben_247_wh_hl_01,1589,0.0,0.0,0.0
2026-09-27,ben_248_wh_hl_01,32,0.0,0.0,0.0
2026-09-27,ben_256_wh_hl_01,2124,0.0,0.0,0.0
2026-09-27,ben_257_wh_hl_01,662,0.0,0.0,0.0
2026-09-27,ben_265_wh_hl_01,639,0.0,0.0,0.0
2026-09-27,ben_286_wh_hl_01,1546,0.0,0.0,0.0
2026-09-27,ben_901_wh_hl_01,25,0.0,0.0,0.0
2026-09-27,ben_903_wh_hl_01,1285,0.0,0.0,0.0
2026-09-27,ben_917_wh_hl_01,73,0.0,0.0,0.0
2026-09-27,bhp_104_wh_hl_01,97,0.0,0.0,0.0
2026-09-27,bhu_101_wh_hl_01,935,0.0,0.0,0.0
2026-09-27,bhu_103_wh_hl_01,2251,0.0,0.0,0.0
2026-09-27,bhu_105_wh_hl_01,1005,0.0,0.0,0.0
2026-09-27,bhu_106_wh_hl_01,1192,0.0,0.0,0.0
2026-09-27,bhu_107_wh_hl_01,436,0.0,0.0,0.0
2026-09-27,bhu_108_wh_hl_01,342,0.0,0.0,0.0
2026-09-27,bhu_109_wh_hl_01,144,0.0,0.0,0.0
2026-09-27,bhu_115_wh_hl_01,316,0.0,0.0,0.0
2026-09-27,bom_045_wh_hl_01,1439,0.0,0.0,0.0
2026-09-27,cha_104_wh_hl_01,349,0.0,0.0,0.0
2026-09-27,che_101_wh_hl_02,404,0.0,0.0,0.0
2026-09-27,che_102_wh_hl_01,1442,0.0,0.0,0.0
2026-09-27,che_103_wh_hl_01,157,0.0,0.0,0.0
2026-09-27,che_104_wh_hl_01,198,0.0,0.0,0.0
2026-09-27,che_105_wh_hl_01,7,0.0,0.0,0.0
2026-09-27,che_107_wh_hl_01,157,0.0,0.0,0.0
2026-09-27,che_110_wh_hl_01,1434,0.0,0.0,0.0
2026-09-27,che_111_wh_hl_01,267,0.0,0.0,0.0
2026-09-27,che_114_wh_hl_01,121,0.0,0.0,0.0
2026-09-27,che_115_wh_hl_01,1100,0.0,0.0,0.0
2026-09-27,che_116_wh_hl_01,78,0.0,0.0,0.0
2026-09-27,che_118_wh_hl_01,402,0.0,0.0,0.0
2026-09-27,che_120_wh_hl_01,63,0.0,0.0,0.0
2026-09-27,che_121_wh_hl_01,201,0.0,0.0,0.0
2026-09-27,che_122_wh_hl_01,1645,0.0,0.0,0.0
2026-09-27,che_123_wh_hl_01,1350,0.0,0.0,0.0
2026-09-27,che_124_wh_hl_01,289,0.0,0.0,0.0
2026-09-27,che_125_wh_hl_01,5,0.0,0.0,0.0
2026-09-27,che_126_wh_hl_01,296,0.0,0.0,0.0
2026-09-27,che_130_wh_hl_01,908,0.0,0.0,0.0
2026-09-27,che_132_wh_hl_01,140,0.0,0.0,0.0
2026-09-27,che_134_wh_hl_01,107,0.0,0.0,0.0
2026-09-27,che_135_wh_hl_01,1,0.0,0.0,0.0
2026-09-27,che_136_wh_hl_01,234,0.0,0.0,0.0
2026-09-27,che_138_wh_hl_01,5,0.0,0.0,0.0
2026-09-27,che_139_wh_hl_01,1584,0.0,0.0,0.0
2026-09-27,che_140_wh_hl_01,1847,0.0,0.0,0.0
2026-09-27,che_141_wh_hl_01,61,0.0,0.0,0.0
2026-09-27,che_143_wh_hl_01,8,0.0,0.0,0.0
2026-09-27,che_145_wh_hl_01,2051,0.0,0.0,0.0
2026-09-27,che_146_wh_hl_01,390,0.0,0.0,0.0
2026-09-27,che_147_wh_hl_01,2738,0.0,0.0,0.0
2026-09-27,che_149_wh_hl_01,1184,0.0,0.0,0.0
2026-09-27,che_155_wh_hl_01,1128,0.0,0.0,0.0
2026-09-27,che_157_wh_hl_01,1332,0.0,0.0,0.0
2026-09-27,che_158_wh_hl_01,56,0.0,0.0,0.0
2026-09-27,che_159_wh_hl_01,321,0.0,0.0,0.0
2026-09-27,che_160_wh_hl_01,1455,0.0,0.0,0.0
2026-09-27,che_162_wh_hl_01,1835,0.0,0.0,0.0
2026-09-27,che_165_wh_hl_01,5,0.0,0.0,0.0
2026-09-27,che_167_wh_hl_01,1484,0.0,0.0,0.0
2026-09-27,che_168_wh_hl_01,168,0.0,0.0,0.0
2026-09-27,che_171_wh_hl_01,943,0.0,0.0,0.0
2026-09-27,che_172_wh_hl_01,556,0.0,0.0,0.0
2026-09-27,che_174_wh_hl_01,1515,0.0,0.0,0.0
2026-09-27,che_175_wh_hl_01,2360,0.0,0.0,0.0
2026-09-27,che_176_wh_hl_01,855,0.0,0.0,0.0
2026-09-27,che_177_wh_hl_01,1052,0.0,0.0,0.0
2026-09-27,che_179_wh_hl_01,5,0.0,0.0,0.0
2026-09-27,che_180_wh_hl_01,609,0.0,0.0,0.0
2026-09-27,che_181_wh_hl_01,1075,0.0,0.0,0.0
2026-09-27,che_182_wh_hl_01,568,0.0,0.0,0.0
2026-09-27,che_183_wh_hl_01,383,0.0,0.0,0.0
2026-09-27,che_184_wh_hl_01,1433,0.0,0.0,0.0
2026-09-27,che_185_wh_hl_01,1621,0.0,0.0,0.0
2026-09-27,che_186_wh_hl_01,1543,0.0,0.0,0.0
2026-09-27,che_188_wh_hl_01,1380,0.0,0.0,0.0
2026-09-27,che_189_wh_hl_01,131,0.0,0.0,0.0
2026-09-27,che_190_wh_hl_01,394,0.0,0.0,0.0
2026-09-27,che_192_wh_hl_01,398,0.0,0.0,0.0
2026-09-27,che_193_wh_hl_01,622,0.0,0.0,0.0
2026-09-27,che_195_wh_hl_01,1143,0.0,0.0,0.0
2026-09-27,che_197_wh_hl_01,38,0.0,0.0,0.0
2026-09-27,che_199_wh_hl_01,2129,0.0,0.0,0.0
2026-09-27,coc_102_wh_hl_01,79,0.0,0.0,0.0
2026-09-27,coc_107_wh_hl_01,26,0.0,0.0,0.0
2026-09-27,coi_103_wh_hl_01,6,0.0,0.0,0.0
2026-09-27,coi_104_wh_hl_01,195,0.0,0.0,0.0
2026-09-27,coi_105_wh_hl_01,6,0.0,0.0,0.0
2026-09-27,coi_106_wh_hl_01,8,0.0,0.0,0.0
2026-09-27,coi_107_wh_hl_02,1,0.0,0.0,0.0
2026-09-27,coi_108_wh_hl_01,2,0.0,0.0,0.0
2026-09-27,coi_110_wh_hl_01,4,0.0,0.0,0.0
2026-09-27,deh_101_wh_hl_01,298,0.0,0.0,0.0
2026-09-27,deh_102_wh_hl_01,267,0.0,0.0,0.0
2026-09-27,deh_103_wh_hl_01,318,0.0,0.0,0.0
2026-09-27,deh_104_wh_hl_01,7,0.0,0.0,0.0
2026-09-27,deh_105_wh_hl_01,303,0.0,0.0,0.0
2026-09-27,deh_106_wh_hl_01,310,0.0,0.0,0.0
2026-09-27,del_001_wh_hl_01,723,0.0,0.0,0.0
2026-09-27,del_004_wh_hl_01,3451,0.0,0.0,0.0
2026-09-27,del_007_wh_hl_01,356,0.0,0.0,0.0
2026-09-27,del_010_wh_hl_01,8,0.0,0.0,0.0
2026-09-27,del_013_wh_hl_01,29,0.0,0.0,0.0
2026-09-27,del_015_wh_hl_01,1746,0.0,0.0,0.0
2026-09-27,del_017_wh_hl_01,5114,0.0,0.0,0.0
2026-09-27,del_018_wh_hl_01,292,0.0,0.0,0.0
2026-09-27,del_021_wh_hl_01,2079,0.0,0.0,0.0
2026-09-27,del_023_wh_hl_01,44,0.0,0.0,0.0
2026-09-27,del_025_wh_hl_01,1823,0.0,0.0,0.0
2026-09-27,del_026_wh_hl_01,5,0.0,0.0,0.0
2026-09-27,del_039_wh_hl_01,136,0.0,0.0,0.0
2026-09-27,del_042_wh_hl_01,2675,0.0,0.0,0.0
2026-09-27,del_044_wh_hl_01,3412,0.0,0.0,0.0
2026-09-27,del_045_wh_hl_01,323,0.0,0.0,0.0
2026-09-27,del_046_wh_hl_01,1227,0.0,0.0,0.0
2026-09-27,del_047_wh_hl_01,1177,0.0,0.0,0.0
2026-09-27,del_048_wh_hl_01,869,0.0,0.0,0.0
2026-09-27,del_049_wh_hl_01,18,0.0,0.0,0.0
2026-09-27,del_055_wh_hl_01,417,0.0,0.0,0.0
2026-09-27,del_059_wh_hl_01,1397,0.0,0.0,0.0
2026-09-27,del_061_wh_hl_01,2718,0.0,0.0,0.0
2026-09-27,del_063_wh_hl_01,5,0.0,0.0,0.0
2026-09-27,del_064_wh_hl_01,155,0.0,0.0,0.0
2026-09-27,del_069_wh_hl_01,2950,0.0,0.0,0.0
2026-09-27,del_071_wh_hl_01,455,0.0,0.0,0.0
2026-09-27,del_072_wh_hl_01,193,0.0,0.0,0.0
2026-09-27,del_074_wh_hl_01,1352,0.0,0.0,0.0
2026-09-27,del_075_wh_hl_01,7,0.0,0.0,0.0
2026-09-27,del_078_wh_hl_01,191,0.0,0.0,0.0
2026-09-27,del_080_wh_hl_01,2940,0.0,0.0,0.0
2026-09-27,del_082_wh_hl_01,2645,0.0,0.0,0.0
2026-09-27,del_084_wh_hl_01,447,0.0,0.0,0.0
2026-09-27,del_088_wh_hl_01,25,0.0,0.0,0.0
2026-09-27,del_093_wh_hl_01,329,0.0,0.0,0.0
2026-09-27,del_101_wh_hl_01,1847,0.0,0.0,0.0
2026-09-27,del_102_wh_hl_01,5,0.0,0.0,0.0
2026-09-27,del_103_wh_hl_01,4,0.0,0.0,0.0
2026-09-27,del_104_wh_hl_01,6,0.0,0.0,0.0
2026-09-27,del_105_wh_hl_01,85,0.0,0.0,0.0
2026-09-27,del_106_wh_hl_01,20,0.0,0.0,0.0
2026-09-27,del_107_wh_hl_01,13,0.0,0.0,0.0
2026-09-27,del_108_wh_hl_01,3469,0.0,0.0,0.0
2026-09-27,del_109_wh_hl_01,2772,0.0,0.0,0.0
2026-09-27,del_110_wh_hl_01,6,0.0,0.0,0.0
2026-09-27,del_111_wh_hl_01,6,0.0,0.0,0.0
2026-09-27,del_112_wh_hl_01,2870,0.0,0.0,0.0
2026-09-27,del_113_wh_hl_01,5,0.0,0.0,0.0
2026-09-27,del_116_wh_hl_01,3,0.0,0.0,0.0
2026-09-27,del_117_wh_hl_01,1000,0.0,0.0,0.0
2026-09-27,del_118_wh_hl_01,5,0.0,0.0,0.0
2026-09-27,del_119_wh_hl_01,6,0.0,0.0,0.0
2026-09-27,del_121_wh_hl_01,3986,0.0,0.0,0.0
2026-09-27,del_122_wh_hl_01,276,0.0,0.0,0.0
2026-09-27,del_123_wh_hl_01,927,0.0,0.0,0.0
2026-09-27,del_124_wh_hl_01,211,0.0,0.0,0.0
2026-09-27,del_125_wh_hl_01,2910,0.0,0.0,0.0
2026-09-27,del_126_wh_hl_01,3866,0.0,0.0,0.0
2026-09-27,del_127_wh_hl_01,108,0.0,0.0,0.0
2026-09-27,del_128_wh_hl_01,4,0.0,0.0,0.0
2026-09-27,del_135_wh_hl_01,197,0.0,0.0,0.0
2026-09-27,del_136_wh_hl_01,814,0.0,0.0,0.0
2026-09-27,del_140_wh_hl_01,1955,0.0,0.0,0.0
2026-09-27,del_141_wh_hl_01,4212,0.0,0.0,0.0
2026-09-27,del_142_wh_hl_01,3574,0.0,0.0,0.0
2026-09-27,del_143_wh_hl_01,1234,0.0,0.0,0.0
2026-09-27,del_147_wh_hl_01,4,0.0,0.0,0.0
2026-09-27,del_148_wh_hl_01,226,0.0,0.0,0.0
2026-09-27,del_14_wh_hl_01,4678,0.0,0.0,0.0
2026-09-27,del_150_wh_hl_01,2566,0.0,0.0,0.0
2026-09-27,del_151_wh_hl_01,438,0.0,0.0,0.0
2026-09-27,del_152_wh_hl_01,5,0.0,0.0,0.0
2026-09-27,del_153_wh_hl_01,5,0.0,0.0,0.0
2026-09-27,del_154_wh_hl_01,370,0.0,0.0,0.0
2026-09-27,del_156_wh_hl_01,1744,0.0,0.0,0.0
2026-09-27,del_158_wh_hl_01,8,0.0,0.0,0.0
2026-09-27,del_159_wh_hl_01,2,0.0,0.0,0.0
2026-09-27,del_160_wh_hl_01,519,0.0,0.0,0.0
2026-09-27,del_161_wh_hl_01,415,0.0,0.0,0.0
2026-09-27,del_162_wh_hl_01,747,0.0,0.0,0.0
2026-09-27,del_163_wh_hl_01,1456,0.0,0.0,0.0
2026-09-27,del_165_wh_hl_01,149,0.0,0.0,0.0
2026-09-27,del_166_wh_hl_01,537,0.0,0.0,0.0
2026-09-27,del_174_wh_hl_01,1,0.0,0.0,0.0
2026-09-27,del_178_wh_hl_01,4073,0.0,0.0,0.0
2026-09-27,del_179_wh_hl_01,57,0.0,0.0,0.0
2026-09-27,del_180_wh_hl_01,3,0.0,0.0,0.0
2026-09-27,del_181_wh_hl_01,4334,0.0,0.0,0.0
2026-09-27,del_184_wh_hl_01,373,0.0,0.0,0.0
2026-09-27,del_186_wh_hl_01,2,0.0,0.0,0.0
2026-09-27,del_187_wh_hl_01,1,0.0,0.0,0.0
2026-09-27,del_188_wh_hl_01,4,0.0,0.0,0.0
2026-09-27,del_190_wh_hl_01,2,0.0,0.0,0.0
2026-09-27,del_191_wh_hl_01,510,0.0,0.0,0.0
2026-09-27,del_193_wh_hl_01,248,0.0,0.0,0.0
2026-09-27,del_194_wh_hl_01,2234,0.0,0.0,0.0
2026-09-27,del_195_wh_hl_01,216,0.0,0.0,0.0
2026-09-27,del_196_wh_hl_01,600,0.0,0.0,0.0
2026-09-27,del_197_wh_hl_01,210,0.0,0.0,0.0
2026-09-27,del_198_wh_hl_01,1266,0.0,0.0,0.0
2026-09-27,del_199_wh_hl_01,1176,0.0,0.0,0.0
2026-09-27,del_200_wh_hl_01,2872,0.0,0.0,0.0
2026-09-27,del_201_wh_hl_01,308,0.0,0.0,0.0
2026-09-27,del_202_wh_hl_01,310,0.0,0.0,0.0
2026-09-27,del_207_wh_hl_01,3099,0.0,0.0,0.0
2026-09-27,del_209_wh_hl_01,1,0.0,0.0,0.0
2026-09-27,del_210_wh_hl_01,2444,0.0,0.0,0.0
2026-09-27,del_213_wh_hl_01,76,0.0,0.0,0.0
2026-09-27,del_227_wh_hl_01,1,0.0,0.0,0.0
2026-09-27,del_229_wh_hl_01,535,0.0,0.0,0.0
2026-09-27,del_231_wh_hl_01,9,0.0,0.0,0.0
2026-09-27,del_237_wh_hl_01,950,0.0,0.0,0.0
2026-09-27,del_239_wh_hl_01,1668,0.0,0.0,0.0
2026-09-27,del_240_wh_hl_01,57,0.0,0.0,0.0
2026-09-27,del_243_wh_hl_01,1833,0.0,0.0,0.0
2026-09-27,del_260_wh_hl_01,37,0.0,0.0,0.0
2026-09-27,del_261_wh_hl_01,1241,0.0,0.0,0.0
2026-09-27,del_267_wh_hl_01,1,0.0,0.0,0.0
2026-09-27,del_272_wh_hl_01,31,0.0,0.0,0.0
2026-09-27,del_281_wh_hl_01,1,0.0,0.0,0.0
2026-09-27,del_282_wh_hl_01,1,0.0,0.0,0.0
2026-09-27,del_289_wh_hl_01,1713,0.0,0.0,0.0
2026-09-27,del_290_wh_hl_01,429,0.0,0.0,0.0
2026-09-27,del_291_wh_hl_01,1,0.0,0.0,0.0
2026-09-27,del_310_wh_hl_02,46,0.0,0.0,0.0
2026-09-27,del_901_wh_hl_01,1029,0.0,0.0,0.0
2026-09-27,del_915_wh_hl_01,1,0.0,0.0,0.0
2026-09-27,del_957_wh_hl_01,4378,0.0,0.0,0.0
2026-09-27,del_967_wh_hl_01,1,0.0,0.0,0.0
2026-09-27,dnc_101_wh_hl_01,3657,0.0,0.0,0.0
2026-09-27,dnc_102_wh_hl_01,3593,0.0,0.0,0.0
2026-09-27,dnc_106_wh_hl_01,3773,0.0,0.0,0.0
2026-09-27,dnc_107_wh_hl_01,4054,0.0,0.0,0.0
2026-09-27,dnc_110_wh_hl_01,4531,0.0,0.0,0.0
2026-09-27,dnc_114_wh_hl_01,133,0.0,0.0,0.0
2026-09-27,dnc_117_wh_hl_01,3186,0.0,0.0,0.0
2026-09-27,far_101_wh_hl_01,2615,0.0,0.0,0.0
2026-09-27,far_102_wh_hl_02,1127,0.0,0.0,0.0
2026-09-27,far_104_wh_hl_01,2095,0.0,0.0,0.0
2026-09-27,far_105_wh_hl_01,138,0.0,0.0,0.0
2026-09-27,far_106_wh_hl_01,658,0.0,0.0,0.0
2026-09-27,far_107_wh_hl_01,156,0.0,0.0,0.0
2026-09-27,far_108_wh_hl_01,95,0.0,0.0,0.0
2026-09-27,far_109_wh_hl_01,1,0.0,0.0,0.0
2026-09-27,far_110_wh_hl_01,1380,0.0,0.0,0.0
2026-09-27,ggn_105_wh_hl_01,565,0.0,0.0,0.0
2026-09-27,ghz_102_wh_hl_01,1938,0.0,0.0,0.0
2026-09-27,ghz_103_wh_hl_01,587,0.0,0.0,0.0
2026-09-27,ghz_104_wh_hl_01,1366,0.0,0.0,0.0
2026-09-27,ghz_105_wh_hl_01,173,0.0,0.0,0.0
2026-09-27,ghz_106_wh_hl_01,3650,0.0,0.0,0.0
2026-09-27,ghz_108_wh_hl_01,1,0.0,0.0,0.0
2026-09-27,ghz_109_wh_hl_01,1344,0.0,0.0,0.0
2026-09-27,ghz_110_wh_hl_01,486,0.0,0.0,0.0
2026-09-27,ghz_111_wh_hl_01,156,0.0,0.0,0.0
2026-09-27,ghz_112_wh_hl_01,181,0.0,0.0,0.0
2026-09-27,ghz_113_wh_hl_01,53,0.0,0.0,0.0
2026-09-27,ghz_114_wh_hl_01,1,0.0,0.0,0.0
2026-09-27,ghz_115_wh_hl_01,1690,0.0,0.0,0.0
2026-09-27,ghz_116_wh_hl_01,1,0.0,0.0,0.0
2026-09-27,ghz_117_wh_hl_01,1,0.0,0.0,0.0
2026-09-27,ghz_118_wh_hl_01,1,0.0,0.0,0.0
2026-09-27,ghz_119_wh_hl_01,1,0.0,0.0,0.0
2026-09-27,ghz_121_wh_hl_01,896,0.0,0.0,0.0
2026-09-27,ghz_124_wh_hl_01,80,0.0,0.0,0.0
2026-09-27,ghz_128_wh_hl_01,1229,0.0,0.0,0.0
2026-09-27,gkp_104_wh_hl_01,829,0.0,0.0,0.0
2026-09-27,gur_101_wh_hl_01,4111,0.0,0.0,0.0
2026-09-27,gur_102_wh_hl_01,53,0.0,0.0,0.0
2026-09-27,gur_103_wh_hl_01,2275,0.0,0.0,0.0
2026-09-27,gur_104_wh_hl_01,5,0.0,0.0,0.0
2026-09-27,gur_106_wh_hl_01,130,0.0,0.0,0.0
2026-09-27,gur_108_wh_hl_01,4107,0.0,0.0,0.0
2026-09-27,gur_109_wh_hl_01,3138,0.0,0.0,0.0
2026-09-27,gur_110_wh_hl_01,606,0.0,0.0,0.0
2026-09-27,gur_111_wh_hl_01,104,0.0,0.0,0.0
2026-09-27,gur_112_wh_hl_01,181,0.0,0.0,0.0
2026-09-27,gur_113_wh_hl_01,2132,0.0,0.0,0.0
2026-09-27,gur_114_wh_hl_01,1489,0.0,0.0,0.0
2026-09-27,gur_115_wh_hl_01,952,0.0,0.0,0.0
2026-09-27,gur_117_wh_hl_01,1928,0.0,0.0,0.0
2026-09-27,gur_118_wh_hl_01,2386,0.0,0.0,0.0
2026-09-27,gur_121_wh_hl_01,1942,0.0,0.0,0.0
2026-09-27,gur_122_wh_hl_01,1029,0.0,0.0,0.0
2026-09-27,gur_124_wh_hl_01,2675,0.0,0.0,0.0
2026-09-27,gur_127_wh_hl_01,2251,0.0,0.0,0.0
2026-09-27,gur_129_wh_hl_01,5232,0.0,0.0,0.0
2026-09-27,gur_130_wh_hl_01,2939,0.0,0.0,0.0
2026-09-27,gur_131_wh_hl_01,1,0.0,0.0,0.0
2026-09-27,gur_135_wh_hl_01,72,0.0,0.0,0.0
2026-09-27,gur_901_wh_hl_01,1183,0.0,0.0,0.0
2026-09-27,guw_101_wh_hl_01,1906,0.0,0.0,0.0
2026-09-27,guw_102_wh_hl_01,474,0.0,0.0,0.0
2026-09-27,guw_104_wh_hl_01,1205,0.0,0.0,0.0
2026-09-27,guw_105_wh_hl_01,174,0.0,0.0,0.0
2026-09-27,guw_106_wh_hl_01,1370,0.0,0.0,0.0
2026-09-27,guw_107_wh_hl_01,1919,0.0,0.0,0.0
2026-09-27,guw_108_wh_hl_01,1966,0.0,0.0,0.0
2026-09-27,guw_110_wh_hl_01,1188,0.0,0.0,0.0
2026-09-27,guw_117_wh_hl_01,238,0.0,0.0,0.0
2026-09-27,guw_119_wh_hl_01,530,0.0,0.0,0.0
2026-09-27,guw_120_wh_hl_01,1687,0.0,0.0,0.0
2026-09-27,guw_121_wh_hl_01,834,0.0,0.0,0.0
2026-09-27,guw_122_wh_hl_01,514,0.0,0.0,0.0
2026-09-27,guw_123_wh_hl_01,863,0.0,0.0,0.0
2026-09-27,guw_124_wh_hl_01,572,0.0,0.0,0.0
2026-09-27,guw_125_wh_hl_01,1856,0.0,0.0,0.0
2026-09-27,guw_127_wh_hl_01,957,0.0,0.0,0.0
2026-09-27,guw_128_wh_hl_01,1936,0.0,0.0,0.0
2026-09-27,guw_130_wh_hl_01,426,0.0,0.0,0.0
2026-09-27,guw_131_wh_hl_01,507,0.0,0.0,0.0
2026-09-27,hub_102_wh_hl_01,274,0.0,0.0,0.0
2026-09-27,hyd_101_wh_hl_01,965,0.0,0.0,0.0
2026-09-27,hyd_102_wh_hl_01,1979,0.0,0.0,0.0
2026-09-27,hyd_103_wh_hl_01,1376,0.0,0.0,0.0
2026-09-27,hyd_104_wh_hl_01,135,0.0,0.0,0.0
2026-09-27,hyd_105_wh_hl_01,287,0.0,0.0,0.0
2026-09-27,hyd_106_wh_hl_01,360,0.0,0.0,0.0
2026-09-27,hyd_107_wh_hl_01,15,0.0,0.0,0.0
2026-09-27,hyd_108_wh_hl_01,700,0.0,0.0,0.0
2026-09-27,hyd_109_wh_hl_01,2,0.0,0.0,0.0
2026-09-27,hyd_110_wh_hl_01,9,0.0,0.0,0.0
2026-09-27,hyd_111_wh_hl_01,1362,0.0,0.0,0.0
2026-09-27,hyd_112_wh_hl_01,2,0.0,0.0,0.0
2026-09-27,hyd_114_wh_hl_01,194,0.0,0.0,0.0
2026-09-27,hyd_115_wh_hl_01,528,0.0,0.0,0.0
2026-09-27,hyd_116_wh_hl_01,1346,0.0,0.0,0.0
2026-09-27,hyd_117_wh_hl_01,194,0.0,0.0,0.0
2026-09-27,hyd_118_wh_hl_01,1383,0.0,0.0,0.0
2026-09-27,hyd_119_wh_hl_01,1002,0.0,0.0,0.0
2026-09-27,hyd_120_wh_hl_01,580,0.0,0.0,0.0
2026-09-27,hyd_121_wh_hl_01,2,0.0,0.0,0.0
2026-09-27,hyd_122_wh_hl_01,3,0.0,0.0,0.0
2026-09-27,hyd_123_wh_hl_01,2,0.0,0.0,0.0
2026-09-27,hyd_124_wh_hl_01,2,0.0,0.0,0.0
2026-09-27,hyd_125_wh_hl_01,169,0.0,0.0,0.0
2026-09-27,hyd_126_wh_hl_01,911,0.0,0.0,0.0
2026-09-27,hyd_127_wh_hl_01,556,0.0,0.0,0.0
2026-09-27,hyd_130_wh_hl_01,2,0.0,0.0,0.0
2026-09-27,hyd_131_wh_hl_01,1152,0.0,0.0,0.0
2026-09-27,hyd_133_wh_hl_01,969,0.0,0.0,0.0
2026-09-27,hyd_134_wh_hl_01,2,0.0,0.0,0.0
2026-09-27,hyd_135_wh_hl_01,1569,0.0,0.0,0.0
2026-09-27,hyd_136_wh_hl_01,537,0.0,0.0,0.0
2026-09-27,hyd_137_wh_hl_01,557,0.0,0.0,0.0
2026-09-27,hyd_138_wh_hl_01,678,0.0,0.0,0.0
2026-09-27,hyd_139_wh_hl_01,1623,0.0,0.0,0.0
2026-09-27,hyd_140_wh_hl_01,1390,0.0,0.0,0.0
2026-09-27,hyd_141_wh_hl_01,313,0.0,0.0,0.0
2026-09-27,hyd_142_wh_hl_01,484,0.0,0.0,0.0
2026-09-27,hyd_146_wh_hl_01,96,0.0,0.0,0.0
2026-09-27,hyd_147_wh_hl_01,177,0.0,0.0,0.0
2026-09-27,hyd_149_wh_hl_01,69,0.0,0.0,0.0
2026-09-27,hyd_150_wh_hl_01,7,0.0,0.0,0.0
2026-09-27,hyd_151_wh_hl_01,963,0.0,0.0,0.0
2026-09-27,hyd_152_wh_hl_01,4,0.0,0.0,0.0
2026-09-27,hyd_153_wh_hl_01,54,0.0,0.0,0.0
2026-09-27,hyd_154_wh_hl_01,52,0.0,0.0,0.0
2026-09-27,hyd_155_wh_hl_01,15,0.0,0.0,0.0
2026-09-27,hyd_156_wh_hl_01,220,0.0,0.0,0.0
2026-09-27,hyd_157_wh_hl_01,1185,0.0,0.0,0.0
2026-09-27,hyd_158_wh_hl_01,534,0.0,0.0,0.0
2026-09-27,hyd_159_wh_hl_01,1478,0.0,0.0,0.0
2026-09-27,hyd_160_wh_hl_02,798,0.0,0.0,0.0
2026-09-27,hyd_161_wh_hl_01,452,0.0,0.0,0.0
2026-09-27,hyd_163_wh_hl_01,24,0.0,0.0,0.0
2026-09-27,hyd_164_wh_hl_01,1399,0.0,0.0,0.0
2026-09-27,hyd_165_wh_hl_01,140,0.0,0.0,0.0
2026-09-27,hyd_166_wh_hl_01,281,0.0,0.0,0.0
2026-09-27,hyd_167_wh_hl_01,1,0.0,0.0,0.0
2026-09-27,hyd_170_wh_hl_01,969,0.0,0.0,0.0
2026-09-27,hyd_171_wh_hl_01,3,0.0,0.0,0.0
2026-09-27,hyd_172_wh_hl_01,225,0.0,0.0,0.0
2026-09-27,hyd_173_wh_hl_01,1,0.0,0.0,0.0
2026-09-27,hyd_174_wh_hl_01,4,0.0,0.0,0.0
2026-09-27,hyd_176_wh_hl_01,100,0.0,0.0,0.0
2026-09-27,hyd_178_wh_hl_01,219,0.0,0.0,0.0
2026-09-27,hyd_179_wh_hl_01,36,0.0,0.0,0.0
2026-09-27,hyd_180_wh_hl_01,864,0.0,0.0,0.0
2026-09-27,hyd_181_wh_hl_01,540,0.0,0.0,0.0
2026-09-27,hyd_182_wh_hl_01,306,0.0,0.0,0.0
2026-09-27,hyd_185_wh_hl_01,759,0.0,0.0,0.0
2026-09-27,hyd_187_wh_hl_01,971,0.0,0.0,0.0
2026-09-27,hyd_188_wh_hl_01,115,0.0,0.0,0.0
2026-09-27,hyd_189_wh_hl_01,741,0.0,0.0,0.0
2026-09-27,hyd_190_wh_hl_01,703,0.0,0.0,0.0
2026-09-27,hyd_191_wh_hl_01,572,0.0,0.0,0.0
2026-09-27,hyd_192_wh_hl_01,278,0.0,0.0,0.0
2026-09-27,hyd_200_wh_hl_01,2,0.0,0.0,0.0
2026-09-27,hyd_202_wh_hl_01,281,0.0,0.0,0.0
2026-09-27,jai_101_wh_hl_01,4,0.0,0.0,0.0
2026-09-27,jai_102_wh_hl_01,4,0.0,0.0,0.0
2026-09-27,jai_103_wh_hl_01,3,0.0,0.0,0.0
2026-09-27,jai_104_wh_hl_01,3,0.0,0.0,0.0
2026-09-27,jai_106_wh_hl_01,1004,0.0,0.0,0.0
2026-09-27,jai_107_wh_hl_01,487,0.0,0.0,0.0
2026-09-27,jai_108_wh_hl_01,125,0.0,0.0,0.0
2026-09-27,jai_109_wh_hl_01,3,0.0,0.0,0.0
2026-09-27,jai_110_wh_hl_01,75,0.0,0.0,0.0
2026-09-27,jai_111_wh_hl_01,2,0.0,0.0,0.0
2026-09-27,jai_113_wh_hl_01,243,0.0,0.0,0.0
2026-09-27,jai_114_wh_hl_01,99,0.0,0.0,0.0
2026-09-27,jai_115_wh_hl_01,3,0.0,0.0,0.0
2026-09-27,jai_116_wh_hl_01,4,0.0,0.0,0.0
2026-09-27,jai_117_wh_hl_01,237,0.0,0.0,0.0
2026-09-27,jai_118_wh_hl_01,638,0.0,0.0,0.0
2026-09-27,jai_121_wh_hl_01,2,0.0,0.0,0.0
2026-09-27,jai_122_wh_hl_01,305,0.0,0.0,0.0
2026-09-27,jai_125_wh_hl_01,49,0.0,0.0,0.0
2026-09-27,jai_127_wh_hl_01,44,0.0,0.0,0.0
2026-09-27,jai_128_wh_hl_01,4,0.0,0.0,0.0
2026-09-27,jal_101_wh_hl_01,158,0.0,0.0,0.0
2026-09-27,jal_102_wh_hl_01,439,0.0,0.0,0.0
2026-09-27,kol_101_wh_hl_01,2411,0.0,0.0,0.0
2026-09-27,kol_102_wh_hl_01,1359,0.0,0.0,0.0
2026-09-27,kol_104_wh_hl_01,2021,0.0,0.0,0.0
2026-09-27,kol_105_wh_hl_01,473,0.0,0.0,0.0
2026-09-27,kol_106_wh_hl_01,1197,0.0,0.0,0.0
2026-09-27,kol_107_wh_hl_01,928,0.0,0.0,0.0
2026-09-27,kol_109_wh_hl_01,2884,0.0,0.0,0.0
2026-09-27,kol_110_wh_hl_01,447,0.0,0.0,0.0
2026-09-27,kol_111_wh_hl_01,5231,0.0,0.0,0.0
2026-09-27,kol_112_wh_hl_01,2294,0.0,0.0,0.0
2026-09-27,kol_113_wh_hl_01,1339,0.0,0.0,0.0
2026-09-27,kol_114_wh_hl_01,661,0.0,0.0,0.0
2026-09-27,kol_115_wh_hl_01,417,0.0,0.0,0.0
2026-09-27,kol_116_wh_hl_01,3,0.0,0.0,0.0
2026-09-27,kol_117_wh_hl_01,45,0.0,0.0,0.0
2026-09-27,kol_118_wh_hl_01,855,0.0,0.0,0.0
2026-09-27,kol_119_wh_hl_01,212,0.0,0.0,0.0
2026-09-27,kol_120_wh_hl_01,5,0.0,0.0,0.0
2026-09-27,kol_121_wh_hl_01,2,0.0,0.0,0.0
2026-09-27,kol_122_wh_hl_01,1571,0.0,0.0,0.0
2026-09-27,kol_125_wh_hl_01,4,0.0,0.0,0.0
2026-09-27,kol_126_wh_hl_01,2244,0.0,0.0,0.0
2026-09-27,kol_128_wh_hl_01,643,0.0,0.0,0.0
2026-09-27,kol_129_wh_hl_01,540,0.0,0.0,0.0
2026-09-27,kol_130_wh_hl_01,454,0.0,0.0,0.0
2026-09-27,kol_132_wh_hl_01,664,0.0,0.0,0.0
2026-09-27,kol_133_wh_hl_01,2130,0.0,0.0,0.0
2026-09-27,kol_134_wh_hl_02,1107,0.0,0.0,0.0
2026-09-27,kol_135_wh_hl_01,1554,0.0,0.0,0.0
2026-09-27,kol_136_wh_hl_01,2373,0.0,0.0,0.0
2026-09-27,kol_137_wh_hl_01,382,0.0,0.0,0.0
2026-09-27,kol_138_wh_hl_01,1170,0.0,0.0,0.0
2026-09-27,kol_139_wh_hl_01,1038,0.0,0.0,0.0
2026-09-27,kol_141_wh_hl_01,1675,0.0,0.0,0.0
2026-09-27,kol_142_wh_hl_01,1352,0.0,0.0,0.0
2026-09-27,kol_143_wh_hl_01,1721,0.0,0.0,0.0
2026-09-27,kol_144_wh_hl_01,2,0.0,0.0,0.0
2026-09-27,kol_145_wh_hl_01,629,0.0,0.0,0.0
2026-09-27,kol_147_wh_hl_01,853,0.0,0.0,0.0
2026-09-27,kol_149_wh_hl_01,393,0.0,0.0,0.0
2026-09-27,kol_150_wh_hl_01,2699,0.0,0.0,0.0
2026-09-27,kol_154_wh_hl_01,339,0.0,0.0,0.0
2026-09-27,kol_155_wh_hl_01,1085,0.0,0.0,0.0
2026-09-27,kol_156_wh_hl_01,144,0.0,0.0,0.0
2026-09-27,kol_157_wh_hl_01,346,0.0,0.0,0.0
2026-09-27,kol_158_wh_hl_01,1,0.0,0.0,0.0
2026-09-27,kol_159_wh_hl_01,189,0.0,0.0,0.0
2026-09-27,kol_160_wh_hl_01,2429,0.0,0.0,0.0
2026-09-27,kol_162_wh_hl_01,235,0.0,0.0,0.0
2026-09-27,kol_163_wh_hl_01,1773,0.0,0.0,0.0
2026-09-27,kol_164_wh_hl_01,2017,0.0,0.0,0.0
2026-09-27,kol_166_wh_hl_01,1738,0.0,0.0,0.0
2026-09-27,kol_167_wh_hl_01,1,0.0,0.0,0.0
2026-09-27,kol_171_wh_hl_01,1524,0.0,0.0,0.0
2026-09-27,kol_172_wh_hl_01,1630,0.0,0.0,0.0
2026-09-27,kol_173_wh_hl_01,1,0.0,0.0,0.0
2026-09-27,kol_175_wh_hl_01,800,0.0,0.0,0.0
2026-09-27,kol_176_wh_hl_01,307,0.0,0.0,0.0
2026-09-27,kol_177_wh_hl_01,44,0.0,0.0,0.0
2026-09-27,kol_180_wh_hl_01,1214,0.0,0.0,0.0
2026-09-27,kol_184_wh_hl_01,79,0.0,0.0,0.0
2026-09-27,kol_189_wh_hl_01,1,0.0,0.0,0.0
2026-09-27,kol_191_wh_hl_01,155,0.0,0.0,0.0
2026-09-27,kol_193_wh_hl_01,2309,0.0,0.0,0.0
2026-09-27,kol_194_wh_hl_01,248,0.0,0.0,0.0
2026-09-27,kol_195_wh_hl_01,1998,0.0,0.0,0.0
2026-09-27,kol_196_wh_hl_01,316,0.0,0.0,0.0
2026-09-27,kol_197_wh_hl_01,1264,0.0,0.0,0.0
2026-09-27,kol_198_wh_hl_01,998,0.0,0.0,0.0
2026-09-27,kol_200_wh_hl_01,1025,0.0,0.0,0.0
2026-09-27,kol_204_wh_hl_01,1024,0.0,0.0,0.0
2026-09-27,kol_205_wh_hl_01,570,0.0,0.0,0.0
2026-09-27,kol_207_wh_hl_01,274,0.0,0.0,0.0
2026-09-27,kol_208_wh_hl_01,1125,0.0,0.0,0.0
2026-09-27,kol_209_wh_hl_01,1595,0.0,0.0,0.0
2026-09-27,kol_210_wh_hl_01,117,0.0,0.0,0.0
2026-09-27,kol_212_wh_hl_01,45,0.0,0.0,0.0
2026-09-27,kol_213_wh_hl_01,1923,0.0,0.0,0.0
2026-09-27,kol_218_wh_hl_01,1233,0.0,0.0,0.0
2026-09-27,kol_902_wh_hl_01,875,0.0,0.0,0.0
2026-09-27,koz_101_wh_hl_01,2,0.0,0.0,0.0
2026-09-27,koz_103_wh_hl_01,61,0.0,0.0,0.0
2026-09-27,koz_104_wh_hl_01,75,0.0,0.0,0.0
2026-09-27,koz_105_wh_hl_01,682,0.0,0.0,0.0
2026-09-27,luc_101_wh_hl_01,40,0.0,0.0,0.0
2026-09-27,luc_102_wh_hl_01,3,0.0,0.0,0.0
2026-09-27,luc_104_wh_hl_01,1530,0.0,0.0,0.0
2026-09-27,luc_105_wh_hl_01,1128,0.0,0.0,0.0
2026-09-27,luc_108_wh_hl_01,3,0.0,0.0,0.0
2026-09-27,luc_110_wh_hl_01,2661,0.0,0.0,0.0
2026-09-27,luc_111_wh_hl_01,1429,0.0,0.0,0.0
2026-09-27,luc_112_wh_hl_01,1755,0.0,0.0,0.0
2026-09-27,luc_114_wh_hl_01,421,0.0,0.0,0.0
2026-09-27,luc_115_wh_hl_01,396,0.0,0.0,0.0
2026-09-27,luc_116_wh_hl_01,790,0.0,0.0,0.0
2026-09-27,luc_117_wh_hl_01,141,0.0,0.0,0.0
2026-09-27,luc_118_wh_hl_01,3,0.0,0.0,0.0
2026-09-27,luc_119_wh_hl_01,1009,0.0,0.0,0.0
2026-09-27,luc_120_wh_hl_01,526,0.0,0.0,0.0
2026-09-27,luc_121_wh_hl_01,1458,0.0,0.0,0.0
2026-09-27,luc_122_wh_hl_01,1221,0.0,0.0,0.0
2026-09-27,luc_124_wh_hl_01,1,0.0,0.0,0.0
2026-09-27,luc_125_wh_hl_01,662,0.0,0.0,0.0
2026-09-27,luc_127_wh_hl_01,735,0.0,0.0,0.0
2026-09-27,luc_128_wh_hl_01,122,0.0,0.0,0.0
2026-09-27,luc_129_wh_hl_01,834,0.0,0.0,0.0
2026-09-27,luc_130_wh_hl_01,336,0.0,0.0,0.0
2026-09-27,luc_133_wh_hl_01,310,0.0,0.0,0.0
2026-09-27,luc_134_wh_hl_01,476,0.0,0.0,0.0
2026-09-27,lud_101_wh_hl_01,259,0.0,0.0,0.0
2026-09-27,lud_102_wh_hl_01,15,0.0,0.0,0.0
2026-09-27,lud_103_wh_hl_01,682,0.0,0.0,0.0
2026-09-27,lud_104_wh_hl_01,5,0.0,0.0,0.0
2026-09-27,mad_101_wh_hl_01,12,0.0,0.0,0.0
2026-09-27,mor_101_wh_hl_01,6,0.0,0.0,0.0
2026-09-27,mum_010_wh_hl_01,19,0.0,0.0,0.0
2026-09-27,mum_011_wh_hl_01,19,0.0,0.0,0.0
2026-09-27,mum_012_wh_hl_01,9,0.0,0.0,0.0
2026-09-27,mum_016_wh_hl_02,8,0.0,0.0,0.0
2026-09-27,mum_018_wh_hl_01,10,0.0,0.0,0.0
2026-09-27,mum_021_wh_hl_01,96,0.0,0.0,0.0
2026-09-27,mum_024_wh_hl_01,42,0.0,0.0,0.0
2026-09-27,mum_025_wh_hl_01,16,0.0,0.0,0.0
2026-09-27,mum_033_wh_hl_01,141,0.0,0.0,0.0
2026-09-27,mum_037_wh_hl_01,190,0.0,0.0,0.0
2026-09-27,mum_043_wh_hl_01,7,0.0,0.0,0.0
2026-09-27,mum_061_wh_hl_01,11,0.0,0.0,0.0
2026-09-27,mum_063_wh_hl_01,17,0.0,0.0,0.0
2026-09-27,mum_064_wh_hl_01,12,0.0,0.0,0.0
2026-09-27,mum_066_wh_hl_01,871,0.0,0.0,0.0
2026-09-27,mum_067_wh_hl_01,14,0.0,0.0,0.0
2026-09-27,mum_071_wh_hl_01,20,0.0,0.0,0.0
2026-09-27,mum_072_wh_hl_01,7,0.0,0.0,0.0
2026-09-27,mum_075_wh_hl_01,610,0.0,0.0,0.0
2026-09-27,mum_079_wh_hl_01,12,0.0,0.0,0.0
2026-09-27,mum_080_wh_hl_01,225,0.0,0.0,0.0
2026-09-27,mum_102_wh_hl_01,3495,0.0,0.0,0.0
2026-09-27,mum_103_wh_hl_01,20,0.0,0.0,0.0
2026-09-27,mum_105_wh_hl_01,3488,0.0,0.0,0.0
2026-09-27,mum_107_wh_hl_01,2894,0.0,0.0,0.0
2026-09-27,mum_108_wh_hl_01,8,0.0,0.0,0.0
2026-09-27,mum_109_wh_hl_01,18,0.0,0.0,0.0
2026-09-27,mum_112_wh_hl_01,2318,0.0,0.0,0.0
2026-09-27,mum_113_wh_hl_01,19,0.0,0.0,0.0
2026-09-27,mum_114_wh_hl_01,1042,0.0,0.0,0.0
2026-09-27,mum_115_wh_hl_01,1012,0.0,0.0,0.0
2026-09-27,mum_116_wh_hl_01,331,0.0,0.0,0.0
2026-09-27,mum_117_wh_hl_01,20,0.0,0.0,0.0
2026-09-27,mum_118_wh_hl_01,3494,0.0,0.0,0.0
2026-09-27,mum_122_wh_hl_01,11,0.0,0.0,0.0
2026-09-27,mum_126_wh_hl_01,440,0.0,0.0,0.0
2026-09-27,mum_127_wh_hl_01,10,0.0,0.0,0.0
2026-09-27,mum_129_wh_hl_01,210,0.0,0.0,0.0
2026-09-27,mum_131_wh_hl_01,5,0.0,0.0,0.0
2026-09-27,mum_132_wh_hl_01,8,0.0,0.0,0.0
2026-09-27,mum_133_wh_hl_01,5,0.0,0.0,0.0
2026-09-27,mum_134_wh_hl_01,255,0.0,0.0,0.0
2026-09-27,mum_137_wh_hl_01,3201,0.0,0.0,0.0
2026-09-27,mum_138_wh_hl_01,7,0.0,0.0,0.0
2026-09-27,mum_140_wh_hl_01,902,0.0,0.0,0.0
2026-09-27,mum_142_wh_hl_01,21,0.0,0.0,0.0
2026-09-27,mum_144_wh_hl_01,7,0.0,0.0,0.0
2026-09-27,mum_148_wh_hl_01,7,0.0,0.0,0.0
2026-09-27,mum_150_wh_hl_01,5,0.0,0.0,0.0
2026-09-27,mum_151_wh_hl_01,676,0.0,0.0,0.0
2026-09-27,mum_152_wh_hl_01,8,0.0,0.0,0.0
2026-09-27,mum_158_wh_hl_01,10,0.0,0.0,0.0
2026-09-27,mum_159_wh_hl_01,251,0.0,0.0,0.0
2026-09-27,mum_160_wh_hl_01,6,0.0,0.0,0.0
2026-09-27,mum_165_wh_hl_01,22,0.0,0.0,0.0
2026-09-27,mum_168_wh_hl_01,9,0.0,0.0,0.0
2026-09-27,mum_170_wh_hl_01,10,0.0,0.0,0.0
2026-09-27,mum_171_wh_hl_01,15,0.0,0.0,0.0
2026-09-27,mum_172_wh_hl_01,5,0.0,0.0,0.0
2026-09-27,mum_173_wh_hl_01,38,0.0,0.0,0.0
2026-09-27,mum_174_wh_hl_01,9,0.0,0.0,0.0
2026-09-27,mum_175_wh_hl_01,452,0.0,0.0,0.0
2026-09-27,mum_176_wh_hl_01,1068,0.0,0.0,0.0
2026-09-27,mum_178_wh_hl_01,164,0.0,0.0,0.0
2026-09-27,mum_181_wh_hl_01,14,0.0,0.0,0.0
2026-09-27,mum_182_wh_hl_01,9,0.0,0.0,0.0
2026-09-27,mum_183_wh_hl_01,940,0.0,0.0,0.0
2026-09-27,mum_186_wh_hl_01,4,0.0,0.0,0.0
2026-09-27,mum_187_wh_hl_01,5,0.0,0.0,0.0
2026-09-27,mum_189_wh_hl_01,831,0.0,0.0,0.0
2026-09-27,mum_190_wh_hl_01,10,0.0,0.0,0.0
2026-09-27,mum_191_wh_hl_01,9,0.0,0.0,0.0
2026-09-27,mum_200_wh_hl_01,6,0.0,0.0,0.0
2026-09-27,mum_205_wh_hl_01,6,0.0,0.0,0.0
2026-09-27,mum_207_wh_hl_01,5,0.0,0.0,0.0
2026-09-27,mum_901_wh_hl_01,6,0.0,0.0,0.0
2026-09-27,nag_105_wh_hl_01,4,0.0,0.0,0.0
2026-09-27,nag_110_wh_hl_01,5,0.0,0.0,0.0
2026-09-27,noi_038_wh_hl_01,1,0.0,0.0,0.0
2026-09-27,noi_102_wh_hl_01,41,0.0,0.0,0.0
2026-09-27,noi_103_wh_hl_01,1,0.0,0.0,0.0
2026-09-27,noi_104_wh_hl_01,1,0.0,0.0,0.0
2026-09-27,noi_105_wh_hl_01,4,0.0,0.0,0.0
2026-09-27,noi_106_wh_hl_01,1160,0.0,0.0,0.0
2026-09-27,noi_107_wh_hl_01,57,0.0,0.0,0.0
2026-09-27,noi_108_wh_hl_01,366,0.0,0.0,0.0
2026-09-27,noi_111_wh_hl_01,3555,0.0,0.0,0.0
2026-09-27,noi_112_wh_hl_01,1401,0.0,0.0,0.0
2026-09-27,noi_114_wh_hl_01,117,0.0,0.0,0.0
2026-09-27,noi_115_wh_hl_01,56,0.0,0.0,0.0
2026-09-27,noi_116_wh_hl_01,99,0.0,0.0,0.0
2026-09-27,noi_117_wh_hl_01,112,0.0,0.0,0.0
2026-09-27,noi_119_wh_hl_01,62,0.0,0.0,0.0
2026-09-27,noi_121_wh_hl_01,272,0.0,0.0,0.0
2026-09-27,noi_123_wh_hl_01,1,0.0,0.0,0.0
2026-09-27,noi_124_wh_hl_01,1,0.0,0.0,0.0
2026-09-27,noi_125_wh_hl_01,3,0.0,0.0,0.0
2026-09-27,noi_126_wh_hl_01,931,0.0,0.0,0.0
2026-09-27,noi_127_wh_hl_01,321,0.0,0.0,0.0
2026-09-27,noi_129_wh_hl_01,65,0.0,0.0,0.0
2026-09-27,noi_130_wh_hl_01,1,0.0,0.0,0.0
2026-09-27,noi_131_wh_hl_01,4,0.0,0.0,0.0
2026-09-27,noi_132_wh_hl_01,4,0.0,0.0,0.0
2026-09-27,noi_135_wh_hl_01,1,0.0,0.0,0.0
2026-09-27,noi_139_wh_hl_01,1,0.0,0.0,0.0
2026-09-27,noi_143_wh_hl_01,3,0.0,0.0,0.0
2026-09-27,noi_938_wh_hl_01,3,0.0,0.0,0.0
2026-09-27,pat_101_wh_hl_01,1596,0.0,0.0,0.0
2026-09-27,pat_102_wh_hl_01,3421,0.0,0.0,0.0
2026-09-27,pat_103_wh_hl_01,2090,0.0,0.0,0.0
2026-09-27,pat_104_wh_hl_01,1443,0.0,0.0,0.0
2026-09-27,pat_105_wh_hl_01,3,0.0,0.0,0.0
2026-09-27,pat_106_wh_hl_01,1503,0.0,0.0,0.0
2026-09-27,pat_107_wh_hl_01,2282,0.0,0.0,0.0
2026-09-27,pat_108_wh_hl_01,35,0.0,0.0,0.0
2026-09-27,pat_110_wh_hl_01,148,0.0,0.0,0.0
2026-09-27,pat_111_wh_hl_01,16,0.0,0.0,0.0
2026-09-27,pat_112_wh_hl_01,2,0.0,0.0,0.0
2026-09-27,pat_113_wh_hl_01,643,0.0,0.0,0.0
2026-09-27,pat_114_wh_hl_01,575,0.0,0.0,0.0
2026-09-27,pat_115_wh_hl_01,1528,0.0,0.0,0.0
2026-09-27,pat_116_wh_hl_01,1568,0.0,0.0,0.0
2026-09-27,pat_118_wh_hl_01,1633,0.0,0.0,0.0
2026-09-27,pat_119_wh_hl_01,1027,0.0,0.0,0.0
2026-09-27,pat_120_wh_hl_01,112,0.0,0.0,0.0
2026-09-27,pat_121_wh_hl_01,53,0.0,0.0,0.0
2026-09-27,pat_123_wh_hl_01,1188,0.0,0.0,0.0
2026-09-27,pra_102_wh_hl_01,356,0.0,0.0,0.0
2026-09-27,pra_106_wh_hl_01,71,0.0,0.0,0.0
2026-09-27,pun_101_wh_hl_01,18,0.0,0.0,0.0
2026-09-27,pun_102_wh_hl_01,440,0.0,0.0,0.0
2026-09-27,pun_103_wh_hl_01,90,0.0,0.0,0.0
2026-09-27,pun_104_wh_hl_01,8,0.0,0.0,0.0
2026-09-27,pun_105_wh_hl_01,13,0.0,0.0,0.0
2026-09-27,pun_106_wh_hl_01,289,0.0,0.0,0.0
2026-09-27,pun_107_wh_hl_01,75,0.0,0.0,0.0
2026-09-27,pun_108_wh_hl_01,42,0.0,0.0,0.0
2026-09-27,pun_109_wh_hl_01,27,0.0,0.0,0.0
2026-09-27,pun_110_wh_hl_01,25,0.0,0.0,0.0
2026-09-27,pun_111_wh_hl_01,32,0.0,0.0,0.0
2026-09-27,pun_112_wh_hl_01,29,0.0,0.0,0.0
2026-09-27,pun_114_wh_hl_01,1027,0.0,0.0,0.0
2026-09-27,pun_115_wh_hl_01,67,0.0,0.0,0.0
2026-09-27,pun_117_wh_hl_01,32,0.0,0.0,0.0
2026-09-27,pun_119_wh_hl_01,107,0.0,0.0,0.0
2026-09-27,pun_120_wh_hl_01,13,0.0,0.0,0.0
2026-09-27,pun_121_wh_hl_01,577,0.0,0.0,0.0
2026-09-27,pun_122_wh_hl_01,86,0.0,0.0,0.0
2026-09-27,pun_123_wh_hl_01,10,0.0,0.0,0.0
2026-09-27,pun_124_wh_hl_01,20,0.0,0.0,0.0
2026-09-27,pun_125_wh_hl_01,34,0.0,0.0,0.0
2026-09-27,pun_126_wh_hl_01,11,0.0,0.0,0.0
2026-09-27,pun_130_wh_hl_01,487,0.0,0.0,0.0
2026-09-27,pun_131_wh_hl_01,28,0.0,0.0,0.0
2026-09-27,pun_135_wh_hl_01,23,0.0,0.0,0.0
2026-09-27,pun_136_wh_hl_01,12,0.0,0.0,0.0
2026-09-27,pun_138_wh_hl_01,584,0.0,0.0,0.0
2026-09-27,pun_139_wh_hl_01,238,0.0,0.0,0.0
2026-09-27,pun_140_wh_hl_01,490,0.0,0.0,0.0
2026-09-27,pun_141_wh_hl_01,3,0.0,0.0,0.0
2026-09-27,pun_144_wh_hl_01,1537,0.0,0.0,0.0
2026-09-27,pun_145_wh_hl_01,264,0.0,0.0,0.0
2026-09-27,pun_146_wh_hl_01,319,0.0,0.0,0.0
2026-09-27,pun_148_wh_hl_01,23,0.0,0.0,0.0
2026-09-27,pun_149_wh_hl_01,251,0.0,0.0,0.0
2026-09-27,pun_150_wh_hl_01,18,0.0,0.0,0.0
2026-09-27,pun_152_wh_hl_01,19,0.0,0.0,0.0
2026-09-27,pun_153_wh_hl_01,242,0.0,0.0,0.0
2026-09-27,pun_154_wh_hl_01,28,0.0,0.0,0.0
2026-09-27,pun_156_wh_hl_01,777,0.0,0.0,0.0
2026-09-27,pun_159_wh_hl_01,184,0.0,0.0,0.0
2026-09-27,pun_160_wh_hl_01,145,0.0,0.0,0.0
2026-09-27,pun_161_wh_hl_01,556,0.0,0.0,0.0
2026-09-27,pun_918_wh_hl_01,12,0.0,0.0,0.0
2026-09-27,ras_102_wh_hl_01,49,0.0,0.0,0.0
2026-09-27,rbi_101_wh_hl_01,218,0.0,0.0,0.0
2026-09-27,rbi_104_wh_hl_01,285,0.0,0.0,0.0
2026-09-27,rbi_105_wh_hl_01,1328,0.0,0.0,0.0
2026-09-27,rbi_106_wh_hl_01,2856,0.0,0.0,0.0
2026-09-27,rbi_107_wh_hl_01,228,0.0,0.0,0.0
2026-09-27,rbi_110_wh_hl_01,19,0.0,0.0,0.0
2026-09-27,rbi_111_wh_hl_01,21,0.0,0.0,0.0
2026-09-27,rbi_114_wh_hl_01,254,0.0,0.0,0.0
2026-09-27,rbi_115_wh_hl_01,693,0.0,0.0,0.0
2026-09-27,rbi_117_wh_hl_01,2030,0.0,0.0,0.0
2026-09-27,rbi_118_wh_hl_01,9,0.0,0.0,0.0
2026-09-27,rbi_121_wh_hl_01,64,0.0,0.0,0.0
2026-09-27,rbi_126_wh_hl_01,4,0.0,0.0,0.0
2026-09-27,rbi_131_wh_hl_01,3,0.0,0.0,0.0
2026-09-27,rbi_133_wh_hl_01,2,0.0,0.0,0.0
2026-09-27,rbi_134_wh_hl_01,740,0.0,0.0,0.0
2026-09-27,rbi_135_wh_hl_01,94,0.0,0.0,0.0
2026-09-27,rbi_138_wh_hl_01,881,0.0,0.0,0.0
2026-09-27,rbi_139_wh_hl_01,217,0.0,0.0,0.0
2026-09-27,rbi_140_wh_hl_01,7,0.0,0.0,0.0
2026-09-27,rgt_104_wh_hl_01,1,0.0,0.0,0.0
2026-09-27,rjh_103_wh_hl_01,247,0.0,0.0,0.0
2026-09-27,rjh_104_wh_hl_01,259,0.0,0.0,0.0
2026-09-27,rjh_105_wh_hl_01,1,0.0,0.0,0.0
2026-09-27,rka_111_wh_hl_01,74,0.0,0.0,0.0
2026-09-27,rka_117_wh_hl_01,2,0.0,0.0,0.0
2026-09-27,rka_118_wh_hl_01,14,0.0,0.0,0.0
2026-09-27,rka_119_wh_hl_01,12,0.0,0.0,0.0
2026-09-27,rka_122_wh_hl_01,60,0.0,0.0,0.0
2026-09-27,rka_125_wh_hl_01,22,0.0,0.0,0.0
2026-09-27,rka_901_wh_hl_01,372,0.0,0.0,0.0
2026-09-27,rok_102_wh_hl_01,393,0.0,0.0,0.0
2026-09-27,rok_107_wh_hl_01,1029,0.0,0.0,0.0
2026-09-27,rok_108_wh_hl_01,295,0.0,0.0,0.0
2026-09-27,rok_109_wh_hl_01,22,0.0,0.0,0.0
2026-09-27,roo_104_wh_hl_01,1239,0.0,0.0,0.0
2026-09-27,roo_105_wh_hl_01,190,0.0,0.0,0.0
2026-09-27,roo_113_wh_hl_01,140,0.0,0.0,0.0
2026-09-27,rpu_101_wh_hl_01,102,0.0,0.0,0.0
2026-09-27,rpu_102_wh_hl_01,20,0.0,0.0,0.0
2026-09-27,rpu_115_wh_hl_01,11,0.0,0.0,0.0
2026-09-27,rpu_122_wh_hl_01,334,0.0,0.0,0.0
2026-09-27,rta_101_wh_hl_01,64,0.0,0.0,0.0
2026-09-27,rta_102_wh_hl_01,12,0.0,0.0,0.0
2026-09-27,rta_104_wh_hl_01,247,0.0,0.0,0.0
2026-09-27,rta_105_wh_hl_01,32,0.0,0.0,0.0
2026-09-27,rta_106_wh_hl_01,96,0.0,0.0,0.0
2026-09-27,rta_110_wh_hl_01,611,0.0,0.0,0.0
2026-09-27,rta_111_wh_hl_01,349,0.0,0.0,0.0
2026-09-27,rta_113_wh_hl_01,22,0.0,0.0,0.0
2026-09-27,rte_101_wh_hl_01,70,0.0,0.0,0.0
2026-09-27,ruk_101_wh_hl_01,285,0.0,0.0,0.0
2026-09-27,rup_101_wh_hl_01,198,0.0,0.0,0.0
2026-09-27,rup_102_wh_hl_01,264,0.0,0.0,0.0
2026-09-27,rup_103_wh_hl_01,1955,0.0,0.0,0.0
2026-09-27,rup_104_wh_hl_01,2520,0.0,0.0,0.0
2026-09-27,rup_105_wh_hl_01,2036,0.0,0.0,0.0
2026-09-27,rup_107_wh_hl_01,259,0.0,0.0,0.0
2026-09-27,rup_111_wh_hl_01,1,0.0,0.0,0.0
2026-09-27,rup_112_wh_hl_01,576,0.0,0.0,0.0
2026-09-27,rup_113_wh_hl_01,402,0.0,0.0,0.0
2026-09-27,rup_115_wh_hl_01,60,0.0,0.0,0.0
2026-09-27,rup_116_wh_hl_01,165,0.0,0.0,0.0
2026-09-27,rup_118_wh_hl_01,333,0.0,0.0,0.0
2026-09-27,rup_126_wh_hl_01,60,0.0,0.0,0.0
2026-09-27,rup_127_wh_hl_01,38,0.0,0.0,0.0
2026-09-27,rup_128_wh_hl_01,264,0.0,0.0,0.0
2026-09-27,rup_129_wh_hl_01,1,0.0,0.0,0.0
2026-09-27,rup_133_wh_hl_01,1,0.0,0.0,0.0
2026-09-27,rup_137_wh_hl_01,460,0.0,0.0,0.0
2026-09-27,rup_142_wh_hl_01,1533,0.0,0.0,0.0
2026-09-27,rwb_102_wh_hl_01,247,0.0,0.0,0.0
2026-09-27,rwb_104_wh_hl_01,937,0.0,0.0,0.0
2026-09-27,rwb_107_wh_hl_01,315,0.0,0.0,0.0
2026-09-27,rwb_109_wh_hl_01,958,0.0,0.0,0.0
2026-09-27,rwb_111_wh_hl_01,776,0.0,0.0,0.0
2026-09-27,rwb_113_wh_hl_01,10,0.0,0.0,0.0
2026-09-27,rwb_115_wh_hl_01,141,0.0,0.0,0.0
2026-09-27,rwb_119_wh_hl_01,158,0.0,0.0,0.0
2026-09-27,vad_101_wh_hl_01,1797,0.0,0.0,0.0
2026-09-27,vad_102_wh_hl_01,1830,0.0,0.0,0.0
2026-09-27,vad_104_wh_hl_01,227,0.0,0.0,0.0
2026-09-27,vad_105_wh_hl_01,1304,0.0,0.0,0.0
2026-09-27,vad_106_wh_hl_01,2288,0.0,0.0,0.0
2026-09-27,vad_109_wh_hl_01,80,0.0,0.0,0.0
2026-09-27,var_101_wh_hl_01,2894,0.0,0.0,0.0
2026-09-27,var_105_wh_hl_01,400,0.0,0.0,0.0
2026-09-27,var_107_wh_hl_01,483,0.0,0.0,0.0
2026-09-27,var_108_wh_hl_01,752,0.0,0.0,0.0
2026-09-27,vel_101_wh_hl_01,1349,0.0,0.0,0.0
2026-09-27,vel_103_wh_hl_01,2150,0.0,0.0,0.0
2026-09-27,viz_101_wh_hl_01,131,0.0,0.0,0.0
2026-09-27,viz_102_wh_hl_01,97,0.0,0.0,0.0
2026-09-27,viz_106_wh_hl_01,115,0.0,0.0,0.0
2026-09-27,viz_107_wh_hl_01,81,0.0,0.0,0.0
2026-09-27,viz_109_wh_hl_01,116,0.0,0.0,0.0
2026-09-28,ahm_101_wh_hl_01,2336,0.0,0.0,0.0
2026-09-28,ahm_102_wh_hl_01,2371,0.0,0.0,0.0
2026-09-28,ahm_103_wh_hl_01,12,0.0,0.0,0.0
2026-09-28,ahm_104_wh_hl_01,2669,0.0,0.0,0.0
2026-09-28,ahm_107_wh_hl_01,358,0.0,0.0,0.0
2026-09-28,ahm_109_wh_hl_01,1313,0.0,0.0,0.0
2026-09-28,ahm_111_wh_hl_01,67,0.0,0.0,0.0
2026-09-28,ahm_112_wh_hl_01,169,0.0,0.0,0.0
2026-09-28,ahm_113_wh_hl_01,1,0.0,0.0,0.0
2026-09-28,ahm_114_wh_hl_01,1545,0.0,0.0,0.0
2026-09-28,ahm_115_wh_hl_01,99,0.0,0.0,0.0
2026-09-28,ahm_119_wh_hl_01,2795,0.0,0.0,0.0
2026-09-28,ahm_120_wh_hl_01,3,0.0,0.0,0.0
2026-09-28,ahm_122_wh_hl_01,2594,0.0,0.0,0.0
2026-09-28,ahm_124_wh_hl_01,318,0.0,0.0,0.0
2026-09-28,ahm_126_wh_hl_01,4175,0.0,0.0,0.0
2026-09-28,ahm_127_wh_hl_01,2469,0.0,0.0,0.0
2026-09-28,ahm_128_wh_hl_01,2782,0.0,0.0,0.0
2026-09-28,ahm_129_wh_hl_01,150,0.0,0.0,0.0
2026-09-28,ahm_130_wh_hl_01,1652,0.0,0.0,0.0
2026-09-28,ahm_131_wh_hl_01,2497,0.0,0.0,0.0
2026-09-28,ahm_132_wh_hl_01,1651,0.0,0.0,0.0
2026-09-28,ahm_133_wh_hl_01,3299,0.0,0.0,0.0
2026-09-28,ahm_134_wh_hl_01,31,0.0,0.0,0.0
2026-09-28,ahm_135_wh_hl_01,2301,0.0,0.0,0.0
2026-09-28,ahm_136_wh_hl_01,787,0.0,0.0,0.0
2026-09-28,ahm_141_wh_hl_01,524,0.0,0.0,0.0
2026-09-28,ahm_142_wh_hl_01,40,0.0,0.0,0.0
2026-09-28,ahm_917_wh_hl_01,948,0.0,0.0,0.0
2026-09-28,amr_102_wh_hl_01,681,0.0,0.0,0.0
2026-09-28,amr_103_wh_hl_01,691,0.0,0.0,0.0
2026-09-28,amr_104_wh_hl_01,399,0.0,0.0,0.0
2026-09-28,bar_102_wh_hl_01,806,0.0,0.0,0.0
2026-09-28,bar_103_wh_hl_01,1,0.0,0.0,0.0
2026-09-28,bar_104_wh_hl_01,4,0.0,0.0,0.0
2026-09-28,ben_003_wh_hl_01,425,0.0,0.0,0.0
2026-09-28,ben_007_wh_hl_01,5668,0.0,0.0,0.0
2026-09-28,ben_013_wh_hl_01,214,0.0,0.0,0.0
2026-09-28,ben_016_wh_hl_01,409,0.0,0.0,0.0
2026-09-28,ben_017_wh_hl_01,3607,0.0,0.0,0.0
2026-09-28,ben_018_wh_hl_01,1726,0.0,0.0,0.0
2026-09-28,ben_024_wh_hl_01,2170,0.0,0.0,0.0
2026-09-28,ben_027_wh_hl_01,3819,0.0,0.0,0.0
2026-09-28,ben_029_wh_hl_01,1600,0.0,0.0,0.0
2026-09-28,ben_031_wh_hl_01,1782,0.0,0.0,0.0
2026-09-28,ben_034_wh_hl_01,2618,0.0,0.0,0.0
2026-09-28,ben_036_wh_hl_01,4415,0.0,0.0,0.0
2026-09-28,ben_039_wh_hl_01,343,0.0,0.0,0.0
2026-09-28,ben_040_wh_hl_01,1890,0.0,0.0,0.0
2026-09-28,ben_042_wh_hl_01,1303,0.0,0.0,0.0
2026-09-28,ben_043_wh_hl_01,1878,0.0,0.0,0.0
2026-09-28,ben_050_wh_hl_01,3824,0.0,0.0,0.0
2026-09-28,ben_054_wh_hl_01,3544,0.0,0.0,0.0
2026-09-28,ben_055_wh_hl_01,646,0.0,0.0,0.0
2026-09-28,ben_056_wh_hl_01,656,0.0,0.0,0.0
2026-09-28,ben_057_wh_hl_01,255,0.0,0.0,0.0
2026-09-28,ben_058_wh_hl_01,283,0.0,0.0,0.0
2026-09-28,ben_060_wh_hl_01,1015,0.0,0.0,0.0
2026-09-28,ben_061_wh_hl_01,1636,0.0,0.0,0.0
2026-09-28,ben_062_wh_hl_01,223,0.0,0.0,0.0
2026-09-28,ben_063_wh_hl_01,3082,0.0,0.0,0.0
2026-09-28,ben_102_wh_hl_01,1200,0.0,0.0,0.0
2026-09-28,ben_103_wh_hl_01,360,0.0,0.0,0.0
2026-09-28,ben_104_wh_hl_01,175,0.0,0.0,0.0
2026-09-28,ben_105_wh_hl_01,1618,0.0,0.0,0.0
2026-09-28,ben_106_wh_hl_01,764,0.0,0.0,0.0
2026-09-28,ben_107_wh_hl_01,3175,0.0,0.0,0.0
2026-09-28,ben_108_wh_hl_01,745,0.0,0.0,0.0
2026-09-28,ben_110_wh_hl_01,3088,0.0,0.0,0.0
2026-09-28,ben_112_wh_hl_01,1205,0.0,0.0,0.0
2026-09-28,ben_113_wh_hl_01,557,0.0,0.0,0.0
2026-09-28,ben_114_wh_hl_01,1842,0.0,0.0,0.0
2026-09-28,ben_115_wh_hl_01,347,0.0,0.0,0.0
2026-09-28,ben_116_wh_hl_01,874,0.0,0.0,0.0
2026-09-28,ben_117_wh_hl_01,5947,0.0,0.0,0.0
2026-09-28,ben_118_wh_hl_01,1552,0.0,0.0,0.0
2026-09-28,ben_119_wh_hl_01,775,0.0,0.0,0.0
2026-09-28,ben_120_wh_hl_01,1979,0.0,0.0,0.0
2026-09-28,ben_121_wh_hl_01,4321,0.0,0.0,0.0
2026-09-28,ben_123_wh_hl_01,1193,0.0,0.0,0.0
2026-09-28,ben_125_wh_hl_01,3777,0.0,0.0,0.0
2026-09-28,ben_127_wh_hl_01,802,0.0,0.0,0.0
2026-09-28,ben_128_wh_hl_01,1647,0.0,0.0,0.0
2026-09-28,ben_133_wh_hl_01,1629,0.0,0.0,0.0
2026-09-28,ben_135_wh_hl_01,5304,0.0,0.0,0.0
2026-09-28,ben_136_wh_hl_01,299,0.0,0.0,0.0
2026-09-28,ben_137_wh_hl_01,2226,0.0,0.0,0.0
2026-09-28,ben_138_wh_hl_01,140,0.0,0.0,0.0
2026-09-28,ben_140_wh_hl_01,2936,0.0,0.0,0.0
2026-09-28,ben_141_wh_hl_01,400,0.0,0.0,0.0
2026-09-28,ben_143_wh_hl_01,2986,0.0,0.0,0.0
2026-09-28,ben_144_wh_hl_01,2585,0.0,0.0,0.0
2026-09-28,ben_145_wh_hl_01,2451,0.0,0.0,0.0
2026-09-28,ben_147_wh_hl_01,709,0.0,0.0,0.0
2026-09-28,ben_150_wh_hl_01,1926,0.0,0.0,0.0
2026-09-28,ben_152_wh_hl_01,1185,0.0,0.0,0.0
2026-09-28,ben_153_wh_hl_01,1480,0.0,0.0,0.0
2026-09-28,ben_155_wh_hl_01,9,0.0,0.0,0.0
2026-09-28,ben_160_wh_hl_01,111,0.0,0.0,0.0
2026-09-28,ben_162_wh_hl_01,3948,0.0,0.0,0.0
2026-09-28,ben_163_wh_hl_01,361,0.0,0.0,0.0
2026-09-28,ben_166_wh_hl_01,1236,0.0,0.0,0.0
2026-09-28,ben_167_wh_hl_01,255,0.0,0.0,0.0
2026-09-28,ben_172_wh_hl_01,1054,0.0,0.0,0.0
2026-09-28,ben_174_wh_hl_01,779,0.0,0.0,0.0
2026-09-28,ben_176_wh_hl_01,91,0.0,0.0,0.0
2026-09-28,ben_178_wh_hl_01,1318,0.0,0.0,0.0
2026-09-28,ben_179_wh_hl_01,263,0.0,0.0,0.0
2026-09-28,ben_180_wh_hl_01,428,0.0,0.0,0.0
2026-09-28,ben_184_wh_hl_01,2866,0.0,0.0,0.0
2026-09-28,ben_185_wh_hl_01,1625,0.0,0.0,0.0
2026-09-28,ben_186_wh_hl_01,1635,0.0,0.0,0.0
2026-09-28,ben_191_wh_hl_01,183,0.0,0.0,0.0
2026-09-28,ben_193_wh_hl_01,3693,0.0,0.0,0.0
2026-09-28,ben_194_wh_hl_01,1817,0.0,0.0,0.0
2026-09-28,ben_195_wh_hl_01,1062,0.0,0.0,0.0
2026-09-28,ben_196_wh_hl_01,2146,0.0,0.0,0.0
2026-09-28,ben_198_wh_hl_01,588,0.0,0.0,0.0
2026-09-28,ben_201_wh_hl_01,895,0.0,0.0,0.0
2026-09-28,ben_204_wh_hl_01,632,0.0,0.0,0.0
2026-09-28,ben_205_wh_hl_01,374,0.0,0.0,0.0
2026-09-28,ben_206_wh_hl_01,425,0.0,0.0,0.0
2026-09-28,ben_210_wh_hl_01,2453,0.0,0.0,0.0
2026-09-28,ben_214_wh_hl_01,476,0.0,0.0,0.0
2026-09-28,ben_216_wh_hl_01,660,0.0,0.0,0.0
2026-09-28,ben_217_wh_hl_01,443,0.0,0.0,0.0
2026-09-28,ben_218_wh_hl_01,383,0.0,0.0,0.0
2026-09-28,ben_219_wh_hl_01,1550,0.0,0.0,0.0
2026-09-28,ben_222_wh_hl_01,923,0.0,0.0,0.0
2026-09-28,ben_223_wh_hl_01,2166,0.0,0.0,0.0
2026-09-28,ben_224_wh_hl_01,2411,0.0,0.0,0.0
2026-09-28,ben_225_wh_hl_01,1254,0.0,0.0,0.0
2026-09-28,ben_226_wh_hl_01,3,0.0,0.0,0.0
2026-09-28,ben_227_wh_hl_01,464,0.0,0.0,0.0
2026-09-28,ben_228_wh_hl_01,677,0.0,0.0,0.0
2026-09-28,ben_229_wh_hl_01,451,0.0,0.0,0.0
2026-09-28,ben_231_wh_hl_01,686,0.0,0.0,0.0
2026-09-28,ben_232_wh_hl_01,2,0.0,0.0,0.0
2026-09-28,ben_234_wh_hl_01,2960,0.0,0.0,0.0
2026-09-28,ben_235_wh_hl_01,1529,0.0,0.0,0.0
2026-09-28,ben_238_wh_hl_01,602,0.0,0.0,0.0
2026-09-28,ben_240_wh_hl_01,228,0.0,0.0,0.0
2026-09-28,ben_241_wh_hl_01,1789,0.0,0.0,0.0
2026-09-28,ben_242_wh_hl_01,443,0.0,0.0,0.0
2026-09-28,ben_243_wh_hl_01,2123,0.0,0.0,0.0
2026-09-28,ben_247_wh_hl_01,8,0.0,0.0,0.0
2026-09-28,ben_248_wh_hl_01,1648,0.0,0.0,0.0
2026-09-28,ben_250_wh_hl_01,43,0.0,0.0,0.0
2026-09-28,ben_256_wh_hl_01,491,0.0,0.0,0.0
2026-09-28,ben_257_wh_hl_01,1583,0.0,0.0,0.0
2026-09-28,ben_258_wh_hl_01,181,0.0,0.0,0.0
2026-09-28,ben_265_wh_hl_01,95,0.0,0.0,0.0
2026-09-28,ben_278_wh_hl_01,683,0.0,0.0,0.0
2026-09-28,ben_286_wh_hl_01,1,0.0,0.0,0.0
2026-09-28,ben_287_wh_hl_01,974,0.0,0.0,0.0
2026-09-28,ben_288_wh_hl_01,1522,0.0,0.0,0.0
2026-09-28,ben_901_wh_hl_01,1670,0.0,0.0,0.0
2026-09-28,ben_908_wh_hl_01,227,0.0,0.0,0.0
2026-09-28,ben_917_wh_hl_01,2035,0.0,0.0,0.0
2026-09-28,bhp_104_wh_hl_01,317,0.0,0.0,0.0
2026-09-28,bhp_106_wh_hl_01,149,0.0,0.0,0.0
2026-09-28,bhp_107_wh_hl_01,296,0.0,0.0,0.0
2026-09-28,bhp_108_wh_hl_01,367,0.0,0.0,0.0
2026-09-28,bhp_109_wh_hl_01,22,0.0,0.0,0.0
2026-09-28,bhu_101_wh_hl_01,3807,0.0,0.0,0.0
2026-09-28,bhu_103_wh_hl_01,653,0.0,0.0,0.0
2026-09-28,bhu_105_wh_hl_01,1328,0.0,0.0,0.0
2026-09-28,bhu_106_wh_hl_01,1120,0.0,0.0,0.0
2026-09-28,bhu_107_wh_hl_01,2083,0.0,0.0,0.0
2026-09-28,bhu_108_wh_hl_01,2746,0.0,0.0,0.0
2026-09-28,bhu_109_wh_hl_01,1298,0.0,0.0,0.0
2026-09-28,bhu_110_wh_hl_01,571,0.0,0.0,0.0
2026-09-28,bhu_115_wh_hl_01,53,0.0,0.0,0.0
2026-09-28,cha_102_wh_hl_01,2385,0.0,0.0,0.0
2026-09-28,cha_104_wh_hl_01,2785,0.0,0.0,0.0
2026-09-28,cha_107_wh_hl_01,309,0.0,0.0,0.0
2026-09-28,cha_108_wh_hl_01,2699,0.0,0.0,0.0
2026-09-28,che_101_wh_hl_02,2674,0.0,0.0,0.0
2026-09-28,che_102_wh_hl_01,1164,0.0,0.0,0.0
2026-09-28,che_103_wh_hl_01,2645,0.0,0.0,0.0
2026-09-28,che_104_wh_hl_01,1176,0.0,0.0,0.0
2026-09-28,che_105_wh_hl_01,3230,0.0,0.0,0.0
2026-09-28,che_107_wh_hl_01,3829,0.0,0.0,0.0
2026-09-28,che_110_wh_hl_01,176,0.0,0.0,0.0
2026-09-28,che_111_wh_hl_01,1207,0.0,0.0,0.0
2026-09-28,che_114_wh_hl_01,2513,0.0,0.0,0.0
2026-09-28,che_115_wh_hl_01,1041,0.0,0.0,0.0
2026-09-28,che_116_wh_hl_01,2730,0.0,0.0,0.0
2026-09-28,che_118_wh_hl_01,1728,0.0,0.0,0.0
2026-09-28,che_120_wh_hl_01,1818,0.0,0.0,0.0
2026-09-28,che_121_wh_hl_01,2087,0.0,0.0,0.0
2026-09-28,che_122_wh_hl_01,1117,0.0,0.0,0.0
2026-09-28,che_123_wh_hl_01,1603,0.0,0.0,0.0
2026-09-28,che_124_wh_hl_01,2478,0.0,0.0,0.0
2026-09-28,che_125_wh_hl_01,2934,0.0,0.0,0.0
2026-09-28,che_126_wh_hl_01,3148,0.0,0.0,0.0
2026-09-28,che_130_wh_hl_01,1100,0.0,0.0,0.0
2026-09-28,che_132_wh_hl_01,853,0.0,0.0,0.0
2026-09-28,che_134_wh_hl_01,2164,0.0,0.0,0.0
2026-09-28,che_135_wh_hl_01,1991,0.0,0.0,0.0
2026-09-28,che_136_wh_hl_01,2835,0.0,0.0,0.0
2026-09-28,che_137_wh_hl_01,2717,0.0,0.0,0.0
2026-09-28,che_138_wh_hl_01,2584,0.0,0.0,0.0
2026-09-28,che_139_wh_hl_01,533,0.0,0.0,0.0
2026-09-28,che_140_wh_hl_01,88,0.0,0.0,0.0
2026-09-28,che_141_wh_hl_01,1064,0.0,0.0,0.0
2026-09-28,che_142_wh_hl_01,2580,0.0,0.0,0.0
2026-09-28,che_143_wh_hl_01,2093,0.0,0.0,0.0
2026-09-28,che_145_wh_hl_01,208,0.0,0.0,0.0
2026-09-28,che_146_wh_hl_01,3124,0.0,0.0,0.0
2026-09-28,che_147_wh_hl_01,1204,0.0,0.0,0.0
2026-09-28,che_149_wh_hl_01,1288,0.0,0.0,0.0
2026-09-28,che_150_wh_hl_01,2124,0.0,0.0,0.0
2026-09-28,che_155_wh_hl_01,260,0.0,0.0,0.0
2026-09-28,che_157_wh_hl_01,736,0.0,0.0,0.0
2026-09-28,che_158_wh_hl_01,4,0.0,0.0,0.0
2026-09-28,che_159_wh_hl_01,2511,0.0,0.0,0.0
2026-09-28,che_160_wh_hl_01,929,0.0,0.0,0.0
2026-09-28,che_162_wh_hl_01,3,0.0,0.0,0.0
2026-09-28,che_165_wh_hl_01,701,0.0,0.0,0.0
2026-09-28,che_167_wh_hl_01,40,0.0,0.0,0.0
2026-09-28,che_168_wh_hl_01,1658,0.0,0.0,0.0
2026-09-28,che_171_wh_hl_01,888,0.0,0.0,0.0
2026-09-28,che_172_wh_hl_01,2156,0.0,0.0,0.0
2026-09-28,che_174_wh_hl_01,642,0.0,0.0,0.0
2026-09-28,che_175_wh_hl_01,54,0.0,0.0,0.0
2026-09-28,che_176_wh_hl_01,972,0.0,0.0,0.0
2026-09-28,che_177_wh_hl_01,1753,0.0,0.0,0.0
2026-09-28,che_179_wh_hl_01,2440,0.0,0.0,0.0
2026-09-28,che_180_wh_hl_01,461,0.0,0.0,0.0
2026-09-28,che_181_wh_hl_01,15,0.0,0.0,0.0
2026-09-28,che_182_wh_hl_01,653,0.0,0.0,0.0
2026-09-28,che_183_wh_hl_01,192,0.0,0.0,0.0
2026-09-28,che_184_wh_hl_01,225,0.0,0.0,0.0
2026-09-28,che_185_wh_hl_01,27,0.0,0.0,0.0
2026-09-28,che_186_wh_hl_01,66,0.0,0.0,0.0
2026-09-28,che_188_wh_hl_01,211,0.0,0.0,0.0
2026-09-28,che_189_wh_hl_01,2609,0.0,0.0,0.0
2026-09-28,che_190_wh_hl_01,978,0.0,0.0,0.0
2026-09-28,che_192_wh_hl_01,528,0.0,0.0,0.0
2026-09-28,che_193_wh_hl_01,1287,0.0,0.0,0.0
2026-09-28,che_195_wh_hl_01,735,0.0,0.0,0.0
2026-09-28,che_196_wh_hl_01,2079,0.0,0.0,0.0
2026-09-28,che_197_wh_hl_01,2784,0.0,0.0,0.0
2026-09-28,che_199_wh_hl_01,67,0.0,0.0,0.0
2026-09-28,coc_102_wh_hl_01,310,0.0,0.0,0.0
2026-09-28,coc_104_wh_hl_01,965,0.0,0.0,0.0
2026-09-28,coc_105_wh_hl_01,740,0.0,0.0,0.0
2026-09-28,coc_106_wh_hl_01,751,0.0,0.0,0.0
2026-09-28,coc_107_wh_hl_01,500,0.0,0.0,0.0
2026-09-28,coi_103_wh_hl_01,2270,0.0,0.0,0.0
2026-09-28,coi_104_wh_hl_01,1280,0.0,0.0,0.0
2026-09-28,coi_105_wh_hl_01,2159,0.0,0.0,0.0
2026-09-28,coi_106_wh_hl_01,1492,0.0,0.0,0.0
2026-09-28,coi_107_wh_hl_02,1617,0.0,0.0,0.0
2026-09-28,coi_108_wh_hl_01,2115,0.0,0.0,0.0
2026-09-28,coi_109_wh_hl_01,1292,0.0,0.0,0.0
2026-09-28,coi_110_wh_hl_01,916,0.0,0.0,0.0
2026-09-28,coi_112_wh_hl_01,1527,0.0,0.0,0.0
2026-09-28,deh_101_wh_hl_01,4,0.0,0.0,0.0
2026-09-28,deh_102_wh_hl_01,3,0.0,0.0,0.0
2026-09-28,deh_103_wh_hl_01,28,0.0,0.0,0.0
2026-09-28,deh_104_wh_hl_01,806,0.0,0.0,0.0
2026-09-28,del_001_wh_hl_01,3418,0.0,0.0,0.0
2026-09-28,del_004_wh_hl_01,157,0.0,0.0,0.0
2026-09-28,del_007_wh_hl_01,2032,0.0,0.0,0.0
2026-09-28,del_010_wh_hl_01,2175,0.0,0.0,0.0
2026-09-28,del_013_wh_hl_01,2535,0.0,0.0,0.0
2026-09-28,del_015_wh_hl_01,3317,0.0,0.0,0.0
2026-09-28,del_017_wh_hl_01,638,0.0,0.0,0.0
2026-09-28,del_018_wh_hl_01,1691,0.0,0.0,0.0
2026-09-28,del_021_wh_hl_01,6447,0.0,0.0,0.0
2026-09-28,del_023_wh_hl_01,3695,0.0,0.0,0.0
2026-09-28,del_025_wh_hl_01,7672,0.0,0.0,0.0
2026-09-28,del_026_wh_hl_01,5047,0.0,0.0,0.0
2026-09-28,del_032_wh_hl_01,7,0.0,0.0,0.0
2026-09-28,del_039_wh_hl_01,6572,0.0,0.0,0.0
2026-09-28,del_042_wh_hl_01,4263,0.0,0.0,0.0
2026-09-28,del_044_wh_hl_01,1527,0.0,0.0,0.0
2026-09-28,del_045_wh_hl_01,5549,0.0,0.0,0.0
2026-09-28,del_046_wh_hl_01,2971,0.0,0.0,0.0
2026-09-28,del_047_wh_hl_01,2898,0.0,0.0,0.0
2026-09-28,del_048_wh_hl_01,988,0.0,0.0,0.0
2026-09-28,del_049_wh_hl_01,6999,0.0,0.0,0.0
2026-09-28,del_055_wh_hl_01,3223,0.0,0.0,0.0
2026-09-28,del_059_wh_hl_01,4201,0.0,0.0,0.0
2026-09-28,del_061_wh_hl_01,4740,0.0,0.0,0.0
2026-09-28,del_063_wh_hl_01,3749,0.0,0.0,0.0
2026-09-28,del_064_wh_hl_01,5404,0.0,0.0,0.0
2026-09-28,del_069_wh_hl_01,3293,0.0,0.0,0.0
2026-09-28,del_071_wh_hl_01,3320,0.0,0.0,0.0
2026-09-28,del_072_wh_hl_01,980,0.0,0.0,0.0
2026-09-28,del_074_wh_hl_01,3541,0.0,0.0,0.0
2026-09-28,del_075_wh_hl_01,761,0.0,0.0,0.0
2026-09-28,del_078_wh_hl_01,4641,0.0,0.0,0.0
2026-09-28,del_080_wh_hl_01,2768,0.0,0.0,0.0
2026-09-28,del_082_wh_hl_01,3711,0.0,0.0,0.0
2026-09-28,del_084_wh_hl_01,152,0.0,0.0,0.0
2026-09-28,del_088_wh_hl_01,1961,0.0,0.0,0.0
2026-09-28,del_101_wh_hl_01,484,0.0,0.0,0.0
2026-09-28,del_102_wh_hl_01,3419,0.0,0.0,0.0
2026-09-28,del_103_wh_hl_01,517,0.0,0.0,0.0
2026-09-28,del_104_wh_hl_01,2753,0.0,0.0,0.0
2026-09-28,del_105_wh_hl_01,445,0.0,0.0,0.0
2026-09-28,del_106_wh_hl_01,2320,0.0,0.0,0.0
2026-09-28,del_107_wh_hl_01,3162,0.0,0.0,0.0
2026-09-28,del_108_wh_hl_01,1381,0.0,0.0,0.0
2026-09-28,del_109_wh_hl_01,327,0.0,0.0,0.0
2026-09-28,del_110_wh_hl_01,2789,0.0,0.0,0.0
2026-09-28,del_111_wh_hl_01,3881,0.0,0.0,0.0
2026-09-28,del_112_wh_hl_01,1337,0.0,0.0,0.0
2026-09-28,del_113_wh_hl_01,1153,0.0,0.0,0.0
2026-09-28,del_116_wh_hl_01,2435,0.0,0.0,0.0
2026-09-28,del_117_wh_hl_01,3356,0.0,0.0,0.0
2026-09-28,del_118_wh_hl_01,4729,0.0,0.0,0.0
2026-09-28,del_119_wh_hl_01,1772,0.0,0.0,0.0
2026-09-28,del_121_wh_hl_01,582,0.0,0.0,0.0
2026-09-28,del_122_wh_hl_01,3053,0.0,0.0,0.0
2026-09-28,del_123_wh_hl_01,4665,0.0,0.0,0.0
2026-09-28,del_124_wh_hl_01,2848,0.0,0.0,0.0
2026-09-28,del_125_wh_hl_01,229,0.0,0.0,0.0
2026-09-28,del_126_wh_hl_01,838,0.0,0.0,0.0
2026-09-28,del_127_wh_hl_01,23,0.0,0.0,0.0
2026-09-28,del_128_wh_hl_01,2452,0.0,0.0,0.0
2026-09-28,del_135_wh_hl_01,782,0.0,0.0,0.0
2026-09-28,del_136_wh_hl_01,3351,0.0,0.0,0.0
2026-09-28,del_140_wh_hl_01,230,0.0,0.0,0.0
2026-09-28,del_141_wh_hl_01,467,0.0,0.0,0.0
2026-09-28,del_142_wh_hl_01,444,0.0,0.0,0.0
2026-09-28,del_143_wh_hl_01,169,0.0,0.0,0.0
2026-09-28,del_147_wh_hl_01,2388,0.0,0.0,0.0
2026-09-28,del_148_wh_hl_01,3014,0.0,0.0,0.0
2026-09-28,del_149_wh_hl_01,282,0.0,0.0,0.0
2026-09-28,del_14_wh_hl_01,4768,0.0,0.0,0.0
2026-09-28,del_150_wh_hl_01,159,0.0,0.0,0.0
2026-09-28,del_151_wh_hl_01,2840,0.0,0.0,0.0
2026-09-28,del_152_wh_hl_01,2195,0.0,0.0,0.0
2026-09-28,del_153_wh_hl_01,318,0.0,0.0,0.0
2026-09-28,del_154_wh_hl_01,1062,0.0,0.0,0.0
2026-09-28,del_156_wh_hl_01,1257,0.0,0.0,0.0
2026-09-28,del_158_wh_hl_01,6502,0.0,0.0,0.0
2026-09-28,del_159_wh_hl_01,1392,0.0,0.0,0.0
2026-09-28,del_160_wh_hl_01,3391,0.0,0.0,0.0
2026-09-28,del_161_wh_hl_01,29,0.0,0.0,0.0
2026-09-28,del_162_wh_hl_01,2313,0.0,0.0,0.0
2026-09-28,del_163_wh_hl_01,1086,0.0,0.0,0.0
2026-09-28,del_165_wh_hl_01,2009,0.0,0.0,0.0
2026-09-28,del_166_wh_hl_01,799,0.0,0.0,0.0
2026-09-28,del_174_wh_hl_01,2910,0.0,0.0,0.0
2026-09-28,del_178_wh_hl_01,688,0.0,0.0,0.0
2026-09-28,del_180_wh_hl_01,371,0.0,0.0,0.0
2026-09-28,del_183_wh_hl_01,1001,0.0,0.0,0.0
2026-09-28,del_184_wh_hl_01,3413,0.0,0.0,0.0
2026-09-28,del_186_wh_hl_01,90,0.0,0.0,0.0
2026-09-28,del_187_wh_hl_01,87,0.0,0.0,0.0
2026-09-28,del_188_wh_hl_01,3151,0.0,0.0,0.0
2026-09-28,del_190_wh_hl_01,37,0.0,0.0,0.0
2026-09-28,del_191_wh_hl_01,2214,0.0,0.0,0.0
2026-09-28,del_193_wh_hl_01,3423,0.0,0.0,0.0
2026-09-28,del_194_wh_hl_01,369,0.0,0.0,0.0
2026-09-28,del_195_wh_hl_01,3423,0.0,0.0,0.0
2026-09-28,del_196_wh_hl_01,3423,0.0,0.0,0.0
2026-09-28,del_197_wh_hl_01,1781,0.0,0.0,0.0
2026-09-28,del_198_wh_hl_01,75,0.0,0.0,0.0
2026-09-28,del_199_wh_hl_01,126,0.0,0.0,0.0
2026-09-28,del_200_wh_hl_01,75,0.0,0.0,0.0
2026-09-28,del_201_wh_hl_01,155,0.0,0.0,0.0
2026-09-28,del_202_wh_hl_01,2325,0.0,0.0,0.0
2026-09-28,del_207_wh_hl_01,195,0.0,0.0,0.0
2026-09-28,del_209_wh_hl_01,607,0.0,0.0,0.0
2026-09-28,del_210_wh_hl_01,81,0.0,0.0,0.0
2026-09-28,del_213_wh_hl_01,1046,0.0,0.0,0.0
2026-09-28,del_227_wh_hl_01,147,0.0,0.0,0.0
2026-09-28,del_229_wh_hl_01,15,0.0,0.0,0.0
2026-09-28,del_231_wh_hl_01,690,0.0,0.0,0.0
2026-09-28,del_237_wh_hl_01,374,0.0,0.0,0.0
2026-09-28,del_239_wh_hl_01,191,0.0,0.0,0.0
2026-09-28,del_243_wh_hl_01,1317,0.0,0.0,0.0
2026-09-28,del_260_wh_hl_01,169,0.0,0.0,0.0
2026-09-28,del_267_wh_hl_01,686,0.0,0.0,0.0
2026-09-28,del_272_wh_hl_01,378,0.0,0.0,0.0
2026-09-28,del_277_wh_hl_01,1037,0.0,0.0,0.0
2026-09-28,del_281_wh_hl_01,479,0.0,0.0,0.0
2026-09-28,del_282_wh_hl_01,810,0.0,0.0,0.0
2026-09-28,del_289_wh_hl_01,130,0.0,0.0,0.0
2026-09-28,del_290_wh_hl_01,86,0.0,0.0,0.0
2026-09-28,del_291_wh_hl_01,135,0.0,0.0,0.0
2026-09-28,del_310_wh_hl_02,605,0.0,0.0,0.0
2026-09-28,del_901_wh_hl_01,203,0.0,0.0,0.0
2026-09-28,del_915_wh_hl_01,3689,0.0,0.0,0.0
2026-09-28,del_957_wh_hl_01,3880,0.0,0.0,0.0
2026-09-28,del_967_wh_hl_01,2448,0.0,0.0,0.0
2026-09-28,dnc_101_wh_hl_01,271,0.0,0.0,0.0
2026-09-28,dnc_102_wh_hl_01,400,0.0,0.0,0.0
2026-09-28,dnc_106_wh_hl_01,1668,0.0,0.0,0.0
2026-09-28,dnc_107_wh_hl_01,824,0.0,0.0,0.0
2026-09-28,dnc_110_wh_hl_01,200,0.0,0.0,0.0
2026-09-28,dnc_114_wh_hl_01,1928,0.0,0.0,0.0
2026-09-28,dnc_117_wh_hl_01,399,0.0,0.0,0.0
2026-09-28,far_101_wh_hl_01,3604,0.0,0.0,0.0
2026-09-28,far_102_wh_hl_02,2049,0.0,0.0,0.0
2026-09-28,far_104_wh_hl_01,204,0.0,0.0,0.0
2026-09-28,far_105_wh_hl_01,2983,0.0,0.0,0.0
2026-09-28,far_106_wh_hl_01,182,0.0,0.0,0.0
2026-09-28,far_107_wh_hl_01,989,0.0,0.0,0.0
2026-09-28,far_108_wh_hl_01,2849,0.0,0.0,0.0
2026-09-28,far_109_wh_hl_01,189,0.0,0.0,0.0
2026-09-28,far_110_wh_hl_01,117,0.0,0.0,0.0
2026-09-28,fbn_105_wh_hl_01,249,0.0,0.0,0.0
2026-09-28,ggn_105_wh_hl_01,1408,0.0,0.0,0.0
2026-09-28,ghz_102_wh_hl_01,3235,0.0,0.0,0.0
2026-09-28,ghz_103_wh_hl_01,4184,0.0,0.0,0.0
2026-09-28,ghz_104_wh_hl_01,904,0.0,0.0,0.0
2026-09-28,ghz_105_wh_hl_01,1630,0.0,0.0,0.0
2026-09-28,ghz_106_wh_hl_01,1598,0.0,0.0,0.0
2026-09-28,ghz_108_wh_hl_01,996,0.0,0.0,0.0
2026-09-28,ghz_109_wh_hl_01,2306,0.0,0.0,0.0
2026-09-28,ghz_110_wh_hl_01,849,0.0,0.0,0.0
2026-09-28,ghz_111_wh_hl_01,306,0.0,0.0,0.0
2026-09-28,ghz_112_wh_hl_01,2617,0.0,0.0,0.0
2026-09-28,ghz_113_wh_hl_01,892,0.0,0.0,0.0
2026-09-28,ghz_114_wh_hl_01,521,0.0,0.0,0.0
2026-09-28,ghz_115_wh_hl_01,52,0.0,0.0,0.0
2026-09-28,ghz_116_wh_hl_01,1091,0.0,0.0,0.0
2026-09-28,ghz_117_wh_hl_01,3243,0.0,0.0,0.0
2026-09-28,ghz_118_wh_hl_01,874,0.0,0.0,0.0
2026-09-28,ghz_119_wh_hl_01,1314,0.0,0.0,0.0
2026-09-28,ghz_121_wh_hl_01,1532,0.0,0.0,0.0
2026-09-28,ghz_124_wh_hl_01,944,0.0,0.0,0.0
2026-09-28,ghz_128_wh_hl_01,14,0.0,0.0,0.0
2026-09-28,gkp_103_wh_hl_01,2716,0.0,0.0,0.0
2026-09-28,gkp_104_wh_hl_01,117,0.0,0.0,0.0
2026-09-28,gkp_105_wh_hl_01,2571,0.0,0.0,0.0
2026-09-28,gur_101_wh_hl_01,512,0.0,0.0,0.0
2026-09-28,gur_102_wh_hl_01,3333,0.0,0.0,0.0
2026-09-28,gur_103_wh_hl_01,2754,0.0,0.0,0.0
2026-09-28,gur_104_wh_hl_01,6357,0.0,0.0,0.0
2026-09-28,gur_106_wh_hl_01,312,0.0,0.0,0.0
2026-09-28,gur_108_wh_hl_01,472,0.0,0.0,0.0
2026-09-28,gur_109_wh_hl_01,382,0.0,0.0,0.0
2026-09-28,gur_110_wh_hl_01,3874,0.0,0.0,0.0
2026-09-28,gur_111_wh_hl_01,1168,0.0,0.0,0.0
2026-09-28,gur_112_wh_hl_01,197,0.0,0.0,0.0
2026-09-28,gur_113_wh_hl_01,61,0.0,0.0,0.0
2026-09-28,gur_114_wh_hl_01,368,0.0,0.0,0.0
2026-09-28,gur_115_wh_hl_01,1473,0.0,0.0,0.0
2026-09-28,gur_117_wh_hl_01,454,0.0,0.0,0.0
2026-09-28,gur_118_wh_hl_01,249,0.0,0.0,0.0
2026-09-28,gur_121_wh_hl_01,386,0.0,0.0,0.0
2026-09-28,gur_122_wh_hl_01,68,0.0,0.0,0.0
2026-09-28,gur_124_wh_hl_01,138,0.0,0.0,0.0
2026-09-28,gur_127_wh_hl_01,346,0.0,0.0,0.0
2026-09-28,gur_129_wh_hl_01,653,0.0,0.0,0.0
2026-09-28,gur_130_wh_hl_01,318,0.0,0.0,0.0
2026-09-28,gur_131_wh_hl_01,2730,0.0,0.0,0.0
2026-09-28,gur_135_wh_hl_01,1969,0.0,0.0,0.0
2026-09-28,guw_101_wh_hl_01,93,0.0,0.0,0.0
2026-09-28,guw_102_wh_hl_01,5847,0.0,0.0,0.0
2026-09-28,guw_104_wh_hl_01,4811,0.0,0.0,0.0
2026-09-28,guw_105_wh_hl_01,5860,0.0,0.0,0.0
2026-09-28,guw_106_wh_hl_01,6833,0.0,0.0,0.0
2026-09-28,guw_107_wh_hl_01,7920,0.0,0.0,0.0
2026-09-28,guw_108_wh_hl_01,5340,0.0,0.0,0.0
2026-09-28,guw_109_wh_hl_01,7856,0.0,0.0,0.0
2026-09-28,guw_110_wh_hl_01,4043,0.0,0.0,0.0
2026-09-28,guw_117_wh_hl_01,3295,0.0,0.0,0.0
2026-09-28,guw_119_wh_hl_01,4315,0.0,0.0,0.0
2026-09-28,guw_120_wh_hl_01,4210,0.0,0.0,0.0
2026-09-28,guw_121_wh_hl_01,5024,0.0,0.0,0.0
2026-09-28,guw_122_wh_hl_01,1358,0.0,0.0,0.0
2026-09-28,guw_123_wh_hl_01,160,0.0,0.0,0.0
2026-09-28,guw_124_wh_hl_01,65,0.0,0.0,0.0
2026-09-28,guw_125_wh_hl_01,3,0.0,0.0,0.0
2026-09-28,guw_127_wh_hl_01,99,0.0,0.0,0.0
2026-09-28,guw_128_wh_hl_01,92,0.0,0.0,0.0
2026-09-28,guw_130_wh_hl_01,29,0.0,0.0,0.0
2026-09-28,guw_131_wh_hl_01,1090,0.0,0.0,0.0
2026-09-28,gwa_103_wh_hl_01,228,0.0,0.0,0.0
2026-09-28,gwa_105_wh_hl_01,115,0.0,0.0,0.0
2026-09-28,haz_101_wh_hl_01,12,0.0,0.0,0.0
2026-09-28,haz_102_wh_hl_01,2,0.0,0.0,0.0
2026-09-28,haz_103_wh_hl_01,4,0.0,0.0,0.0
2026-09-28,hub_101_wh_hl_01,375,0.0,0.0,0.0
2026-09-28,hub_102_wh_hl_01,499,0.0,0.0,0.0
2026-09-28,hyd_101_wh_hl_01,663,0.0,0.0,0.0
2026-09-28,hyd_102_wh_hl_01,348,0.0,0.0,0.0
2026-09-28,hyd_103_wh_hl_01,197,0.0,0.0,0.0
2026-09-28,hyd_104_wh_hl_01,967,0.0,0.0,0.0
2026-09-28,hyd_105_wh_hl_01,1512,0.0,0.0,0.0
2026-09-28,hyd_106_wh_hl_01,658,0.0,0.0,0.0
2026-09-28,hyd_108_wh_hl_01,529,0.0,0.0,0.0
2026-09-28,hyd_109_wh_hl_01,155,0.0,0.0,0.0
2026-09-28,hyd_110_wh_hl_01,410,0.0,0.0,0.0
2026-09-28,hyd_111_wh_hl_01,58,0.0,0.0,0.0
2026-09-28,hyd_112_wh_hl_01,118,0.0,0.0,0.0
2026-09-28,hyd_114_wh_hl_01,114,0.0,0.0,0.0
2026-09-28,hyd_115_wh_hl_01,1534,0.0,0.0,0.0
2026-09-28,hyd_116_wh_hl_01,321,0.0,0.0,0.0
2026-09-28,hyd_117_wh_hl_01,68,0.0,0.0,0.0
2026-09-28,hyd_118_wh_hl_01,677,0.0,0.0,0.0
2026-09-28,hyd_119_wh_hl_01,737,0.0,0.0,0.0
2026-09-28,hyd_120_wh_hl_01,1082,0.0,0.0,0.0
2026-09-28,hyd_121_wh_hl_01,114,0.0,0.0,0.0
2026-09-28,hyd_122_wh_hl_01,1469,0.0,0.0,0.0
2026-09-28,hyd_123_wh_hl_01,102,0.0,0.0,0.0
2026-09-28,hyd_124_wh_hl_01,313,0.0,0.0,0.0
2026-09-28,hyd_125_wh_hl_01,709,0.0,0.0,0.0
2026-09-28,hyd_126_wh_hl_01,1420,0.0,0.0,0.0
2026-09-28,hyd_127_wh_hl_01,388,0.0,0.0,0.0
2026-09-28,hyd_130_wh_hl_01,506,0.0,0.0,0.0
2026-09-28,hyd_131_wh_hl_01,113,0.0,0.0,0.0
2026-09-28,hyd_133_wh_hl_01,97,0.0,0.0,0.0
2026-09-28,hyd_134_wh_hl_01,1962,0.0,0.0,0.0
2026-09-28,hyd_135_wh_hl_01,189,0.0,0.0,0.0
2026-09-28,hyd_136_wh_hl_01,139,0.0,0.0,0.0
2026-09-28,hyd_137_wh_hl_01,242,0.0,0.0,0.0
2026-09-28,hyd_138_wh_hl_01,536,0.0,0.0,0.0
2026-09-28,hyd_139_wh_hl_01,450,0.0,0.0,0.0
2026-09-28,hyd_140_wh_hl_01,35,0.0,0.0,0.0
2026-09-28,hyd_141_wh_hl_01,19,0.0,0.0,0.0
2026-09-28,hyd_142_wh_hl_01,86,0.0,0.0,0.0
2026-09-28,hyd_146_wh_hl_01,564,0.0,0.0,0.0
2026-09-28,hyd_147_wh_hl_01,670,0.0,0.0,0.0
2026-09-28,hyd_149_wh_hl_01,1181,0.0,0.0,0.0
2026-09-28,hyd_150_wh_hl_01,985,0.0,0.0,0.0
2026-09-28,hyd_151_wh_hl_01,94,0.0,0.0,0.0
2026-09-28,hyd_152_wh_hl_01,1074,0.0,0.0,0.0
2026-09-28,hyd_153_wh_hl_01,380,0.0,0.0,0.0
2026-09-28,hyd_154_wh_hl_01,85,0.0,0.0,0.0
2026-09-28,hyd_155_wh_hl_01,689,0.0,0.0,0.0
2026-09-28,hyd_156_wh_hl_01,418,0.0,0.0,0.0
2026-09-28,hyd_157_wh_hl_01,152,0.0,0.0,0.0
2026-09-28,hyd_158_wh_hl_01,473,0.0,0.0,0.0
2026-09-28,hyd_159_wh_hl_01,183,0.0,0.0,0.0
2026-09-28,hyd_160_wh_hl_02,169,0.0,0.0,0.0
2026-09-28,hyd_161_wh_hl_01,314,0.0,0.0,0.0
2026-09-28,hyd_163_wh_hl_01,153,0.0,0.0,0.0
2026-09-28,hyd_164_wh_hl_01,63,0.0,0.0,0.0
2026-09-28,hyd_165_wh_hl_01,807,0.0,0.0,0.0
2026-09-28,hyd_166_wh_hl_01,212,0.0,0.0,0.0
2026-09-28,hyd_167_wh_hl_01,163,0.0,0.0,0.0
2026-09-28,hyd_170_wh_hl_01,223,0.0,0.0,0.0
2026-09-28,hyd_171_wh_hl_01,578,0.0,0.0,0.0
2026-09-28,hyd_172_wh_hl_01,836,0.0,0.0,0.0
2026-09-28,hyd_173_wh_hl_01,18,0.0,0.0,0.0
2026-09-28,hyd_174_wh_hl_01,802,0.0,0.0,0.0
2026-09-28,hyd_176_wh_hl_01,609,0.0,0.0,0.0
2026-09-28,hyd_178_wh_hl_01,981,0.0,0.0,0.0
2026-09-28,hyd_179_wh_hl_01,616,0.0,0.0,0.0
2026-09-28,hyd_180_wh_hl_01,246,0.0,0.0,0.0
2026-09-28,hyd_185_wh_hl_01,56,0.0,0.0,0.0
2026-09-28,hyd_186_wh_hl_01,985,0.0,0.0,0.0
2026-09-28,hyd_187_wh_hl_01,118,0.0,0.0,0.0
2026-09-28,hyd_188_wh_hl_01,280,0.0,0.0,0.0
2026-09-28,hyd_189_wh_hl_01,111,0.0,0.0,0.0
2026-09-28,hyd_190_wh_hl_01,46,0.0,0.0,0.0
2026-09-28,hyd_191_wh_hl_01,17,0.0,0.0,0.0
2026-09-28,hyd_192_wh_hl_01,1,0.0,0.0,0.0
2026-09-28,hyd_200_wh_hl_01,111,0.0,0.0,0.0
2026-09-28,hyd_202_wh_hl_01,76,0.0,0.0,0.0
2026-09-28,jab_103_wh_hl_01,368,0.0,0.0,0.0
2026-09-28,jab_104_wh_hl_01,300,0.0,0.0,0.0
2026-09-28,jai_101_wh_hl_01,363,0.0,0.0,0.0
2026-09-28,jai_102_wh_hl_01,2897,0.0,0.0,0.0
2026-09-28,jai_103_wh_hl_01,3582,0.0,0.0,0.0
2026-09-28,jai_104_wh_hl_01,3481,0.0,0.0,0.0
2026-09-28,jai_106_wh_hl_01,3897,0.0,0.0,0.0
2026-09-28,jai_107_wh_hl_01,4331,0.0,0.0,0.0
2026-09-28,jai_108_wh_hl_01,2404,0.0,0.0,0.0
2026-09-28,jai_109_wh_hl_01,3538,0.0,0.0,0.0
2026-09-28,jai_110_wh_hl_01,3242,0.0,0.0,0.0
2026-09-28,jai_111_wh_hl_01,3209,0.0,0.0,0.0
2026-09-28,jai_112_wh_hl_01,2090,0.0,0.0,0.0
2026-09-28,jai_113_wh_hl_01,1317,0.0,0.0,0.0
2026-09-28,jai_114_wh_hl_01,3601,0.0,0.0,0.0
2026-09-28,jai_115_wh_hl_01,3194,0.0,0.0,0.0
2026-09-28,jai_116_wh_hl_01,1924,0.0,0.0,0.0
2026-09-28,jai_117_wh_hl_01,3949,0.0,0.0,0.0
2026-09-28,jai_118_wh_hl_01,3244,0.0,0.0,0.0
2026-09-28,jai_121_wh_hl_01,1881,0.0,0.0,0.0
2026-09-28,jai_122_wh_hl_01,1140,0.0,0.0,0.0
2026-09-28,jai_125_wh_hl_01,767,0.0,0.0,0.0
2026-09-28,jai_127_wh_hl_01,2040,0.0,0.0,0.0
2026-09-28,jai_128_wh_hl_01,483,0.0,0.0,0.0
2026-09-28,jal_101_wh_hl_01,647,0.0,0.0,0.0
2026-09-28,jal_102_wh_hl_01,1163,0.0,0.0,0.0
2026-09-28,jal_103_wh_hl_01,2295,0.0,0.0,0.0
2026-09-28,jal_104_wh_hl_01,1568,0.0,0.0,0.0
2026-09-28,jam_101_wh_hl_01,32,0.0,0.0,0.0
2026-09-28,jam_102_wh_hl_01,31,0.0,0.0,0.0
2026-09-28,jam_103_wh_hl_01,31,0.0,0.0,0.0
2026-09-28,jam_105_wh_hl_01,26,0.0,0.0,0.0
2026-09-28,jor_102_wh_hl_01,957,0.0,0.0,0.0
2026-09-28,kol_101_wh_hl_01,251,0.0,0.0,0.0
2026-09-28,kol_102_wh_hl_01,1012,0.0,0.0,0.0
2026-09-28,kol_103_wh_hl_01,2612,0.0,0.0,0.0
2026-09-28,kol_104_wh_hl_01,59,0.0,0.0,0.0
2026-09-28,kol_105_wh_hl_01,1784,0.0,0.0,0.0
2026-09-28,kol_106_wh_hl_01,2260,0.0,0.0,0.0
2026-09-28,kol_107_wh_hl_01,676,0.0,0.0,0.0
2026-09-28,kol_109_wh_hl_01,925,0.0,0.0,0.0
2026-09-28,kol_110_wh_hl_01,3065,0.0,0.0,0.0
2026-09-28,kol_111_wh_hl_01,340,0.0,0.0,0.0
2026-09-28,kol_112_wh_hl_01,40,0.0,0.0,0.0
2026-09-28,kol_113_wh_hl_01,1565,0.0,0.0,0.0
2026-09-28,kol_114_wh_hl_01,1967,0.0,0.0,0.0
2026-09-28,kol_115_wh_hl_01,1023,0.0,0.0,0.0
2026-09-28,kol_116_wh_hl_01,2759,0.0,0.0,0.0
2026-09-28,kol_117_wh_hl_01,447,0.0,0.0,0.0
2026-09-28,kol_118_wh_hl_01,2706,0.0,0.0,0.0
2026-09-28,kol_119_wh_hl_01,2952,0.0,0.0,0.0
2026-09-28,kol_120_wh_hl_01,1379,0.0,0.0,0.0
2026-09-28,kol_121_wh_hl_01,3955,0.0,0.0,0.0
2026-09-28,kol_122_wh_hl_01,1781,0.0,0.0,0.0
2026-09-28,kol_125_wh_hl_01,783,0.0,0.0,0.0
2026-09-28,kol_126_wh_hl_01,1962,0.0,0.0,0.0
2026-09-28,kol_128_wh_hl_01,1918,0.0,0.0,0.0
2026-09-28,kol_129_wh_hl_01,2798,0.0,0.0,0.0
2026-09-28,kol_130_wh_hl_01,1907,0.0,0.0,0.0
2026-09-28,kol_132_wh_hl_01,1647,0.0,0.0,0.0
2026-09-28,kol_133_wh_hl_01,101,0.0,0.0,0.0
2026-09-28,kol_134_wh_hl_02,96,0.0,0.0,0.0
2026-09-28,kol_135_wh_hl_01,1591,0.0,0.0,0.0
2026-09-28,kol_136_wh_hl_01,2054,0.0,0.0,0.0
2026-09-28,kol_137_wh_hl_01,2738,0.0,0.0,0.0
2026-09-28,kol_138_wh_hl_01,2178,0.0,0.0,0.0
2026-09-28,kol_139_wh_hl_01,187,0.0,0.0,0.0
2026-09-28,kol_141_wh_hl_01,1560,0.0,0.0,0.0
2026-09-28,kol_142_wh_hl_01,345,0.0,0.0,0.0
2026-09-28,kol_143_wh_hl_01,3355,0.0,0.0,0.0
2026-09-28,kol_144_wh_hl_01,1549,0.0,0.0,0.0
2026-09-28,kol_145_wh_hl_01,3820,0.0,0.0,0.0
2026-09-28,kol_147_wh_hl_01,1610,0.0,0.0,0.0
2026-09-28,kol_149_wh_hl_01,1191,0.0,0.0,0.0
2026-09-28,kol_150_wh_hl_01,28,0.0,0.0,0.0
2026-09-28,kol_154_wh_hl_01,323,0.0,0.0,0.0
2026-09-28,kol_155_wh_hl_01,3992,0.0,0.0,0.0
2026-09-28,kol_156_wh_hl_01,2467,0.0,0.0,0.0
2026-09-28,kol_157_wh_hl_01,4902,0.0,0.0,0.0
2026-09-28,kol_158_wh_hl_01,1090,0.0,0.0,0.0
2026-09-28,kol_159_wh_hl_01,70,0.0,0.0,0.0
2026-09-28,kol_160_wh_hl_01,2946,0.0,0.0,0.0
2026-09-28,kol_162_wh_hl_01,2335,0.0,0.0,0.0
2026-09-28,kol_163_wh_hl_01,44,0.0,0.0,0.0
2026-09-28,kol_164_wh_hl_01,227,0.0,0.0,0.0
2026-09-28,kol_165_wh_hl_01,3448,0.0,0.0,0.0
2026-09-28,kol_166_wh_hl_01,132,0.0,0.0,0.0
2026-09-28,kol_167_wh_hl_01,977,0.0,0.0,0.0
2026-09-28,kol_168_wh_hl_01,3394,0.0,0.0,0.0
2026-09-28,kol_171_wh_hl_01,422,0.0,0.0,0.0
2026-09-28,kol_172_wh_hl_01,98,0.0,0.0,0.0
2026-09-28,kol_173_wh_hl_01,316,0.0,0.0,0.0
2026-09-28,kol_175_wh_hl_01,900,0.0,0.0,0.0
2026-09-28,kol_176_wh_hl_01,949,0.0,0.0,0.0
2026-09-28,kol_177_wh_hl_01,1779,0.0,0.0,0.0
2026-09-28,kol_180_wh_hl_01,35,0.0,0.0,0.0
2026-09-28,kol_184_wh_hl_01,4102,0.0,0.0,0.0
2026-09-28,kol_189_wh_hl_01,1940,0.0,0.0,0.0
2026-09-28,kol_191_wh_hl_01,94,0.0,0.0,0.0
2026-09-28,kol_193_wh_hl_01,29,0.0,0.0,0.0
2026-09-28,kol_194_wh_hl_01,137,0.0,0.0,0.0
2026-09-28,kol_195_wh_hl_01,257,0.0,0.0,0.0
2026-09-28,kol_196_wh_hl_01,1900,0.0,0.0,0.0
2026-09-28,kol_197_wh_hl_01,181,0.0,0.0,0.0
2026-09-28,kol_198_wh_hl_01,184,0.0,0.0,0.0
2026-09-28,kol_200_wh_hl_01,1203,0.0,0.0,0.0
2026-09-28,kol_204_wh_hl_01,252,0.0,0.0,0.0
2026-09-28,kol_205_wh_hl_01,3,0.0,0.0,0.0
2026-09-28,kol_206_wh_hl_01,404,0.0,0.0,0.0
2026-09-28,kol_207_wh_hl_01,1343,0.0,0.0,0.0
2026-09-28,kol_208_wh_hl_01,121,0.0,0.0,0.0
2026-09-28,kol_209_wh_hl_01,176,0.0,0.0,0.0
2026-09-28,kol_210_wh_hl_01,133,0.0,0.0,0.0
2026-09-28,kol_212_wh_hl_01,608,0.0,0.0,0.0
2026-09-28,kol_213_wh_hl_01,116,0.0,0.0,0.0
2026-09-28,kol_218_wh_hl_01,114,0.0,0.0,0.0
2026-09-28,kol_902_wh_hl_01,6,0.0,0.0,0.0
2026-09-28,koz_101_wh_hl_01,471,0.0,0.0,0.0
2026-09-28,koz_103_wh_hl_01,765,0.0,0.0,0.0
2026-09-28,koz_104_wh_hl_01,321,0.0,0.0,0.0
2026-09-28,koz_105_wh_hl_01,941,0.0,0.0,0.0
2026-09-28,luc_101_wh_hl_01,3552,0.0,0.0,0.0
2026-09-28,luc_102_wh_hl_01,4354,0.0,0.0,0.0
2026-09-28,luc_104_wh_hl_01,2455,0.0,0.0,0.0
2026-09-28,luc_105_wh_hl_01,42,0.0,0.0,0.0
2026-09-28,luc_108_wh_hl_01,281,0.0,0.0,0.0
2026-09-28,luc_110_wh_hl_01,1627,0.0,0.0,0.0
2026-09-28,luc_111_wh_hl_01,1558,0.0,0.0,0.0
2026-09-28,luc_112_wh_hl_01,2037,0.0,0.0,0.0
2026-09-28,luc_114_wh_hl_01,567,0.0,0.0,0.0
2026-09-28,luc_115_wh_hl_01,5545,0.0,0.0,0.0
2026-09-28,luc_116_wh_hl_01,72,0.0,0.0,0.0
2026-09-28,luc_117_wh_hl_01,4962,0.0,0.0,0.0
2026-09-28,luc_118_wh_hl_01,2606,0.0,0.0,0.0
2026-09-28,luc_119_wh_hl_01,1,0.0,0.0,0.0
2026-09-28,luc_120_wh_hl_01,23,0.0,0.0,0.0
2026-09-28,luc_121_wh_hl_01,1,0.0,0.0,0.0
2026-09-28,luc_122_wh_hl_01,2306,0.0,0.0,0.0
2026-09-28,luc_124_wh_hl_01,4425,0.0,0.0,0.0
2026-09-28,luc_125_wh_hl_01,380,0.0,0.0,0.0
2026-09-28,luc_128_wh_hl_01,2371,0.0,0.0,0.0
2026-09-28,luc_129_wh_hl_01,1728,0.0,0.0,0.0
2026-09-28,luc_130_wh_hl_01,488,0.0,0.0,0.0
2026-09-28,luc_133_wh_hl_01,2688,0.0,0.0,0.0
2026-09-28,luc_134_wh_hl_01,778,0.0,0.0,0.0
2026-09-28,luc_909_wh_hl_01,2401,0.0,0.0,0.0
2026-09-28,lud_101_wh_hl_01,3342,0.0,0.0,0.0
2026-09-28,lud_102_wh_hl_01,3608,0.0,0.0,0.0
2026-09-28,lud_103_wh_hl_01,765,0.0,0.0,0.0
2026-09-28,lud_104_wh_hl_01,1960,0.0,0.0,0.0
2026-09-28,mad_101_wh_hl_01,4,0.0,0.0,0.0
2026-09-28,mor_101_wh_hl_01,2,0.0,0.0,0.0
2026-09-28,mum_005_wh_hl_01,2096,0.0,0.0,0.0
2026-09-28,mum_007_wh_hl_01,1581,0.0,0.0,0.0
2026-09-28,mum_010_wh_hl_01,296,0.0,0.0,0.0
2026-09-28,mum_011_wh_hl_01,462,0.0,0.0,0.0
2026-09-28,mum_012_wh_hl_01,457,0.0,0.0,0.0
2026-09-28,mum_018_wh_hl_01,4823,0.0,0.0,0.0
2026-09-28,mum_021_wh_hl_01,767,0.0,0.0,0.0
2026-09-28,mum_024_wh_hl_01,2034,0.0,0.0,0.0
2026-09-28,mum_025_wh_hl_01,2894,0.0,0.0,0.0
2026-09-28,mum_033_wh_hl_01,4053,0.0,0.0,0.0
2026-09-28,mum_043_wh_hl_01,3897,0.0,0.0,0.0
2026-09-28,mum_061_wh_hl_01,2571,0.0,0.0,0.0
2026-09-28,mum_062_wh_hl_01,2405,0.0,0.0,0.0
2026-09-28,mum_063_wh_hl_01,2050,0.0,0.0,0.0
2026-09-28,mum_064_wh_hl_01,479,0.0,0.0,0.0
2026-09-28,mum_066_wh_hl_01,2,0.0,0.0,0.0
2026-09-28,mum_067_wh_hl_01,1692,0.0,0.0,0.0
2026-09-28,mum_072_wh_hl_01,364,0.0,0.0,0.0
2026-09-28,mum_075_wh_hl_01,51,0.0,0.0,0.0
2026-09-28,mum_079_wh_hl_01,3927,0.0,0.0,0.0
2026-09-28,mum_080_wh_hl_01,3824,0.0,0.0,0.0
2026-09-28,mum_101_wh_hl_01,1011,0.0,0.0,0.0
2026-09-28,mum_102_wh_hl_01,8,0.0,0.0,0.0
2026-09-28,mum_103_wh_hl_01,2247,0.0,0.0,0.0
2026-09-28,mum_104_wh_hl_01,72,0.0,0.0,0.0
2026-09-28,mum_107_wh_hl_01,1144,0.0,0.0,0.0
2026-09-28,mum_108_wh_hl_01,1820,0.0,0.0,0.0
2026-09-28,mum_109_wh_hl_01,3244,0.0,0.0,0.0
2026-09-28,mum_110_wh_hl_01,3069,0.0,0.0,0.0
2026-09-28,mum_113_wh_hl_01,4994,0.0,0.0,0.0
2026-09-28,mum_116_wh_hl_01,705,0.0,0.0,0.0
2026-09-28,mum_117_wh_hl_01,4166,0.0,0.0,0.0
2026-09-28,mum_118_wh_hl_01,261,0.0,0.0,0.0
2026-09-28,mum_121_wh_hl_01,188,0.0,0.0,0.0
2026-09-28,mum_122_wh_hl_01,1892,0.0,0.0,0.0
2026-09-28,mum_126_wh_hl_01,381,0.0,0.0,0.0
2026-09-28,mum_127_wh_hl_01,2387,0.0,0.0,0.0
2026-09-28,mum_129_wh_hl_01,4000,0.0,0.0,0.0
2026-09-28,mum_132_wh_hl_01,2700,0.0,0.0,0.0
2026-09-28,mum_133_wh_hl_01,1252,0.0,0.0,0.0
2026-09-28,mum_134_wh_hl_01,129,0.0,0.0,0.0
2026-09-28,mum_138_wh_hl_01,1365,0.0,0.0,0.0
2026-09-28,mum_140_wh_hl_01,116,0.0,0.0,0.0
2026-09-28,mum_144_wh_hl_01,2965,0.0,0.0,0.0
2026-09-28,mum_148_wh_hl_01,2704,0.0,0.0,0.0
2026-09-28,mum_150_wh_hl_01,2724,0.0,0.0,0.0
2026-09-28,mum_151_wh_hl_01,286,0.0,0.0,0.0
2026-09-28,mum_152_wh_hl_01,3058,0.0,0.0,0.0
2026-09-28,mum_158_wh_hl_01,264,0.0,0.0,0.0
2026-09-28,mum_159_wh_hl_01,2623,0.0,0.0,0.0
2026-09-28,mum_160_wh_hl_01,2141,0.0,0.0,0.0
2026-09-28,mum_165_wh_hl_01,1951,0.0,0.0,0.0
2026-09-28,mum_168_wh_hl_01,93,0.0,0.0,0.0
2026-09-28,mum_170_wh_hl_01,955,0.0,0.0,0.0
2026-09-28,mum_171_wh_hl_01,1059,0.0,0.0,0.0
2026-09-28,mum_173_wh_hl_01,650,0.0,0.0,0.0
2026-09-28,mum_175_wh_hl_01,135,0.0,0.0,0.0
2026-09-28,mum_178_wh_hl_01,15,0.0,0.0,0.0
2026-09-28,mum_179_wh_hl_01,1900,0.0,0.0,0.0
2026-09-28,mum_181_wh_hl_01,1001,0.0,0.0,0.0
2026-09-28,mum_182_wh_hl_01,1920,0.0,0.0,0.0
2026-09-28,mum_187_wh_hl_01,776,0.0,0.0,0.0
2026-09-28,mum_189_wh_hl_01,2,0.0,0.0,0.0
2026-09-28,mum_190_wh_hl_01,290,0.0,0.0,0.0
2026-09-28,mum_191_wh_hl_01,255,0.0,0.0,0.0
2026-09-28,mum_200_wh_hl_01,4,0.0,0.0,0.0
2026-09-28,mum_901_wh_hl_01,1649,0.0,0.0,0.0
2026-09-28,mum_921_wh_hl_01,1710,0.0,0.0,0.0
2026-09-28,nag_102_wh_hl_01,387,0.0,0.0,0.0
2026-09-28,nag_103_wh_hl_01,562,0.0,0.0,0.0
2026-09-28,nag_105_wh_hl_01,273,0.0,0.0,0.0
2026-09-28,nag_108_wh_hl_01,764,0.0,0.0,0.0
2026-09-28,nag_110_wh_hl_01,311,0.0,0.0,0.0
2026-09-28,nag_113_wh_hl_01,1016,0.0,0.0,0.0
2026-09-28,noi_038_wh_hl_01,2588,0.0,0.0,0.0
2026-09-28,noi_102_wh_hl_01,3090,0.0,0.0,0.0
2026-09-28,noi_104_wh_hl_01,3148,0.0,0.0,0.0
2026-09-28,noi_106_wh_hl_01,303,0.0,0.0,0.0
2026-09-28,noi_107_wh_hl_01,2211,0.0,0.0,0.0
2026-09-28,noi_108_wh_hl_01,1053,0.0,0.0,0.0
2026-09-28,noi_111_wh_hl_01,17,0.0,0.0,0.0
2026-09-28,noi_112_wh_hl_01,1024,0.0,0.0,0.0
2026-09-28,noi_114_wh_hl_01,3453,0.0,0.0,0.0
2026-09-28,noi_115_wh_hl_01,353,0.0,0.0,0.0
2026-09-28,noi_116_wh_hl_01,2883,0.0,0.0,0.0
2026-09-28,noi_117_wh_hl_01,100,0.0,0.0,0.0
2026-09-28,noi_119_wh_hl_01,580,0.0,0.0,0.0
2026-09-28,noi_121_wh_hl_01,2112,0.0,0.0,0.0
2026-09-28,noi_123_wh_hl_01,2617,0.0,0.0,0.0
2026-09-28,noi_125_wh_hl_01,2456,0.0,0.0,0.0
2026-09-28,noi_126_wh_hl_01,1556,0.0,0.0,0.0
2026-09-28,noi_127_wh_hl_01,418,0.0,0.0,0.0
2026-09-28,noi_129_wh_hl_01,640,0.0,0.0,0.0
2026-09-28,noi_130_wh_hl_01,414,0.0,0.0,0.0
2026-09-28,noi_131_wh_hl_01,578,0.0,0.0,0.0
2026-09-28,noi_132_wh_hl_01,904,0.0,0.0,0.0
2026-09-28,noi_139_wh_hl_01,2422,0.0,0.0,0.0
2026-09-28,noi_143_wh_hl_01,341,0.0,0.0,0.0
2026-09-28,noi_923_wh_hl_01,399,0.0,0.0,0.0
2026-09-28,noi_938_wh_hl_01,1635,0.0,0.0,0.0
2026-09-28,pat_101_wh_hl_01,1817,0.0,0.0,0.0
2026-09-28,pat_102_wh_hl_01,3018,0.0,0.0,0.0
2026-09-28,pat_103_wh_hl_01,411,0.0,0.0,0.0
2026-09-28,pat_104_wh_hl_01,2746,0.0,0.0,0.0
2026-09-28,pat_105_wh_hl_01,1009,0.0,0.0,0.0
2026-09-28,pat_106_wh_hl_01,3387,0.0,0.0,0.0
2026-09-28,pat_107_wh_hl_01,4013,0.0,0.0,0.0
2026-09-28,pat_108_wh_hl_01,1885,0.0,0.0,0.0
2026-09-28,pat_110_wh_hl_01,2869,0.0,0.0,0.0
2026-09-28,pat_111_wh_hl_01,4878,0.0,0.0,0.0
2026-09-28,pat_112_wh_hl_01,4977,0.0,0.0,0.0
2026-09-28,pat_113_wh_hl_01,5109,0.0,0.0,0.0
2026-09-28,pat_114_wh_hl_01,2776,0.0,0.0,0.0
2026-09-28,pat_115_wh_hl_01,2450,0.0,0.0,0.0
2026-09-28,pat_116_wh_hl_01,1370,0.0,0.0,0.0
2026-09-28,pat_118_wh_hl_01,874,0.0,0.0,0.0
2026-09-28,pat_119_wh_hl_01,1289,0.0,0.0,0.0
2026-09-28,pat_120_wh_hl_01,3409,0.0,0.0,0.0
2026-09-28,pat_121_wh_hl_01,2516,0.0,0.0,0.0
2026-09-28,pat_123_wh_hl_01,1833,0.0,0.0,0.0
2026-09-28,pra_102_wh_hl_01,359,0.0,0.0,0.0
2026-09-28,pra_104_wh_hl_01,200,0.0,0.0,0.0
2026-09-28,pra_105_wh_hl_01,210,0.0,0.0,0.0
2026-09-28,pra_106_wh_hl_01,166,0.0,0.0,0.0
2026-09-28,pra_108_wh_hl_01,20,0.0,0.0,0.0
2026-09-28,pun_101_wh_hl_01,3367,0.0,0.0,0.0
2026-09-28,pun_102_wh_hl_01,2825,0.0,0.0,0.0
2026-09-28,pun_103_wh_hl_01,2727,0.0,0.0,0.0
2026-09-28,pun_104_wh_hl_01,1473,0.0,0.0,0.0
2026-09-28,pun_105_wh_hl_01,1444,0.0,0.0,0.0
2026-09-28,pun_106_wh_hl_01,251,0.0,0.0,0.0
2026-09-28,pun_107_wh_hl_01,1553,0.0,0.0,0.0
2026-09-28,pun_108_wh_hl_01,4043,0.0,0.0,0.0
2026-09-28,pun_109_wh_hl_01,2729,0.0,0.0,0.0
2026-09-28,pun_110_wh_hl_01,2072,0.0,0.0,0.0
2026-09-28,pun_111_wh_hl_01,396,0.0,0.0,0.0
2026-09-28,pun_112_wh_hl_01,3106,0.0,0.0,0.0
2026-09-28,pun_114_wh_hl_01,6,0.0,0.0,0.0
2026-09-28,pun_115_wh_hl_01,1336,0.0,0.0,0.0
2026-09-28,pun_117_wh_hl_01,1725,0.0,0.0,0.0
2026-09-28,pun_119_wh_hl_01,2672,0.0,0.0,0.0
2026-09-28,pun_120_wh_hl_01,536,0.0,0.0,0.0
2026-09-28,pun_121_wh_hl_01,1894,0.0,0.0,0.0
2026-09-28,pun_122_wh_hl_01,2306,0.0,0.0,0.0
2026-09-28,pun_123_wh_hl_01,271,0.0,0.0,0.0
2026-09-28,pun_124_wh_hl_01,1444,0.0,0.0,0.0
2026-09-28,pun_125_wh_hl_01,398,0.0,0.0,0.0
2026-09-28,pun_126_wh_hl_01,2366,0.0,0.0,0.0
2026-09-28,pun_128_wh_hl_01,1486,0.0,0.0,0.0
2026-09-28,pun_130_wh_hl_01,1316,0.0,0.0,0.0
2026-09-28,pun_131_wh_hl_01,1529,0.0,0.0,0.0
2026-09-28,pun_132_wh_hl_01,1627,0.0,0.0,0.0
2026-09-28,pun_135_wh_hl_01,1978,0.0,0.0,0.0
2026-09-28,pun_136_wh_hl_01,224,0.0,0.0,0.0
2026-09-28,pun_138_wh_hl_01,765,0.0,0.0,0.0
2026-09-28,pun_139_wh_hl_01,181,0.0,0.0,0.0
2026-09-28,pun_141_wh_hl_01,378,0.0,0.0,0.0
2026-09-28,pun_144_wh_hl_01,327,0.0,0.0,0.0
2026-09-28,pun_145_wh_hl_01,217,0.0,0.0,0.0
2026-09-28,pun_146_wh_hl_01,626,0.0,0.0,0.0
2026-09-28,pun_148_wh_hl_01,2263,0.0,0.0,0.0
2026-09-28,pun_149_wh_hl_01,1061,0.0,0.0,0.0
2026-09-28,pun_150_wh_hl_01,1928,0.0,0.0,0.0
2026-09-28,pun_152_wh_hl_01,279,0.0,0.0,0.0
2026-09-28,pun_153_wh_hl_01,278,0.0,0.0,0.0
2026-09-28,pun_154_wh_hl_01,1754,0.0,0.0,0.0
2026-09-28,pun_159_wh_hl_01,572,0.0,0.0,0.0
2026-09-28,pun_160_wh_hl_01,186,0.0,0.0,0.0
2026-09-28,pun_161_wh_hl_01,294,0.0,0.0,0.0
2026-09-28,pun_918_wh_hl_01,266,0.0,0.0,0.0
2026-09-28,ran_103_wh_hl_01,18,0.0,0.0,0.0
2026-09-28,ran_104_wh_hl_01,14,0.0,0.0,0.0
2026-09-28,ran_105_wh_hl_01,17,0.0,0.0,0.0
2026-09-28,ran_106_wh_hl_01,17,0.0,0.0,0.0
2026-09-28,ran_107_wh_hl_01,6,0.0,0.0,0.0
2026-09-28,ras_101_wh_hl_01,1379,0.0,0.0,0.0
2026-09-28,ras_102_wh_hl_01,408,0.0,0.0,0.0
2026-09-28,ras_107_wh_hl_01,6059,0.0,0.0,0.0
2026-09-28,ras_108_wh_hl_01,2348,0.0,0.0,0.0
2026-09-28,rbi_101_wh_hl_01,2414,0.0,0.0,0.0
2026-09-28,rbi_102_wh_hl_01,2202,0.0,0.0,0.0
2026-09-28,rbi_104_wh_hl_01,843,0.0,0.0,0.0
2026-09-28,rbi_105_wh_hl_01,2606,0.0,0.0,0.0
2026-09-28,rbi_106_wh_hl_01,2338,0.0,0.0,0.0
2026-09-28,rbi_107_wh_hl_01,5416,0.0,0.0,0.0
2026-09-28,rbi_110_wh_hl_01,876,0.0,0.0,0.0
2026-09-28,rbi_111_wh_hl_01,509,0.0,0.0,0.0
2026-09-28,rbi_112_wh_hl_01,1053,0.0,0.0,0.0
2026-09-28,rbi_113_wh_hl_01,544,0.0,0.0,0.0
2026-09-28,rbi_114_wh_hl_01,1827,0.0,0.0,0.0
2026-09-28,rbi_115_wh_hl_01,1575,0.0,0.0,0.0
2026-09-28,rbi_116_wh_hl_01,2846,0.0,0.0,0.0
2026-09-28,rbi_117_wh_hl_01,176,0.0,0.0,0.0
2026-09-28,rbi_118_wh_hl_01,2790,0.0,0.0,0.0
2026-09-28,rbi_121_wh_hl_01,2731,0.0,0.0,0.0
2026-09-28,rbi_122_wh_hl_01,4140,0.0,0.0,0.0
2026-09-28,rbi_123_wh_hl_01,352,0.0,0.0,0.0
2026-09-28,rbi_124_wh_hl_01,1589,0.0,0.0,0.0
2026-09-28,rbi_125_wh_hl_01,1840,0.0,0.0,0.0
2026-09-28,rbi_126_wh_hl_01,404,0.0,0.0,0.0
2026-09-28,rbi_131_wh_hl_01,710,0.0,0.0,0.0
2026-09-28,rbi_133_wh_hl_01,493,0.0,0.0,0.0
2026-09-28,rbi_134_wh_hl_01,2463,0.0,0.0,0.0
2026-09-28,rbi_135_wh_hl_01,1228,0.0,0.0,0.0
2026-09-28,rbi_138_wh_hl_01,1765,0.0,0.0,0.0
2026-09-28,rbi_139_wh_hl_01,708,0.0,0.0,0.0
2026-09-28,rbi_140_wh_hl_01,223,0.0,0.0,0.0
2026-09-28,rbi_145_wh_hl_01,245,0.0,0.0,0.0
2026-09-28,rjh_101_wh_hl_01,522,0.0,0.0,0.0
2026-09-28,rjh_102_wh_hl_01,161,0.0,0.0,0.0
2026-09-28,rjh_103_wh_hl_01,436,0.0,0.0,0.0
2026-09-28,rjh_104_wh_hl_01,1120,0.0,0.0,0.0
2026-09-28,rjh_105_wh_hl_01,654,0.0,0.0,0.0
2026-09-28,rjh_106_wh_hl_01,3120,0.0,0.0,0.0
2026-09-28,rjh_107_wh_hl_02,22,0.0,0.0,0.0
2026-09-28,rka_111_wh_hl_01,3227,0.0,0.0,0.0
2026-09-28,rka_112_wh_hl_01,2538,0.0,0.0,0.0
2026-09-28,rka_113_wh_hl_01,1963,0.0,0.0,0.0
2026-09-28,rka_114_wh_hl_01,3164,0.0,0.0,0.0
2026-09-28,rka_116_wh_hl_01,266,0.0,0.0,0.0
2026-09-28,rka_117_wh_hl_01,108,0.0,0.0,0.0
2026-09-28,rka_118_wh_hl_01,865,0.0,0.0,0.0
2026-09-28,rka_119_wh_hl_01,286,0.0,0.0,0.0
2026-09-28,rka_120_wh_hl_01,699,0.0,0.0,0.0
2026-09-28,rka_121_wh_hl_01,1138,0.0,0.0,0.0
2026-09-28,rka_122_wh_hl_01,879,0.0,0.0,0.0
2026-09-28,rka_123_wh_hl_01,52,0.0,0.0,0.0
2026-09-28,rka_124_wh_hl_01,598,0.0,0.0,0.0
2026-09-28,rka_125_wh_hl_01,2449,0.0,0.0,0.0
2026-09-28,rka_126_wh_hl_01,89,0.0,0.0,0.0
2026-09-28,rka_127_wh_hl_01,1586,0.0,0.0,0.0
2026-09-28,rka_128_wh_hl_01,580,0.0,0.0,0.0
2026-09-28,rka_901_wh_hl_01,804,0.0,0.0,0.0
2026-09-28,rmp_102_wh_hl_01,3,0.0,0.0,0.0
2026-09-28,roa_110_wh_hl_01,2126,0.0,0.0,0.0
2026-09-28,rok_102_wh_hl_01,1089,0.0,0.0,0.0
2026-09-28,rok_104_wh_hl_01,212,0.0,0.0,0.0
2026-09-28,rok_108_wh_hl_01,346,0.0,0.0,0.0
2026-09-28,rok_109_wh_hl_01,912,0.0,0.0,0.0
2026-09-28,roo_101_wh_hl_01,5291,0.0,0.0,0.0
2026-09-28,roo_104_wh_hl_01,5980,0.0,0.0,0.0
2026-09-28,roo_105_wh_hl_01,3301,0.0,0.0,0.0
2026-09-28,roo_106_wh_hl_01,304,0.0,0.0,0.0
2026-09-28,roo_107_wh_hl_01,5528,0.0,0.0,0.0
2026-09-28,roo_113_wh_hl_01,3017,0.0,0.0,0.0
2026-09-28,rpu_101_wh_hl_01,3655,0.0,0.0,0.0
2026-09-28,rpu_102_wh_hl_01,2207,0.0,0.0,0.0
2026-09-28,rpu_103_wh_hl_01,3283,0.0,0.0,0.0
2026-09-28,rpu_104_wh_hl_01,3231,0.0,0.0,0.0
2026-09-28,rpu_105_wh_hl_01,3870,0.0,0.0,0.0
2026-09-28,rpu_107_wh_hl_01,2875,0.0,0.0,0.0
2026-09-28,rpu_113_wh_hl_01,1861,0.0,0.0,0.0
2026-09-28,rpu_115_wh_hl_01,1383,0.0,0.0,0.0
2026-09-28,rpu_117_wh_hl_01,2821,0.0,0.0,0.0
2026-09-28,rpu_120_wh_hl_01,3552,0.0,0.0,0.0
2026-09-28,rpu_122_wh_hl_01,735,0.0,0.0,0.0
2026-09-28,rta_101_wh_hl_01,2557,0.0,0.0,0.0
2026-09-28,rta_102_wh_hl_01,2316,0.0,0.0,0.0
2026-09-28,rta_103_wh_hl_01,2279,0.0,0.0,0.0
2026-09-28,rta_104_wh_hl_01,1760,0.0,0.0,0.0
2026-09-28,rta_105_wh_hl_01,2720,0.0,0.0,0.0
2026-09-28,rta_106_wh_hl_01,345,0.0,0.0,0.0
2026-09-28,rta_107_wh_hl_01,350,0.0,0.0,0.0
2026-09-28,rta_109_wh_hl_01,12,0.0,0.0,0.0
2026-09-28,rta_110_wh_hl_01,1043,0.0,0.0,0.0
2026-09-28,rta_111_wh_hl_01,1650,0.0,0.0,0.0
2026-09-28,rta_113_wh_hl_01,285,0.0,0.0,0.0
2026-09-28,rte_101_wh_hl_01,2125,0.0,0.0,0.0
2026-09-28,rte_102_wh_hl_01,1206,0.0,0.0,0.0
2026-09-28,rte_103_wh_hl_01,885,0.0,0.0,0.0
2026-09-28,ruk_101_wh_hl_01,9,0.0,0.0,0.0
2026-09-28,ruk_103_wh_hl_01,115,0.0,0.0,0.0
2026-09-28,ruk_104_wh_hl_01,8,0.0,0.0,0.0
2026-09-28,rup_101_wh_hl_01,71,0.0,0.0,0.0
2026-09-28,rup_102_wh_hl_01,4818,0.0,0.0,0.0
2026-09-28,rup_103_wh_hl_01,12,0.0,0.0,0.0
2026-09-28,rup_104_wh_hl_01,2048,0.0,0.0,0.0
2026-09-28,rup_105_wh_hl_01,156,0.0,0.0,0.0
2026-09-28,rup_107_wh_hl_01,2797,0.0,0.0,0.0
2026-09-28,rup_111_wh_hl_01,3559,0.0,0.0,0.0
2026-09-28,rup_113_wh_hl_01,122,0.0,0.0,0.0
2026-09-28,rup_115_wh_hl_01,162,0.0,0.0,0.0
2026-09-28,rup_116_wh_hl_01,3630,0.0,0.0,0.0
2026-09-28,rup_117_wh_hl_01,1514,0.0,0.0,0.0
2026-09-28,rup_118_wh_hl_01,4654,0.0,0.0,0.0
2026-09-28,rup_119_wh_hl_01,210,0.0,0.0,0.0
2026-09-28,rup_122_wh_hl_01,998,0.0,0.0,0.0
2026-09-28,rup_123_wh_hl_01,202,0.0,0.0,0.0
2026-09-28,rup_124_wh_hl_01,599,0.0,0.0,0.0
2026-09-28,rup_126_wh_hl_01,1049,0.0,0.0,0.0
2026-09-28,rup_127_wh_hl_01,4178,0.0,0.0,0.0
2026-09-28,rup_128_wh_hl_01,1490,0.0,0.0,0.0
2026-09-28,rup_129_wh_hl_01,3441,0.0,0.0,0.0
2026-09-28,rup_130_wh_hl_01,400,0.0,0.0,0.0
2026-09-28,rup_131_wh_hl_01,770,0.0,0.0,0.0
2026-09-28,rup_132_wh_hl_01,530,0.0,0.0,0.0
2026-09-28,rup_133_wh_hl_01,3603,0.0,0.0,0.0
2026-09-28,rup_136_wh_hl_01,1396,0.0,0.0,0.0
2026-09-28,rup_137_wh_hl_01,559,0.0,0.0,0.0
2026-09-28,rup_139_wh_hl_01,1334,0.0,0.0,0.0
2026-09-28,rup_142_wh_hl_01,83,0.0,0.0,0.0
2026-09-28,rwb_102_wh_hl_01,104,0.0,0.0,0.0
2026-09-28,rwb_104_wh_hl_01,4498,0.0,0.0,0.0
2026-09-28,rwb_106_wh_hl_01,1271,0.0,0.0,0.0
2026-09-28,rwb_107_wh_hl_01,337,0.0,0.0,0.0
2026-09-28,rwb_109_wh_hl_01,15,0.0,0.0,0.0
2026-09-28,rwb_111_wh_hl_01,2685,0.0,0.0,0.0
2026-09-28,rwb_113_wh_hl_01,351,0.0,0.0,0.0
2026-09-28,rwb_115_wh_hl_01,87,0.0,0.0,0.0
2026-09-28,rwb_119_wh_hl_01,112,0.0,0.0,0.0
2026-09-28,shm_101_wh_hl_01,763,0.0,0.0,0.0
2026-09-28,sur_108_wh_hl_01,1,0.0,0.0,0.0
2026-09-28,tri_102_wh_hl_01,21,0.0,0.0,0.0
2026-09-28,tri_104_wh_hl_01,2,0.0,0.0,0.0
2026-09-28,tri_105_wh_hl_01,145,0.0,0.0,0.0
2026-09-28,vad_101_wh_hl_01,326,0.0,0.0,0.0
2026-09-28,vad_106_wh_hl_01,30,0.0,0.0,0.0
2026-09-28,vad_109_wh_hl_01,49,0.0,0.0,0.0
2026-09-28,var_101_wh_hl_01,1,0.0,0.0,0.0
2026-09-28,var_105_wh_hl_01,2033,0.0,0.0,0.0
2026-09-28,var_106_wh_hl_01,2651,0.0,0.0,0.0
2026-09-28,var_107_wh_hl_01,1160,0.0,0.0,0.0
2026-09-28,var_108_wh_hl_01,1538,0.0,0.0,0.0
2026-09-28,vel_101_wh_hl_01,3,0.0,0.0,0.0
2026-09-28,vel_103_wh_hl_01,6,0.0,0.0,0.0
2026-09-28,vij_101_wh_hl_01,211,0.0,0.0,0.0
2026-09-28,viz_101_wh_hl_01,742,0.0,0.0,0.0
2026-09-28,viz_102_wh_hl_01,1124,0.0,0.0,0.0
2026-09-28,viz_105_wh_hl_01,1302,0.0,0.0,0.0
2026-09-28,viz_106_wh_hl_01,899,0.0,0.0,0.0
2026-09-28,viz_107_wh_hl_01,412,0.0,0.0,0.0
2026-09-28,viz_109_wh_hl_01,848,0.0,0.0,0.0
2026-09-29,ahm_101_wh_hl_01,27,27.0,0.0,27.0
2026-09-29,ahm_102_wh_hl_01,3,3.0,0.0,3.0
2026-09-29,ahm_103_wh_hl_01,4,4.0,0.0,4.0
2026-09-29,ahm_104_wh_hl_01,48,48.0,0.0,48.0
2026-09-29,ahm_107_wh_hl_01,5,5.0,0.0,5.0
2026-09-29,ahm_109_wh_hl_01,20,20.0,0.0,20.0
2026-09-29,ahm_111_wh_hl_01,9,9.0,0.0,9.0
2026-09-29,ahm_112_wh_hl_01,12,12.0,0.0,12.0
2026-09-29,ahm_113_wh_hl_01,1,1.0,0.0,1.0
2026-09-29,ahm_114_wh_hl_01,12,12.0,0.0,12.0
2026-09-29,ahm_119_wh_hl_01,4,4.0,0.0,4.0
2026-09-29,ahm_120_wh_hl_01,8,8.0,0.0,8.0
2026-09-29,ahm_122_wh_hl_01,19,19.0,0.0,19.0
2026-09-29,ahm_124_wh_hl_01,12,12.0,0.0,12.0
2026-09-29,ahm_126_wh_hl_01,5,5.0,0.0,5.0
2026-09-29,ahm_127_wh_hl_01,29,29.0,0.0,29.0
2026-09-29,ahm_128_wh_hl_01,13,13.0,0.0,13.0
2026-09-29,ahm_129_wh_hl_01,5,5.0,0.0,5.0
2026-09-29,ahm_130_wh_hl_01,8,8.0,0.0,8.0
2026-09-29,ahm_131_wh_hl_01,28,28.0,0.0,28.0
2026-09-29,ahm_132_wh_hl_01,12,12.0,0.0,12.0
2026-09-29,ahm_133_wh_hl_01,27,27.0,0.0,27.0
2026-09-29,ahm_134_wh_hl_01,1,1.0,0.0,1.0
2026-09-29,ahm_135_wh_hl_01,7,7.0,0.0,7.0
2026-09-29,ahm_136_wh_hl_01,18,18.0,0.0,18.0
2026-09-29,ahm_139_wh_hl_01,1,1.0,0.0,1.0
2026-09-29,ahm_142_wh_hl_01,14,14.0,0.0,14.0
2026-09-29,ahm_917_wh_hl_01,17,17.0,0.0,17.0
2026-09-29,amr_102_wh_hl_01,4,4.0,0.0,4.0
2026-09-29,amr_104_wh_hl_01,3,3.0,0.0,3.0
2026-09-29,ben_003_wh_hl_01,3,3.0,0.0,3.0
2026-09-29,ben_007_wh_hl_01,7,7.0,0.0,7.0
2026-09-29,ben_013_wh_hl_01,10,10.0,0.0,10.0
2026-09-29,ben_016_wh_hl_01,3,3.0,0.0,3.0
2026-09-29,ben_017_wh_hl_01,8,8.0,0.0,8.0
2026-09-29,ben_018_wh_hl_01,15,15.0,0.0,15.0
2026-09-29,ben_024_wh_hl_01,2,2.0,0.0,2.0
2026-09-29,ben_027_wh_hl_01,3,3.0,0.0,3.0
2026-09-29,ben_029_wh_hl_01,1,1.0,0.0,1.0
2026-09-29,ben_031_wh_hl_01,1,1.0,0.0,1.0
2026-09-29,ben_034_wh_hl_01,14,14.0,0.0,14.0
2026-09-29,ben_036_wh_hl_01,9,9.0,0.0,9.0
2026-09-29,ben_039_wh_hl_01,1,1.0,0.0,1.0
2026-09-29,ben_040_wh_hl_01,7,7.0,0.0,7.0
2026-09-29,ben_042_wh_hl_01,6,6.0,0.0,6.0
2026-09-29,ben_043_wh_hl_01,9,9.0,0.0,9.0
2026-09-29,ben_050_wh_hl_01,4,4.0,0.0,4.0
2026-09-29,ben_058_wh_hl_01,2,2.0,0.0,2.0
2026-09-29,ben_060_wh_hl_01,1,1.0,0.0,1.0
2026-09-29,ben_061_wh_hl_01,3,3.0,0.0,3.0
2026-09-29,ben_063_wh_hl_01,4,4.0,0.0,4.0
2026-09-29,ben_102_wh_hl_01,8,8.0,0.0,8.0
2026-09-29,ben_103_wh_hl_01,3,3.0,0.0,3.0
2026-09-29,ben_104_wh_hl_01,2,2.0,0.0,2.0
2026-09-29,ben_105_wh_hl_01,11,11.0,0.0,11.0
2026-09-29,ben_107_wh_hl_01,8,8.0,0.0,8.0
2026-09-29,ben_108_wh_hl_01,3,3.0,0.0,3.0
2026-09-29,ben_109_wh_hl_01,2,2.0,0.0,2.0
2026-09-29,ben_110_wh_hl_01,4,4.0,0.0,4.0
2026-09-29,ben_112_wh_hl_01,1,1.0,0.0,1.0
2026-09-29,ben_115_wh_hl_01,2,2.0,0.0,2.0
2026-09-29,ben_116_wh_hl_01,1,1.0,0.0,1.0
2026-09-29,ben_117_wh_hl_01,5,5.0,0.0,5.0
2026-09-29,ben_118_wh_hl_01,11,11.0,0.0,11.0
2026-09-29,ben_120_wh_hl_01,4,4.0,0.0,4.0
2026-09-29,ben_121_wh_hl_01,2,2.0,0.0,2.0
2026-09-29,ben_123_wh_hl_01,6,6.0,0.0,6.0
2026-09-29,ben_125_wh_hl_01,15,15.0,0.0,15.0
2026-09-29,ben_128_wh_hl_01,5,5.0,0.0,5.0
2026-09-29,ben_135_wh_hl_01,2,2.0,0.0,2.0
2026-09-29,ben_136_wh_hl_01,1,1.0,0.0,1.0
2026-09-29,ben_137_wh_hl_01,15,15.0,0.0,15.0
2026-09-29,ben_138_wh_hl_01,4,4.0,0.0,4.0
2026-09-29,ben_140_wh_hl_01,3,3.0,0.0,3.0
2026-09-29,ben_143_wh_hl_01,7,7.0,0.0,7.0
2026-09-29,ben_144_wh_hl_01,4,4.0,0.0,4.0
2026-09-29,ben_145_wh_hl_01,8,8.0,0.0,8.0
2026-09-29,ben_147_wh_hl_01,7,7.0,0.0,7.0
2026-09-29,ben_150_wh_hl_01,26,26.0,0.0,26.0
2026-09-29,ben_152_wh_hl_01,5,5.0,0.0,5.0
2026-09-29,ben_155_wh_hl_01,6,6.0,0.0,6.0
2026-09-29,ben_160_wh_hl_01,17,17.0,0.0,17.0
2026-09-29,ben_162_wh_hl_01,4,4.0,0.0,4.0
2026-09-29,ben_166_wh_hl_01,4,4.0,0.0,4.0
2026-09-29,ben_167_wh_hl_01,6,6.0,0.0,6.0
2026-09-29,ben_172_wh_hl_01,1,1.0,0.0,1.0
2026-09-29,ben_174_wh_hl_01,6,6.0,0.0,6.0
2026-09-29,ben_176_wh_hl_01,6,6.0,0.0,6.0
2026-09-29,ben_178_wh_hl_01,6,6.0,0.0,6.0
2026-09-29,ben_179_wh_hl_01,5,5.0,0.0,5.0
2026-09-29,ben_180_wh_hl_01,1,1.0,0.0,1.0
2026-09-29,ben_184_wh_hl_01,13,13.0,0.0,13.0
2026-09-29,ben_185_wh_hl_01,4,4.0,0.0,4.0
2026-09-29,ben_195_wh_hl_01,4,4.0,0.0,4.0
2026-09-29,ben_196_wh_hl_01,1,1.0,0.0,1.0
2026-09-29,ben_198_wh_hl_01,4,4.0,0.0,4.0
2026-09-29,ben_201_wh_hl_01,5,5.0,0.0,5.0
2026-09-29,ben_204_wh_hl_01,3,3.0,0.0,3.0
2026-09-29,ben_205_wh_hl_01,2,2.0,0.0,2.0
2026-09-29,ben_210_wh_hl_01,5,5.0,0.0,5.0
2026-09-29,ben_216_wh_hl_01,21,21.0,0.0,21.0
2026-09-29,ben_219_wh_hl_01,8,8.0,0.0,8.0
2026-09-29,ben_223_wh_hl_01,8,8.0,0.0,8.0
2026-09-29,ben_224_wh_hl_01,2,2.0,0.0,2.0
2026-09-29,ben_225_wh_hl_01,1,1.0,0.0,1.0
2026-09-29,ben_227_wh_hl_01,1,1.0,0.0,1.0
2026-09-29,ben_228_wh_hl_01,3,3.0,0.0,3.0
2026-09-29,ben_229_wh_hl_01,2,2.0,0.0,2.0
2026-09-29,ben_231_wh_hl_01,2,2.0,0.0,2.0
2026-09-29,ben_234_wh_hl_01,7,7.0,0.0,7.0
2026-09-29,ben_235_wh_hl_01,3,3.0,0.0,3.0
2026-09-29,ben_238_wh_hl_01,18,18.0,0.0,18.0
2026-09-29,ben_240_wh_hl_01,2,2.0,0.0,2.0
2026-09-29,ben_241_wh_hl_01,7,7.0,0.0,7.0
2026-09-29,ben_243_wh_hl_01,20,20.0,0.0,20.0
2026-09-29,ben_247_wh_hl_01,4,4.0,0.0,4.0
2026-09-29,ben_256_wh_hl_01,4,4.0,0.0,4.0
2026-09-29,ben_257_wh_hl_01,7,7.0,0.0,7.0
2026-09-29,ben_258_wh_hl_01,1,1.0,0.0,1.0
2026-09-29,ben_265_wh_hl_01,6,6.0,0.0,6.0
2026-09-29,ben_286_wh_hl_01,3,3.0,0.0,3.0
2026-09-29,ben_901_wh_hl_01,1,1.0,0.0,1.0
2026-09-29,ben_903_wh_hl_01,4,4.0,0.0,4.0
2026-09-29,ben_917_wh_hl_01,3,3.0,0.0,3.0
2026-09-29,bhu_101_wh_hl_01,6,6.0,0.0,6.0
2026-09-29,bhu_103_wh_hl_01,16,16.0,0.0,16.0
2026-09-29,bhu_105_wh_hl_01,3,3.0,0.0,3.0
2026-09-29,bhu_106_wh_hl_01,1,1.0,0.0,1.0
2026-09-29,bhu_107_wh_hl_01,1,1.0,0.0,1.0
2026-09-29,bhu_108_wh_hl_01,3,3.0,0.0,3.0
2026-09-29,bhu_110_wh_hl_01,1,1.0,0.0,1.0
2026-09-29,bom_045_wh_hl_01,5,5.0,0.0,5.0
2026-09-29,cha_102_wh_hl_01,9,9.0,0.0,9.0
2026-09-29,cha_104_wh_hl_01,8,8.0,0.0,8.0
2026-09-29,cha_108_wh_hl_01,14,14.0,0.0,14.0
2026-09-29,che_101_wh_hl_02,1,1.0,0.0,1.0
2026-09-29,che_102_wh_hl_01,7,7.0,0.0,7.0
2026-09-29,che_103_wh_hl_01,13,13.0,0.0,13.0
2026-09-29,che_105_wh_hl_01,13,13.0,0.0,13.0
2026-09-29,che_107_wh_hl_01,6,6.0,0.0,6.0
2026-09-29,che_110_wh_hl_01,10,10.0,0.0,10.0
2026-09-29,che_111_wh_hl_01,1,1.0,0.0,1.0
2026-09-29,che_114_wh_hl_01,5,5.0,0.0,5.0
2026-09-29,che_115_wh_hl_01,6,6.0,0.0,6.0
2026-09-29,che_116_wh_hl_01,10,10.0,0.0,10.0
2026-09-29,che_118_wh_hl_01,6,6.0,0.0,6.0
2026-09-29,che_120_wh_hl_01,1,1.0,0.0,1.0
2026-09-29,che_121_wh_hl_01,6,6.0,0.0,6.0
2026-09-29,che_122_wh_hl_01,10,10.0,0.0,10.0
2026-09-29,che_123_wh_hl_01,6,6.0,0.0,6.0
2026-09-29,che_124_wh_hl_01,4,4.0,0.0,4.0
2026-09-29,che_125_wh_hl_01,6,6.0,0.0,6.0
2026-09-29,che_126_wh_hl_01,19,19.0,0.0,19.0
2026-09-29,che_130_wh_hl_01,4,4.0,0.0,4.0
2026-09-29,che_132_wh_hl_01,3,3.0,0.0,3.0
2026-09-29,che_134_wh_hl_01,18,18.0,0.0,18.0
2026-09-29,che_135_wh_hl_01,1,1.0,0.0,1.0
2026-09-29,che_136_wh_hl_01,2,2.0,0.0,2.0
2026-09-29,che_137_wh_hl_01,1,1.0,0.0,1.0
2026-09-29,che_138_wh_hl_01,5,5.0,0.0,5.0
2026-09-29,che_139_wh_hl_01,18,18.0,0.0,18.0
2026-09-29,che_140_wh_hl_01,2,2.0,0.0,2.0
2026-09-29,che_141_wh_hl_01,3,3.0,0.0,3.0
2026-09-29,che_142_wh_hl_01,10,10.0,0.0,10.0
2026-09-29,che_143_wh_hl_01,1,1.0,0.0,1.0
2026-09-29,che_146_wh_hl_01,9,9.0,0.0,9.0
2026-09-29,che_147_wh_hl_01,6,6.0,0.0,6.0
2026-09-29,che_149_wh_hl_01,8,8.0,0.0,8.0
2026-09-29,che_150_wh_hl_01,7,7.0,0.0,7.0
2026-09-29,che_157_wh_hl_01,4,4.0,0.0,4.0
2026-09-29,che_159_wh_hl_01,12,12.0,0.0,12.0
2026-09-29,che_160_wh_hl_01,7,7.0,0.0,7.0
2026-09-29,che_162_wh_hl_01,3,3.0,0.0,3.0
2026-09-29,che_167_wh_hl_01,1,1.0,0.0,1.0
2026-09-29,che_168_wh_hl_01,1,1.0,0.0,1.0
2026-09-29,che_171_wh_hl_01,4,4.0,0.0,4.0
2026-09-29,che_172_wh_hl_01,1,1.0,0.0,1.0
2026-09-29,che_174_wh_hl_01,9,9.0,0.0,9.0
2026-09-29,che_175_wh_hl_01,2,2.0,0.0,2.0
2026-09-29,che_176_wh_hl_01,49,49.0,0.0,49.0
2026-09-29,che_179_wh_hl_01,15,15.0,0.0,15.0
2026-09-29,che_184_wh_hl_01,5,5.0,0.0,5.0
2026-09-29,che_185_wh_hl_01,4,4.0,0.0,4.0
2026-09-29,che_188_wh_hl_01,20,20.0,0.0,20.0
2026-09-29,che_189_wh_hl_01,10,10.0,0.0,10.0
2026-09-29,che_190_wh_hl_01,6,6.0,0.0,6.0
2026-09-29,che_192_wh_hl_01,6,6.0,0.0,6.0
2026-09-29,che_195_wh_hl_01,4,4.0,0.0,4.0
2026-09-29,che_196_wh_hl_01,14,14.0,0.0,14.0
2026-09-29,che_197_wh_hl_01,2,2.0,0.0,2.0
2026-09-29,che_199_wh_hl_01,1,1.0,0.0,1.0
2026-09-29,coc_102_wh_hl_01,1,1.0,0.0,1.0
2026-09-29,coc_104_wh_hl_01,2,2.0,0.0,2.0
2026-09-29,coc_105_wh_hl_01,7,7.0,0.0,7.0
2026-09-29,coc_106_wh_hl_01,1,1.0,0.0,1.0
2026-09-29,coc_107_wh_hl_01,17,17.0,0.0,17.0
2026-09-29,coi_103_wh_hl_01,17,17.0,0.0,17.0
2026-09-29,coi_104_wh_hl_01,16,16.0,0.0,16.0
2026-09-29,coi_105_wh_hl_01,7,7.0,0.0,7.0
2026-09-29,coi_106_wh_hl_01,31,31.0,0.0,31.0
2026-09-29,coi_107_wh_hl_02,8,8.0,0.0,8.0
2026-09-29,coi_109_wh_hl_01,27,27.0,0.0,27.0
2026-09-29,coi_110_wh_hl_01,5,5.0,0.0,5.0
2026-09-29,coi_112_wh_hl_01,10,10.0,0.0,10.0
2026-09-29,del_001_wh_hl_01,7,7.0,0.0,7.0
2026-09-29,del_004_wh_hl_01,9,9.0,0.0,9.0
2026-09-29,del_007_wh_hl_01,6,6.0,0.0,6.0
2026-09-29,del_010_wh_hl_01,4,4.0,0.0,4.0
2026-09-29,del_017_wh_hl_01,14,14.0,0.0,14.0
2026-09-29,del_018_wh_hl_01,3,3.0,0.0,3.0
2026-09-29,del_021_wh_hl_01,1,1.0,0.0,1.0
2026-09-29,del_023_wh_hl_01,7,7.0,0.0,7.0
2026-09-29,del_025_wh_hl_01,6,6.0,0.0,6.0
2026-09-29,del_026_wh_hl_01,8,8.0,0.0,8.0
2026-09-29,del_039_wh_hl_01,2,2.0,0.0,2.0
2026-09-29,del_042_wh_hl_01,7,7.0,0.0,7.0
2026-09-29,del_044_wh_hl_01,4,4.0,0.0,4.0
2026-09-29,del_045_wh_hl_01,3,3.0,0.0,3.0
2026-09-29,del_047_wh_hl_01,1,1.0,0.0,1.0
2026-09-29,del_048_wh_hl_01,1,1.0,0.0,1.0
2026-09-29,del_049_wh_hl_01,2,2.0,0.0,2.0
2026-09-29,del_055_wh_hl_01,2,2.0,0.0,2.0
2026-09-29,del_059_wh_hl_01,1,1.0,0.0,1.0
2026-09-29,del_061_wh_hl_01,5,5.0,0.0,5.0
2026-09-29,del_064_wh_hl_01,8,8.0,0.0,8.0
2026-09-29,del_071_wh_hl_01,7,7.0,0.0,7.0
2026-09-29,del_072_wh_hl_01,1,1.0,0.0,1.0
2026-09-29,del_074_wh_hl_01,7,7.0,0.0,7.0
2026-09-29,del_078_wh_hl_01,19,19.0,0.0,19.0
2026-09-29,del_080_wh_hl_01,8,8.0,0.0,8.0
2026-09-29,del_084_wh_hl_01,1,1.0,0.0,1.0
2026-09-29,del_088_wh_hl_01,3,3.0,0.0,3.0
2026-09-29,del_101_wh_hl_01,3,3.0,0.0,3.0
2026-09-29,del_104_wh_hl_01,4,4.0,0.0,4.0
2026-09-29,del_106_wh_hl_01,5,5.0,0.0,5.0
2026-09-29,del_107_wh_hl_01,8,8.0,0.0,8.0
2026-09-29,del_108_wh_hl_01,10,10.0,0.0,10.0
2026-09-29,del_110_wh_hl_01,1,1.0,0.0,1.0
2026-09-29,del_111_wh_hl_01,2,2.0,0.0,2.0
2026-09-29,del_112_wh_hl_01,5,5.0,0.0,5.0
2026-09-29,del_117_wh_hl_01,7,7.0,0.0,7.0
2026-09-29,del_118_wh_hl_01,17,17.0,0.0,17.0
2026-09-29,del_122_wh_hl_01,2,2.0,0.0,2.0
2026-09-29,del_123_wh_hl_01,7,7.0,0.0,7.0
2026-09-29,del_124_wh_hl_01,13,13.0,0.0,13.0
2026-09-29,del_125_wh_hl_01,2,2.0,0.0,2.0
2026-09-29,del_126_wh_hl_01,8,8.0,0.0,8.0
2026-09-29,del_128_wh_hl_01,3,3.0,0.0,3.0
2026-09-29,del_140_wh_hl_01,5,5.0,0.0,5.0
2026-09-29,del_141_wh_hl_01,8,8.0,0.0,8.0
2026-09-29,del_142_wh_hl_01,11,11.0,0.0,11.0
2026-09-29,del_143_wh_hl_01,7,7.0,0.0,7.0
2026-09-29,del_147_wh_hl_01,1,1.0,0.0,1.0
2026-09-29,del_148_wh_hl_01,2,2.0,0.0,2.0
2026-09-29,del_149_wh_hl_01,1,1.0,0.0,1.0
2026-09-29,del_14_wh_hl_01,30,30.0,0.0,30.0
2026-09-29,del_151_wh_hl_01,1,1.0,0.0,1.0
2026-09-29,del_153_wh_hl_01,1,1.0,0.0,1.0
2026-09-29,del_154_wh_hl_01,1,1.0,0.0,1.0
2026-09-29,del_156_wh_hl_01,3,3.0,0.0,3.0
2026-09-29,del_158_wh_hl_01,8,8.0,0.0,8.0
2026-09-29,del_159_wh_hl_01,1,1.0,0.0,1.0
2026-09-29,del_160_wh_hl_01,26,26.0,0.0,26.0
2026-09-29,del_162_wh_hl_01,1,1.0,0.0,1.0
2026-09-29,del_163_wh_hl_01,5,5.0,0.0,5.0
2026-09-29,del_165_wh_hl_01,3,3.0,0.0,3.0
2026-09-29,del_166_wh_hl_01,7,7.0,0.0,7.0
2026-09-29,del_174_wh_hl_01,1,1.0,0.0,1.0
2026-09-29,del_178_wh_hl_01,9,9.0,0.0,9.0
2026-09-29,del_180_wh_hl_01,17,17.0,0.0,17.0
2026-09-29,del_181_wh_hl_01,24,24.0,0.0,24.0
2026-09-29,del_183_wh_hl_01,2,2.0,0.0,2.0
2026-09-29,del_184_wh_hl_01,2,2.0,0.0,2.0
2026-09-29,del_186_wh_hl_01,1,1.0,0.0,1.0
2026-09-29,del_188_wh_hl_01,28,28.0,0.0,28.0
2026-09-29,del_193_wh_hl_01,3,3.0,0.0,3.0
2026-09-29,del_195_wh_hl_01,18,18.0,0.0,18.0
2026-09-29,del_196_wh_hl_01,14,14.0,0.0,14.0
2026-09-29,del_197_wh_hl_01,5,5.0,0.0,5.0
2026-09-29,del_198_wh_hl_01,2,2.0,0.0,2.0
2026-09-29,del_199_wh_hl_01,5,5.0,0.0,5.0
2026-09-29,del_200_wh_hl_01,2,2.0,0.0,2.0
2026-09-29,del_202_wh_hl_01,9,9.0,0.0,9.0
2026-09-29,del_207_wh_hl_01,4,4.0,0.0,4.0
2026-09-29,del_209_wh_hl_01,5,5.0,0.0,5.0
2026-09-29,del_210_wh_hl_01,1,1.0,0.0,1.0
2026-09-29,del_213_wh_hl_01,1,1.0,0.0,1.0
2026-09-29,del_227_wh_hl_01,1,1.0,0.0,1.0
2026-09-29,del_237_wh_hl_01,3,3.0,0.0,3.0
2026-09-29,del_243_wh_hl_01,14,14.0,0.0,14.0
2026-09-29,del_261_wh_hl_01,4,4.0,0.0,4.0
2026-09-29,del_267_wh_hl_01,1,1.0,0.0,1.0
2026-09-29,del_282_wh_hl_01,1,1.0,0.0,1.0
2026-09-29,del_289_wh_hl_01,2,2.0,0.0,2.0
2026-09-29,del_310_wh_hl_02,2,2.0,0.0,2.0
2026-09-29,del_901_wh_hl_01,5,5.0,0.0,5.0
2026-09-29,del_915_wh_hl_01,4,4.0,0.0,4.0
2026-09-29,del_957_wh_hl_01,3,3.0,0.0,3.0
2026-09-29,del_967_wh_hl_01,4,4.0,0.0,4.0
2026-09-29,dnc_101_wh_hl_01,1,1.0,0.0,1.0
2026-09-29,dnc_102_wh_hl_01,16,16.0,0.0,16.0
2026-09-29,dnc_106_wh_hl_01,5,5.0,0.0,5.0
2026-09-29,dnc_107_wh_hl_01,7,7.0,0.0,7.0
2026-09-29,dnc_110_wh_hl_01,7,7.0,0.0,7.0
2026-09-29,dnc_114_wh_hl_01,7,7.0,0.0,7.0
2026-09-29,dnc_117_wh_hl_01,39,39.0,0.0,39.0
2026-09-29,far_101_wh_hl_01,9,9.0,0.0,9.0
2026-09-29,far_102_wh_hl_02,1,1.0,0.0,1.0
2026-09-29,far_104_wh_hl_01,13,13.0,0.0,13.0
2026-09-29,far_105_wh_hl_01,1,1.0,0.0,1.0
2026-09-29,far_106_wh_hl_01,2,2.0,0.0,2.0
2026-09-29,far_107_wh_hl_01,18,18.0,0.0,18.0
2026-09-29,far_108_wh_hl_01,9,9.0,0.0,9.0
2026-09-29,far_110_wh_hl_01,4,4.0,0.0,4.0
2026-09-29,ggn_105_wh_hl_01,5,5.0,0.0,5.0
2026-09-29,ghz_102_wh_hl_01,1,1.0,0.0,1.0
2026-09-29,ghz_103_wh_hl_01,5,5.0,0.0,5.0
2026-09-29,ghz_104_wh_hl_01,3,3.0,0.0,3.0
2026-09-29,ghz_106_wh_hl_01,5,5.0,0.0,5.0
2026-09-29,ghz_108_wh_hl_01,1,1.0,0.0,1.0
2026-09-29,ghz_110_wh_hl_01,3,3.0,0.0,3.0
2026-09-29,ghz_111_wh_hl_01,11,11.0,0.0,11.0
2026-09-29,ghz_112_wh_hl_01,8,8.0,0.0,8.0
2026-09-29,ghz_113_wh_hl_01,1,1.0,0.0,1.0
2026-09-29,ghz_114_wh_hl_01,12,12.0,0.0,12.0
2026-09-29,ghz_115_wh_hl_01,4,4.0,0.0,4.0
2026-09-29,ghz_117_wh_hl_01,3,3.0,0.0,3.0
2026-09-29,ghz_118_wh_hl_01,2,2.0,0.0,2.0
2026-09-29,ghz_119_wh_hl_01,34,34.0,0.0,34.0
2026-09-29,ghz_121_wh_hl_01,41,41.0,0.0,41.0
2026-09-29,gur_101_wh_hl_01,2,2.0,0.0,2.0
2026-09-29,gur_102_wh_hl_01,5,5.0,0.0,5.0
2026-09-29,gur_103_wh_hl_01,6,6.0,0.0,6.0
2026-09-29,gur_104_wh_hl_01,10,10.0,0.0,10.0
2026-09-29,gur_108_wh_hl_01,6,6.0,0.0,6.0
2026-09-29,gur_109_wh_hl_01,13,13.0,0.0,13.0
2026-09-29,gur_110_wh_hl_01,8,8.0,0.0,8.0
2026-09-29,gur_112_wh_hl_01,3,3.0,0.0,3.0
2026-09-29,gur_113_wh_hl_01,5,5.0,0.0,5.0
2026-09-29,gur_114_wh_hl_01,1,1.0,0.0,1.0
2026-09-29,gur_115_wh_hl_01,6,6.0,0.0,6.0
2026-09-29,gur_117_wh_hl_01,12,12.0,0.0,12.0
2026-09-29,gur_118_wh_hl_01,3,3.0,0.0,3.0
2026-09-29,gur_121_wh_hl_01,9,9.0,0.0,9.0
2026-09-29,gur_122_wh_hl_01,17,17.0,0.0,17.0
2026-09-29,gur_124_wh_hl_01,4,4.0,0.0,4.0
2026-09-29,gur_127_wh_hl_01,7,7.0,0.0,7.0
2026-09-29,gur_129_wh_hl_01,14,14.0,0.0,14.0
2026-09-29,gur_130_wh_hl_01,14,14.0,0.0,14.0
2026-09-29,gur_131_wh_hl_01,1,1.0,0.0,1.0
2026-09-29,gur_135_wh_hl_01,1,1.0,0.0,1.0
2026-09-29,guw_104_wh_hl_01,6,6.0,0.0,6.0
2026-09-29,guw_105_wh_hl_01,1,1.0,0.0,1.0
2026-09-29,guw_106_wh_hl_01,1,1.0,0.0,1.0
2026-09-29,guw_107_wh_hl_01,6,6.0,0.0,6.0
2026-09-29,guw_108_wh_hl_01,3,3.0,0.0,3.0
2026-09-29,guw_110_wh_hl_01,8,8.0,0.0,8.0
2026-09-29,guw_117_wh_hl_01,1,1.0,0.0,1.0
2026-09-29,guw_119_wh_hl_01,2,2.0,0.0,2.0
2026-09-29,guw_121_wh_hl_01,15,15.0,0.0,15.0
2026-09-29,guw_122_wh_hl_01,4,4.0,0.0,4.0
2026-09-29,guw_124_wh_hl_01,1,1.0,0.0,1.0
2026-09-29,guw_127_wh_hl_01,1,1.0,0.0,1.0
2026-09-29,guw_128_wh_hl_01,6,6.0,0.0,6.0
2026-09-29,hub_101_wh_hl_01,1,1.0,0.0,1.0
2026-09-29,hub_102_wh_hl_01,2,2.0,0.0,2.0
2026-09-29,hyd_102_wh_hl_01,7,7.0,0.0,7.0
2026-09-29,hyd_103_wh_hl_01,12,12.0,0.0,12.0
2026-09-29,hyd_104_wh_hl_01,6,6.0,0.0,6.0
2026-09-29,hyd_105_wh_hl_01,11,11.0,0.0,11.0
2026-09-29,hyd_106_wh_hl_01,10,10.0,0.0,10.0
2026-09-29,hyd_108_wh_hl_01,5,5.0,0.0,5.0
2026-09-29,hyd_109_wh_hl_01,2,2.0,0.0,2.0
2026-09-29,hyd_110_wh_hl_01,1,1.0,0.0,1.0
2026-09-29,hyd_111_wh_hl_01,8,8.0,0.0,8.0
2026-09-29,hyd_112_wh_hl_01,1,1.0,0.0,1.0
2026-09-29,hyd_115_wh_hl_01,7,7.0,0.0,7.0
2026-09-29,hyd_116_wh_hl_01,3,3.0,0.0,3.0
2026-09-29,hyd_117_wh_hl_01,2,2.0,0.0,2.0
2026-09-29,hyd_118_wh_hl_01,4,4.0,0.0,4.0
2026-09-29,hyd_119_wh_hl_01,12,12.0,0.0,12.0
2026-09-29,hyd_120_wh_hl_01,29,29.0,0.0,29.0
2026-09-29,hyd_122_wh_hl_01,10,10.0,0.0,10.0
2026-09-29,hyd_124_wh_hl_01,3,3.0,0.0,3.0
2026-09-29,hyd_125_wh_hl_01,2,2.0,0.0,2.0
2026-09-29,hyd_127_wh_hl_01,3,3.0,0.0,3.0
2026-09-29,hyd_130_wh_hl_01,1,1.0,0.0,1.0
2026-09-29,hyd_131_wh_hl_01,4,4.0,0.0,4.0
2026-09-29,hyd_133_wh_hl_01,3,3.0,0.0,3.0
2026-09-29,hyd_135_wh_hl_01,18,18.0,0.0,18.0
2026-09-29,hyd_136_wh_hl_01,2,2.0,0.0,2.0
2026-09-29,hyd_137_wh_hl_01,4,4.0,0.0,4.0
2026-09-29,hyd_138_wh_hl_01,25,25.0,0.0,25.0
2026-09-29,hyd_139_wh_hl_01,28,28.0,0.0,28.0
2026-09-29,hyd_140_wh_hl_01,17,17.0,0.0,17.0
2026-09-29,hyd_141_wh_hl_01,1,1.0,0.0,1.0
2026-09-29,hyd_142_wh_hl_01,4,4.0,0.0,4.0
2026-09-29,hyd_146_wh_hl_01,2,2.0,0.0,2.0
2026-09-29,hyd_147_wh_hl_01,4,4.0,0.0,4.0
2026-09-29,hyd_149_wh_hl_01,4,4.0,0.0,4.0
2026-09-29,hyd_150_wh_hl_01,10,10.0,0.0,10.0
2026-09-29,hyd_151_wh_hl_01,7,7.0,0.0,7.0
2026-09-29,hyd_152_wh_hl_01,3,3.0,0.0,3.0
2026-09-29,hyd_153_wh_hl_01,8,8.0,0.0,8.0
2026-09-29,hyd_154_wh_hl_01,6,6.0,0.0,6.0
2026-09-29,hyd_157_wh_hl_01,7,7.0,0.0,7.0
2026-09-29,hyd_158_wh_hl_01,4,4.0,0.0,4.0
2026-09-29,hyd_159_wh_hl_01,9,9.0,0.0,9.0
2026-09-29,hyd_160_wh_hl_02,4,4.0,0.0,4.0
2026-09-29,hyd_161_wh_hl_01,9,9.0,0.0,9.0
2026-09-29,hyd_164_wh_hl_01,3,3.0,0.0,3.0
2026-09-29,hyd_165_wh_hl_01,2,2.0,0.0,2.0
2026-09-29,hyd_167_wh_hl_01,10,10.0,0.0,10.0
2026-09-29,hyd_170_wh_hl_01,2,2.0,0.0,2.0
2026-09-29,hyd_172_wh_hl_01,11,11.0,0.0,11.0
2026-09-29,hyd_174_wh_hl_01,3,3.0,0.0,3.0
2026-09-29,hyd_178_wh_hl_01,4,4.0,0.0,4.0
2026-09-29,hyd_179_wh_hl_01,1,1.0,0.0,1.0
2026-09-29,hyd_180_wh_hl_01,10,10.0,0.0,10.0
2026-09-29,hyd_181_wh_hl_01,2,2.0,0.0,2.0
2026-09-29,hyd_185_wh_hl_01,4,4.0,0.0,4.0
2026-09-29,hyd_186_wh_hl_01,5,5.0,0.0,5.0
2026-09-29,hyd_187_wh_hl_01,3,3.0,0.0,3.0
2026-09-29,hyd_189_wh_hl_01,21,21.0,0.0,21.0
2026-09-29,hyd_190_wh_hl_01,6,6.0,0.0,6.0
2026-09-29,hyd_191_wh_hl_01,1,1.0,0.0,1.0
2026-09-29,hyd_192_wh_hl_01,2,2.0,0.0,2.0
2026-09-29,hyd_202_wh_hl_01,2,2.0,0.0,2.0
2026-09-29,jab_103_wh_hl_01,1,1.0,0.0,1.0
2026-09-29,jai_102_wh_hl_01,6,6.0,0.0,6.0
2026-09-29,jai_103_wh_hl_01,1,1.0,0.0,1.0
2026-09-29,jai_104_wh_hl_01,2,2.0,0.0,2.0
2026-09-29,jai_106_wh_hl_01,5,5.0,0.0,5.0
2026-09-29,jai_110_wh_hl_01,2,2.0,0.0,2.0
2026-09-29,jai_111_wh_hl_01,2,2.0,0.0,2.0
2026-09-29,jai_112_wh_hl_01,3,3.0,0.0,3.0
2026-09-29,jai_113_wh_hl_01,5,5.0,0.0,5.0
2026-09-29,jai_115_wh_hl_01,2,2.0,0.0,2.0
2026-09-29,jai_117_wh_hl_01,6,6.0,0.0,6.0
2026-09-29,jai_118_wh_hl_01,4,4.0,0.0,4.0
2026-09-29,jai_127_wh_hl_01,11,11.0,0.0,11.0
2026-09-29,jai_128_wh_hl_01,1,1.0,0.0,1.0
2026-09-29,jal_101_wh_hl_01,2,2.0,0.0,2.0
2026-09-29,jal_102_wh_hl_01,16,16.0,0.0,16.0
2026-09-29,jal_103_wh_hl_01,8,8.0,0.0,8.0
2026-09-29,jal_104_wh_hl_01,3,3.0,0.0,3.0
2026-09-29,kol_101_wh_hl_01,6,6.0,0.0,6.0
2026-09-29,kol_103_wh_hl_01,89,89.0,0.0,89.0
2026-09-29,kol_104_wh_hl_01,1,1.0,0.0,1.0
2026-09-29,kol_105_wh_hl_01,70,70.0,0.0,70.0
2026-09-29,kol_106_wh_hl_01,2,2.0,0.0,2.0
2026-09-29,kol_107_wh_hl_01,2,2.0,0.0,2.0
2026-09-29,kol_109_wh_hl_01,25,25.0,0.0,25.0
2026-09-29,kol_110_wh_hl_01,1,1.0,0.0,1.0
2026-09-29,kol_111_wh_hl_01,8,8.0,0.0,8.0
2026-09-29,kol_112_wh_hl_01,2,2.0,0.0,2.0
2026-09-29,kol_114_wh_hl_01,3,3.0,0.0,3.0
2026-09-29,kol_116_wh_hl_01,5,5.0,0.0,5.0
2026-09-29,kol_117_wh_hl_01,2,2.0,0.0,2.0
2026-09-29,kol_118_wh_hl_01,1,1.0,0.0,1.0
2026-09-29,kol_120_wh_hl_01,1,1.0,0.0,1.0
2026-09-29,kol_121_wh_hl_01,1,1.0,0.0,1.0
2026-09-29,kol_122_wh_hl_01,2,2.0,0.0,2.0
2026-09-29,kol_126_wh_hl_01,7,7.0,0.0,7.0
2026-09-29,kol_128_wh_hl_01,4,4.0,0.0,4.0
2026-09-29,kol_129_wh_hl_01,6,6.0,0.0,6.0
2026-09-29,kol_130_wh_hl_01,2,2.0,0.0,2.0
2026-09-29,kol_133_wh_hl_01,5,5.0,0.0,5.0
2026-09-29,kol_134_wh_hl_02,2,2.0,0.0,2.0
2026-09-29,kol_135_wh_hl_01,3,3.0,0.0,3.0
2026-09-29,kol_136_wh_hl_01,10,10.0,0.0,10.0
2026-09-29,kol_139_wh_hl_01,7,7.0,0.0,7.0
2026-09-29,kol_142_wh_hl_01,3,3.0,0.0,3.0
2026-09-29,kol_143_wh_hl_01,1,1.0,0.0,1.0
2026-09-29,kol_145_wh_hl_01,3,3.0,0.0,3.0
2026-09-29,kol_149_wh_hl_01,2,2.0,0.0,2.0
2026-09-29,kol_150_wh_hl_01,2,2.0,0.0,2.0
2026-09-29,kol_155_wh_hl_01,1,1.0,0.0,1.0
2026-09-29,kol_158_wh_hl_01,5,5.0,0.0,5.0
2026-09-29,kol_160_wh_hl_01,2,2.0,0.0,2.0
2026-09-29,kol_163_wh_hl_01,4,4.0,0.0,4.0
2026-09-29,kol_164_wh_hl_01,1,1.0,0.0,1.0
2026-09-29,kol_165_wh_hl_01,3,3.0,0.0,3.0
2026-09-29,kol_166_wh_hl_01,1,1.0,0.0,1.0
2026-09-29,kol_171_wh_hl_01,13,13.0,0.0,13.0
2026-09-29,kol_172_wh_hl_01,4,4.0,0.0,4.0
2026-09-29,kol_175_wh_hl_01,6,6.0,0.0,6.0
2026-09-29,kol_176_wh_hl_01,6,6.0,0.0,6.0
2026-09-29,kol_177_wh_hl_01,2,2.0,0.0,2.0
2026-09-29,kol_184_wh_hl_01,6,6.0,0.0,6.0
2026-09-29,kol_195_wh_hl_01,21,21.0,0.0,21.0
2026-09-29,kol_197_wh_hl_01,1,1.0,0.0,1.0
2026-09-29,kol_198_wh_hl_01,2,2.0,0.0,2.0
2026-09-29,kol_200_wh_hl_01,2,2.0,0.0,2.0
2026-09-29,kol_204_wh_hl_01,1,1.0,0.0,1.0
2026-09-29,kol_206_wh_hl_01,1,1.0,0.0,1.0
2026-09-29,kol_207_wh_hl_01,7,7.0,0.0,7.0
2026-09-29,kol_209_wh_hl_01,4,4.0,0.0,4.0
2026-09-29,kol_213_wh_hl_01,4,4.0,0.0,4.0
2026-09-29,kol_218_wh_hl_01,1,1.0,0.0,1.0
2026-09-29,kol_902_wh_hl_01,2,2.0,0.0,2.0
2026-09-29,koz_101_wh_hl_01,13,13.0,0.0,13.0
2026-09-29,koz_103_wh_hl_01,18,18.0,0.0,18.0
2026-09-29,koz_104_wh_hl_01,5,5.0,0.0,5.0
2026-09-29,koz_105_wh_hl_01,14,14.0,0.0,14.0
2026-09-29,luc_101_wh_hl_01,2,2.0,0.0,2.0
2026-09-29,luc_110_wh_hl_01,6,6.0,0.0,6.0
2026-09-29,luc_111_wh_hl_01,5,5.0,0.0,5.0
2026-09-29,luc_112_wh_hl_01,1,1.0,0.0,1.0
2026-09-29,luc_115_wh_hl_01,4,4.0,0.0,4.0
2026-09-29,luc_117_wh_hl_01,15,15.0,0.0,15.0
2026-09-29,luc_118_wh_hl_01,12,12.0,0.0,12.0
2026-09-29,luc_119_wh_hl_01,1,1.0,0.0,1.0
2026-09-29,luc_120_wh_hl_01,1,1.0,0.0,1.0
2026-09-29,luc_121_wh_hl_01,3,3.0,0.0,3.0
2026-09-29,luc_122_wh_hl_01,6,6.0,0.0,6.0
2026-09-29,luc_125_wh_hl_01,2,2.0,0.0,2.0
2026-09-29,luc_129_wh_hl_01,4,4.0,0.0,4.0
2026-09-29,luc_130_wh_hl_01,1,1.0,0.0,1.0
2026-09-29,luc_133_wh_hl_01,8,8.0,0.0,8.0
2026-09-29,luc_134_wh_hl_01,9,9.0,0.0,9.0
2026-09-29,luc_909_wh_hl_01,2,2.0,0.0,2.0
2026-09-29,lud_101_wh_hl_01,9,9.0,0.0,9.0
2026-09-29,lud_102_wh_hl_01,16,16.0,0.0,16.0
2026-09-29,lud_103_wh_hl_01,9,9.0,0.0,9.0
2026-09-29,lud_104_wh_hl_01,10,10.0,0.0,10.0
2026-09-29,mum_012_wh_hl_01,1,1.0,0.0,1.0
2026-09-29,mum_021_wh_hl_01,3,3.0,0.0,3.0
2026-09-29,mum_025_wh_hl_01,15,15.0,0.0,15.0
2026-09-29,mum_033_wh_hl_01,7,7.0,0.0,7.0
2026-09-29,mum_043_wh_hl_01,14,14.0,0.0,14.0
2026-09-29,mum_061_wh_hl_01,8,8.0,0.0,8.0
2026-09-29,mum_062_wh_hl_01,2,2.0,0.0,2.0
2026-09-29,mum_063_wh_hl_01,2,2.0,0.0,2.0
2026-09-29,mum_066_wh_hl_01,3,3.0,0.0,3.0
2026-09-29,mum_067_wh_hl_01,10,10.0,0.0,10.0
2026-09-29,mum_072_wh_hl_01,1,1.0,0.0,1.0
2026-09-29,mum_075_wh_hl_01,3,3.0,0.0,3.0
2026-09-29,mum_079_wh_hl_01,2,2.0,0.0,2.0
2026-09-29,mum_080_wh_hl_01,4,4.0,0.0,4.0
2026-09-29,mum_102_wh_hl_01,10,10.0,0.0,10.0
2026-09-29,mum_103_wh_hl_01,7,7.0,0.0,7.0
2026-09-29,mum_104_wh_hl_01,1,1.0,0.0,1.0
2026-09-29,mum_105_wh_hl_01,1,1.0,0.0,1.0
2026-09-29,mum_109_wh_hl_01,14,14.0,0.0,14.0
2026-09-29,mum_110_wh_hl_01,19,19.0,0.0,19.0
2026-09-29,mum_112_wh_hl_01,2,2.0,0.0,2.0
2026-09-29,mum_113_wh_hl_01,15,15.0,0.0,15.0
2026-09-29,mum_115_wh_hl_01,3,3.0,0.0,3.0
2026-09-29,mum_118_wh_hl_01,9,9.0,0.0,9.0
2026-09-29,mum_126_wh_hl_01,2,2.0,0.0,2.0
2026-09-29,mum_127_wh_hl_01,8,8.0,0.0,8.0
2026-09-29,mum_129_wh_hl_01,3,3.0,0.0,3.0
2026-09-29,mum_132_wh_hl_01,1,1.0,0.0,1.0
2026-09-29,mum_134_wh_hl_01,2,2.0,0.0,2.0
2026-09-29,mum_137_wh_hl_01,3,3.0,0.0,3.0
2026-09-29,mum_140_wh_hl_01,5,5.0,0.0,5.0
2026-09-29,mum_144_wh_hl_01,7,7.0,0.0,7.0
2026-09-29,mum_150_wh_hl_01,1,1.0,0.0,1.0
2026-09-29,mum_151_wh_hl_01,8,8.0,0.0,8.0
2026-09-29,mum_152_wh_hl_01,6,6.0,0.0,6.0
2026-09-29,mum_159_wh_hl_01,10,10.0,0.0,10.0
2026-09-29,mum_160_wh_hl_01,7,7.0,0.0,7.0
2026-09-29,mum_165_wh_hl_01,2,2.0,0.0,2.0
2026-09-29,mum_171_wh_hl_01,3,3.0,0.0,3.0
2026-09-29,mum_176_wh_hl_01,1,1.0,0.0,1.0
2026-09-29,mum_182_wh_hl_01,4,4.0,0.0,4.0
2026-09-29,mum_187_wh_hl_01,3,3.0,0.0,3.0
2026-09-29,mum_189_wh_hl_01,2,2.0,0.0,2.0
2026-09-29,mum_921_wh_hl_01,26,26.0,0.0,26.0
2026-09-29,nag_108_wh_hl_01,1,1.0,0.0,1.0
2026-09-29,noi_102_wh_hl_01,40,40.0,0.0,40.0
2026-09-29,noi_106_wh_hl_01,24,24.0,0.0,24.0
2026-09-29,noi_107_wh_hl_01,1,1.0,0.0,1.0
2026-09-29,noi_108_wh_hl_01,3,3.0,0.0,3.0
2026-09-29,noi_112_wh_hl_01,2,2.0,0.0,2.0
2026-09-29,noi_114_wh_hl_01,6,6.0,0.0,6.0
2026-09-29,noi_115_wh_hl_01,1,1.0,0.0,1.0
2026-09-29,noi_121_wh_hl_01,2,2.0,0.0,2.0
2026-09-29,noi_123_wh_hl_01,3,3.0,0.0,3.0
2026-09-29,noi_125_wh_hl_01,4,4.0,0.0,4.0
2026-09-29,noi_126_wh_hl_01,4,4.0,0.0,4.0
2026-09-29,noi_129_wh_hl_01,16,16.0,0.0,16.0
2026-09-29,noi_132_wh_hl_01,11,11.0,0.0,11.0
2026-09-29,noi_139_wh_hl_01,7,7.0,0.0,7.0
2026-09-29,noi_143_wh_hl_01,8,8.0,0.0,8.0
2026-09-29,pat_101_wh_hl_01,8,8.0,0.0,8.0
2026-09-29,pat_102_wh_hl_01,12,12.0,0.0,12.0
2026-09-29,pat_106_wh_hl_01,6,6.0,0.0,6.0
2026-09-29,pat_108_wh_hl_01,1,1.0,0.0,1.0
2026-09-29,pat_111_wh_hl_01,2,2.0,0.0,2.0
2026-09-29,pat_112_wh_hl_01,4,4.0,0.0,4.0
2026-09-29,pat_113_wh_hl_01,2,2.0,0.0,2.0
2026-09-29,pat_114_wh_hl_01,2,2.0,0.0,2.0
2026-09-29,pat_115_wh_hl_01,11,11.0,0.0,11.0
2026-09-29,pat_118_wh_hl_01,3,3.0,0.0,3.0
2026-09-29,pat_119_wh_hl_01,3,3.0,0.0,3.0
2026-09-29,pat_120_wh_hl_01,5,5.0,0.0,5.0
2026-09-29,pat_121_wh_hl_01,7,7.0,0.0,7.0
2026-09-29,pat_123_wh_hl_01,2,2.0,0.0,2.0
2026-09-29,pun_101_wh_hl_01,6,6.0,0.0,6.0
2026-09-29,pun_102_wh_hl_01,2,2.0,0.0,2.0
2026-09-29,pun_103_wh_hl_01,2,2.0,0.0,2.0
2026-09-29,pun_104_wh_hl_01,2,2.0,0.0,2.0
2026-09-29,pun_105_wh_hl_01,5,5.0,0.0,5.0
2026-09-29,pun_106_wh_hl_01,1,1.0,0.0,1.0
2026-09-29,pun_107_wh_hl_01,4,4.0,0.0,4.0
2026-09-29,pun_108_wh_hl_01,28,28.0,0.0,28.0
2026-09-29,pun_109_wh_hl_01,10,10.0,0.0,10.0
2026-09-29,pun_110_wh_hl_01,2,2.0,0.0,2.0
2026-09-29,pun_112_wh_hl_01,1,1.0,0.0,1.0
2026-09-29,pun_115_wh_hl_01,20,20.0,0.0,20.0
2026-09-29,pun_117_wh_hl_01,40,40.0,0.0,40.0
2026-09-29,pun_119_wh_hl_01,7,7.0,0.0,7.0
2026-09-29,pun_121_wh_hl_01,13,13.0,0.0,13.0
2026-09-29,pun_122_wh_hl_01,13,13.0,0.0,13.0
2026-09-29,pun_124_wh_hl_01,19,19.0,0.0,19.0
2026-09-29,pun_126_wh_hl_01,32,32.0,0.0,32.0
2026-09-29,pun_128_wh_hl_01,3,3.0,0.0,3.0
2026-09-29,pun_130_wh_hl_01,3,3.0,0.0,3.0
2026-09-29,pun_132_wh_hl_01,2,2.0,0.0,2.0
2026-09-29,pun_135_wh_hl_01,12,12.0,0.0,12.0
2026-09-29,pun_136_wh_hl_01,2,2.0,0.0,2.0
2026-09-29,pun_138_wh_hl_01,41,41.0,0.0,41.0
2026-09-29,pun_139_wh_hl_01,4,4.0,0.0,4.0
2026-09-29,pun_144_wh_hl_01,4,4.0,0.0,4.0
2026-09-29,pun_145_wh_hl_01,37,37.0,0.0,37.0
2026-09-29,pun_146_wh_hl_01,2,2.0,0.0,2.0
2026-09-29,pun_148_wh_hl_01,1,1.0,0.0,1.0
2026-09-29,pun_149_wh_hl_01,4,4.0,0.0,4.0
2026-09-29,pun_150_wh_hl_01,1,1.0,0.0,1.0
2026-09-29,pun_153_wh_hl_01,5,5.0,0.0,5.0
2026-09-29,pun_154_wh_hl_01,21,21.0,0.0,21.0
2026-09-29,pun_156_wh_hl_01,1,1.0,0.0,1.0
2026-09-29,pun_159_wh_hl_01,1,1.0,0.0,1.0
2026-09-29,pun_161_wh_hl_01,1,1.0,0.0,1.0
2026-09-29,pun_918_wh_hl_01,3,3.0,0.0,3.0
2026-09-29,ras_102_wh_hl_01,1,1.0,0.0,1.0
2026-09-29,ras_107_wh_hl_01,3,3.0,0.0,3.0
2026-09-29,rbi_102_wh_hl_01,1,1.0,0.0,1.0
2026-09-29,rbi_105_wh_hl_01,3,3.0,0.0,3.0
2026-09-29,rbi_106_wh_hl_01,1,1.0,0.0,1.0
2026-09-29,rbi_107_wh_hl_01,3,3.0,0.0,3.0
2026-09-29,rbi_110_wh_hl_01,1,1.0,0.0,1.0
2026-09-29,rbi_113_wh_hl_01,1,1.0,0.0,1.0
2026-09-29,rbi_114_wh_hl_01,1,1.0,0.0,1.0
2026-09-29,rbi_115_wh_hl_01,3,3.0,0.0,3.0
2026-09-29,rbi_122_wh_hl_01,2,2.0,0.0,2.0
2026-09-29,rbi_126_wh_hl_01,1,1.0,0.0,1.0
2026-09-29,rbi_134_wh_hl_01,12,12.0,0.0,12.0
2026-09-29,rbi_135_wh_hl_01,1,1.0,0.0,1.0
2026-09-29,rjh_101_wh_hl_01,1,1.0,0.0,1.0
2026-09-29,rjh_102_wh_hl_01,1,1.0,0.0,1.0
2026-09-29,rjh_106_wh_hl_01,13,13.0,0.0,13.0
2026-09-29,rjh_107_wh_hl_02,1,1.0,0.0,1.0
2026-09-29,rka_111_wh_hl_01,1,1.0,0.0,1.0
2026-09-29,rka_113_wh_hl_01,1,1.0,0.0,1.0
2026-09-29,rka_114_wh_hl_01,3,3.0,0.0,3.0
2026-09-29,rka_118_wh_hl_01,2,2.0,0.0,2.0
2026-09-29,rka_119_wh_hl_01,7,7.0,0.0,7.0
2026-09-29,rka_121_wh_hl_01,1,1.0,0.0,1.0
2026-09-29,rka_122_wh_hl_01,12,12.0,0.0,12.0
2026-09-29,rka_125_wh_hl_01,11,11.0,0.0,11.0
2026-09-29,rka_126_wh_hl_01,2,2.0,0.0,2.0
2026-09-29,rka_127_wh_hl_01,1,1.0,0.0,1.0
2026-09-29,rka_901_wh_hl_01,4,4.0,0.0,4.0
2026-09-29,rok_102_wh_hl_01,53,53.0,0.0,53.0
2026-09-29,rok_107_wh_hl_01,5,5.0,0.0,5.0
2026-09-29,rok_108_wh_hl_01,13,13.0,0.0,13.0
2026-09-29,rok_109_wh_hl_01,8,8.0,0.0,8.0
2026-09-29,roo_101_wh_hl_01,9,9.0,0.0,9.0
2026-09-29,roo_104_wh_hl_01,2,2.0,0.0,2.0
2026-09-29,roo_107_wh_hl_01,9,9.0,0.0,9.0
2026-09-29,roo_113_wh_hl_01,3,3.0,0.0,3.0
2026-09-29,rpu_101_wh_hl_01,7,7.0,0.0,7.0
2026-09-29,rpu_102_wh_hl_01,7,7.0,0.0,7.0
2026-09-29,rpu_103_wh_hl_01,6,6.0,0.0,6.0
2026-09-29,rpu_104_wh_hl_01,8,8.0,0.0,8.0
2026-09-29,rpu_105_wh_hl_01,6,6.0,0.0,6.0
2026-09-29,rpu_107_wh_hl_01,10,10.0,0.0,10.0
2026-09-29,rpu_113_wh_hl_01,12,12.0,0.0,12.0
2026-09-29,rpu_115_wh_hl_01,1,1.0,0.0,1.0
2026-09-29,rpu_117_wh_hl_01,9,9.0,0.0,9.0
2026-09-29,rpu_120_wh_hl_01,14,14.0,0.0,14.0
2026-09-29,rpu_122_wh_hl_01,14,14.0,0.0,14.0
2026-09-29,rta_101_wh_hl_01,23,23.0,0.0,23.0
2026-09-29,rta_102_wh_hl_01,45,45.0,0.0,45.0
2026-09-29,rta_103_wh_hl_01,20,20.0,0.0,20.0
2026-09-29,rta_104_wh_hl_01,20,20.0,0.0,20.0
2026-09-29,rta_105_wh_hl_01,22,22.0,0.0,22.0
2026-09-29,rta_106_wh_hl_01,3,3.0,0.0,3.0
2026-09-29,rta_107_wh_hl_01,1,1.0,0.0,1.0
2026-09-29,rta_110_wh_hl_01,12,12.0,0.0,12.0
2026-09-29,rta_111_wh_hl_01,8,8.0,0.0,8.0
2026-09-29,rta_113_wh_hl_01,1,1.0,0.0,1.0
2026-09-29,rte_101_wh_hl_01,14,14.0,0.0,14.0
2026-09-29,rte_102_wh_hl_01,6,6.0,0.0,6.0
2026-09-29,rte_103_wh_hl_01,1,1.0,0.0,1.0
2026-09-29,rup_101_wh_hl_01,3,3.0,0.0,3.0
2026-09-29,rup_102_wh_hl_01,34,34.0,0.0,34.0
2026-09-29,rup_103_wh_hl_01,1,1.0,0.0,1.0
2026-09-29,rup_104_wh_hl_01,4,4.0,0.0,4.0
2026-09-29,rup_105_wh_hl_01,8,8.0,0.0,8.0
2026-09-29,rup_107_wh_hl_01,1,1.0,0.0,1.0
2026-09-29,rup_111_wh_hl_01,6,6.0,0.0,6.0
2026-09-29,rup_112_wh_hl_01,2,2.0,0.0,2.0
2026-09-29,rup_116_wh_hl_01,3,3.0,0.0,3.0
2026-09-29,rup_117_wh_hl_01,1,1.0,0.0,1.0
2026-09-29,rup_118_wh_hl_01,10,10.0,0.0,10.0
2026-09-29,rup_124_wh_hl_01,1,1.0,0.0,1.0
2026-09-29,rup_126_wh_hl_01,15,15.0,0.0,15.0
2026-09-29,rup_127_wh_hl_01,3,3.0,0.0,3.0
2026-09-29,rup_128_wh_hl_01,5,5.0,0.0,5.0
2026-09-29,rup_129_wh_hl_01,7,7.0,0.0,7.0
2026-09-29,rup_131_wh_hl_01,4,4.0,0.0,4.0
2026-09-29,rup_132_wh_hl_01,2,2.0,0.0,2.0
2026-09-29,rup_133_wh_hl_01,7,7.0,0.0,7.0
2026-09-29,rup_137_wh_hl_01,3,3.0,0.0,3.0
2026-09-29,rup_142_wh_hl_01,12,12.0,0.0,12.0
2026-09-29,rwb_102_wh_hl_01,5,5.0,0.0,5.0
2026-09-29,rwb_104_wh_hl_01,2,2.0,0.0,2.0
2026-09-29,rwb_106_wh_hl_01,6,6.0,0.0,6.0
2026-09-29,rwb_107_wh_hl_01,2,2.0,0.0,2.0
2026-09-29,rwb_111_wh_hl_01,6,6.0,0.0,6.0
2026-09-29,shm_101_wh_hl_01,3,3.0,0.0,3.0
2026-09-29,tri_102_wh_hl_01,1,1.0,0.0,1.0
2026-09-29,tri_105_wh_hl_01,2,2.0,0.0,2.0
2026-09-29,vad_101_wh_hl_01,30,30.0,0.0,30.0
2026-09-29,vad_102_wh_hl_01,8,8.0,0.0,8.0
2026-09-29,vad_104_wh_hl_01,39,39.0,0.0,39.0
2026-09-29,vad_106_wh_hl_01,1,1.0,0.0,1.0
2026-09-29,var_106_wh_hl_01,5,5.0,0.0,5.0
2026-09-29,var_108_wh_hl_01,3,3.0,0.0,3.0
2026-09-29,vel_101_wh_hl_01,3,3.0,0.0,3.0
2026-09-29,vel_103_wh_hl_01,4,4.0,0.0,4.0
